codgeo,libgeo,apl_med_gen
01001,L'Abergement-Clémenciat,1.9
01002,L'Abergement-de-Varey,2.4
01004,Ambérieu-en-Bugey,3.1
01005,Ambérieux-en-Dombes,3.7
01006,Ambléon,0.9
01007,Ambronay,3.4
01008,Ambutrix,3.1
01009,Andert-et-Condon,3.8
01010,Anglefort,2.0
01011,Apremont,1.6
01012,Aranc,1.1
01013,Arandas,0.4
01014,Arbent,2.3
01015,Arboys en Bugey,2.7
01016,Arbigny,1.9
01017,Argis,1.2
01019,Armix,0.0
01021,Ars-sur-Formans,1.6
01022,Artemare,3.2
01023,Asnières-sur-Saône,1.2
01024,Attignat,3.4
01025,Bâgé-Dommartin,2.8
01026,Bâgé-le-Châtel,3.5
01027,Balan,3.3
01028,Baneins,1.9
01029,Beaupont,2.7
01030,Beauregard,3.5
01031,Bellignat,3.0
01032,Béligneux,1.7
01033,Valserhône,1.9
01034,Belley,3.7
01035,Belleydoux,3.3
01036,Valromey-sur-Séran,2.9
01037,Bénonces,0.8
01038,Bény,2.5
01040,Béréziat,2.2
01041,Bettant,3.2
01042,Bey,2.5
01043,Beynost,3.0
01044,Billiat,1.0
01045,Birieux,3.3
01046,Biziat,1.8
01047,Blyes,3.3
01049,La Boisse,3.2
01050,Boissey,1.5
01051,Bolozon,0.5
01052,Bouligneux,3.0
01053,Bourg-en-Bresse,3.2
01054,Bourg-Saint-Christophe,2.2
01056,Boyeux-Saint-Jérôme,0.7
01057,Boz,1.7
01058,Brégnier-Cordon,1.2
01060,Brénod,1.3
01061,Brens,3.5
01062,Bressolles,2.2
01063,Brion,3.0
01064,Briord,2.2
01065,Buellas,2.4
01066,La Burbanche,0.2
01067,Ceignes,1.7
01068,Cerdon,1.9
01069,Certines,3.5
01071,Cessy,2.6
01072,Ceyzériat,3.6
01073,Ceyzérieu,4.8
01074,Chalamont,2.7
01075,Chaleins,2.3
01076,Chaley,1.0
01077,Challes-la-Montagne,0.8
01078,Challex,1.4
01079,Champagne-en-Valromey,2.0
01080,Champdor-Corcelles,1.7
01081,Champfromier,1.1
01082,Chanay,0.6
01083,Chaneins,2.2
01084,Chanoz-Châtenay,1.7
01085,La Chapelle-du-Châtelard,2.8
01087,Charix,0.4
01088,Charnoz-sur-Ain,2.7
01089,Château-Gaillard,4.3
01090,Châtenay,1.5
01092,Châtillon-la-Palud,3.2
01093,Châtillon-sur-Chalaronne,1.5
01094,Chavannes-sur-Reyssouze,1.5
01095,Nivigne et Suran,2.4
01096,Chaveyriat,2.0
01098,Chazey-Bons,3.8
01099,Chazey-sur-Ain,3.7
01100,Cheignieu-la-Balme,2.0
01101,Chevillard,0.9
01102,Chevroux,1.9
01103,Chevry,2.3
01104,Chézery-Forens,0.6
01105,Civrieux,3.9
01106,Cize,1.9
01107,Cleyzieu,0.4
01108,Coligny,3.1
01109,Collonges,1.9
01110,Colomieu,0.8
01111,Conand,0.8
01112,Condamine,2.1
01113,Condeissiat,1.7
01114,Confort,1.8
01115,Confrançon,2.3
01116,Contrevoz,2.4
01117,Conzieu,0.8
01118,Corbonod,1.1
01121,Corlier,1.4
01123,Cormoranche-sur-Saône,3.6
01124,Cormoz,2.3
01125,Corveissiat,2.0
01127,Courmangoux,2.5
01128,Courtes,2.1
01129,Crans,1.4
01130,Bresse Vallons,2.3
01133,Cressin-Rochefort,4.1
01134,Crottet,4.1
01135,Crozet,1.5
01136,Cruzilles-lès-Mépillat,2.4
01138,Culoz-Béon,3.5
01139,Curciat-Dongalon,1.7
01140,Curtafond,2.0
01141,Cuzieu,4.6
01142,Dagneux,3.6
01143,Divonne-les-Bains,2.1
01145,Dompierre-sur-Veyle,1.6
01146,Dompierre-sur-Chalaronne,1.9
01147,Domsure,2.6
01148,Dortan,1.9
01149,Douvres,2.8
01150,Drom,2.7
01151,Druillat,2.9
01152,Échallon,0.0
01153,Échenevex,2.2
01155,Évosges,0.0
01156,Faramans,2.2
01157,Fareins,3.1
01158,Farges,1.5
01159,Feillens,3.9
01160,Ferney-Voltaire,1.6
01162,Flaxieu,4.3
01163,Foissiat,1.9
01165,Francheleins,2.5
01166,Frans,2.7
01167,Garnerans,1.8
01169,Genouilleux,2.4
01170,Béard-Géovreissiat,2.1
01171,Géovreisset,2.1
01173,Gex,2.4
01174,Giron,3.2
01175,Gorrevod,1.5
01177,Grand-Corent,1.6
01179,Grièges,3.4
01180,Grilly,2.4
01181,Groissiat,2.5
01183,Guéreins,2.1
01184,Hautecourt-Romanèche,2.7
01185,Plateau d'Hauteville,1.7
01187,Haut Valromey,0.7
01188,Illiat,2.1
01189,Injoux-Génissiat,0.7
01190,Innimond,0.1
01191,Izenave,1.3
01192,Izernore,2.0
01193,Izieu,0.5
01194,Jassans-Riottier,4.8
01195,Jasseron,3.9
01196,Jayat,2.2
01197,Journans,3.4
01198,Joyeux,2.5
01199,Jujurieux,2.6
01200,Labalme,1.2
01202,Lagnieu,2.6
01203,Laiz,2.9
01204,Le Poizat-Lalleyriat,0.4
01206,Lantenay,0.9
01207,Lapeyrouse,3.3
01208,Lavours,4.7
01209,Léaz,2.1
01210,Lélex,0.0
01211,Lent,1.7
01212,Lescheroux,1.9
01213,Leyment,4.0
01214,Leyssard,0.9
01215,Surjoux-Lhopital,0.9
01216,Lhuis,1.2
01219,Lompnas,0.2
01224,Loyettes,2.7
01225,Lurcy,1.9
01227,Magnieu,4.0
01228,Maillat,2.6
01229,Malafretaz,1.9
01230,Mantenay-Montlin,2.2
01231,Manziat,2.7
01232,Marboz,2.9
01233,Marchamp,0.2
01234,Marignieu,3.6
01235,Marlieux,2.4
01236,Marsonnas,2.2
01237,Martignat,2.4
01238,Massieux,4.1
01239,Massignieu-de-Rives,3.6
01240,Matafelon-Granges,1.2
01241,Meillonnas,2.5
01242,Mérignat,2.1
01243,Messimy-sur-Saône,2.3
01244,Meximieux,2.8
01245,Bohas-Meyriat-Rignat,3.6
01246,Mézériat,2.2
01247,Mijoux,0.0
01248,Mionnay,3.6
01249,Miribel,2.4
01250,Misérieux,2.1
01252,Mogneneins,1.9
01254,Montagnat,4.1
01255,Montagnieu,1.0
01257,Montanges,1.1
01258,Montceaux,2.4
01259,Montcet,2.1
01260,Le Montellier,3.1
01261,Monthieux,3.0
01262,Montluel,3.4
01263,Montmerle-sur-Saône,2.3
01264,Montracol,2.5
01265,Montréal-la-Cluse,2.0
01266,Montrevel-en-Bresse,2.5
01267,Nurieux-Volognat,2.7
01268,Murs-et-Gélignieux,2.0
01269,Nantua,1.4
01272,Neuville-les-Dames,2.2
01273,Neuville-sur-Ain,3.3
01274,Les Neyrolles,1.5
01275,Neyron,2.3
01276,Niévroz,3.6
01277,Nivollet-Montgriffon,1.1
01279,Oncieu,1.1
01280,Ordonnaz,0.0
01281,Ornex,2.3
01282,Outriaz,1.1
01283,Oyonnax,2.6
01284,Ozan,1.4
01285,Parcieux,4.0
01286,Parves et Nattages,1.9
01288,Péron,1.2
01289,Péronnas,3.0
01290,Pérouges,2.7
01291,Perrex,1.7
01293,Peyriat,1.8
01294,Peyrieu,2.7
01295,Peyzieux-sur-Saône,1.9
01296,Pirajoux,2.8
01297,Pizay,2.1
01298,Plagne,0.0
01299,Le Plantay,3.0
01301,Polliat,2.7
01302,Pollieu,4.3
01303,Poncin,2.6
01304,Pont-d'Ain,4.1
01305,Pont-de-Vaux,2.1
01306,Pont-de-Veyle,4.0
01307,Port,2.3
01308,Pougny,1.1
01309,Pouillat,1.6
01310,Prémeyzel,1.4
01311,Prémillieu,0.6
01313,Prévessin-Moëns,1.9
01314,Priay,3.0
01317,Ramasse,2.9
01318,Rancé,3.3
01319,Relevant,2.2
01320,Replonges,3.7
01321,Revonnas,4.0
01322,Reyrieux,2.7
01323,Reyssouze,1.9
01325,Rignieux-le-Franc,1.9
01328,Romans,2.5
01329,Rossillon,1.5
01330,Ruffieu,1.1
01331,Saint-Alban,1.4
01332,Saint-André-de-Bâgé,3.4
01333,Saint-André-de-Corcy,2.8
01334,Saint-André-d'Huiriat,2.0
01335,Saint-André-le-Bouchoux,2.4
01336,Saint-André-sur-Vieux-Jonc,2.1
01337,Saint-Bénigne,1.7
01338,Groslée-Saint-Benoit,1.1
01339,Saint-Bernard,5.0
01342,Sainte-Croix,2.1
01343,Saint-Cyr-sur-Menthon,3.2
01344,Saint-Denis-lès-Bourg,3.4
01345,Saint-Denis-en-Bugey,4.2
01346,Saint-Didier-d'Aussiat,1.8
01347,Saint-Didier-de-Formans,3.3
01348,Saint-Didier-sur-Chalaronne,2.3
01349,Saint-Éloi,2.9
01350,Saint-Étienne-du-Bois,3.2
01351,Saint-Étienne-sur-Chalaronne,1.8
01352,Saint-Étienne-sur-Reyssouze,1.3
01353,Sainte-Euphémie,3.4
01354,Saint-Genis-Pouilly,1.9
01355,Saint-Genis-sur-Menthon,3.5
01356,Saint-Georges-sur-Renon,2.0
01357,Saint-Germain-de-Joux,1.3
01358,Saint-Germain-les-Paroisses,1.8
01359,Saint-Germain-sur-Renon,2.8
01360,Saint-Jean-de-Gonville,1.5
01361,Saint-Jean-de-Niost,3.0
01362,Saint-Jean-de-Thurigneux,3.5
01363,Saint-Jean-le-Vieux,3.2
01364,Saint-Jean-sur-Reyssouze,2.2
01365,Saint-Jean-sur-Veyle,2.9
01366,Sainte-Julie,3.1
01367,Saint-Julien-sur-Reyssouze,2.5
01368,Saint-Julien-sur-Veyle,1.9
01369,Saint-Just,3.6
01370,Saint-Laurent-sur-Saône,4.5
01371,Saint-Marcel,2.7
01372,Saint-Martin-de-Bavel,3.8
01373,Saint-Martin-du-Frêne,2.5
01374,Saint-Martin-du-Mont,2.6
01375,Saint-Martin-le-Châtel,2.6
01376,Saint-Maurice-de-Beynost,4.4
01378,Saint-Maurice-de-Gourdans,2.1
01379,Saint-Maurice-de-Rémens,4.0
01380,Saint-Nizier-le-Bouchoux,1.8
01381,Saint-Nizier-le-Désert,1.8
01382,Sainte-Olive,2.9
01383,Saint-Paul-de-Varax,2.2
01384,Saint-Rambert-en-Bugey,1.4
01385,Saint-Rémy,2.1
01386,Saint-Sorlin-en-Bugey,3.5
01387,Saint-Sulpice,1.7
01388,Saint-Trivier-de-Courtes,1.9
01389,Saint-Trivier-sur-Moignans,2.6
01390,Saint-Vulbas,2.3
01391,Salavre,2.8
01392,Samognat,1.4
01393,Sandrans,2.6
01396,Sault-Brénaz,2.9
01397,Sauverny,2.7
01398,Savigneux,2.9
01399,Ségny,2.4
01400,Seillonnaz,0.3
01401,Sergy,1.5
01402,Sermoyer,2.7
01403,Serrières-de-Briord,2.0
01404,Serrières-sur-Ain,1.8
01405,Servas,1.4
01406,Servignat,1.9
01407,Seyssel,1.8
01408,Simandre-sur-Suran,2.3
01410,Sonthonnax-la-Montagne,0.7
01411,Souclin,1.6
01412,Sulignat,2.2
01415,Talissieu,4.1
01416,Tenay,1.3
01418,Thil,3.3
01419,Thoiry,1.0
01420,Thoissey,2.5
01421,Torcieu,2.6
01422,Tossiat,3.8
01423,Toussieux,2.5
01424,Tramoyes,2.9
01425,La Tranclière,2.4
01426,Val-Revermont,2.4
01427,Trévoux,3.9
01428,Valeins,2.2
01429,Vandeins,1.7
01430,Varambon,2.8
01431,Vaux-en-Bugey,3.1
01432,Verjon,2.8
01433,Vernoux,1.7
01434,Versailleux,3.5
01435,Versonnex,2.7
01436,Vesancy,2.3
01437,Vescours,2.3
01439,Vésines,2.7
01441,Vieu-d'Izenave,1.3
01443,Villars-les-Dombes,2.9
01444,Villebois,2.3
01445,Villemotier,3.0
01446,Villeneuve,3.2
01447,Villereversure,2.7
01448,Villes,1.5
01449,Villette-sur-Ain,3.3
01450,Villieu-Loyes-Mollon,2.6
01451,Viriat,4.3
01452,Virieu-le-Grand,3.6
01453,Arvière-en-Valromey,2.0
01454,Virignin,3.5
01456,Vongnes,3.8
01457,Vonnas,1.7
02001,Abbécourt,2.9
02002,Achery,2.8
02003,Acy,2.1
02004,Agnicourt-et-Séchelles,3.5
02005,Aguilcourt,2.9
02006,Aisonville-et-Bernoville,4.5
02007,Aizelles,3.6
02008,Aizy-Jouy,2.3
02009,Alaincourt,2.8
02010,Allemant,3.0
02011,Ambleny,2.5
02012,Ambrief,3.0
02013,Amifontaine,3.4
02014,Amigny-Rouy,2.8
02015,Ancienville,1.9
02016,Andelain,2.7
02017,Anguilcourt-le-Sart,2.6
02018,Anizy-le-Grand,2.2
02019,Annois,2.3
02020,Any-Martin-Rieux,5.2
02021,Archon,4.1
02022,Arcy-Sainte-Restitue,2.5
02023,Armentières-sur-Ourcq,2.6
02024,Arrancy,2.2
02025,Artemps,1.2
02027,Assis-sur-Serre,2.3
02028,Athies-sous-Laon,2.1
02029,Attilly,2.4
02030,Aubencheul-aux-Bois,3.3
02031,Aubenton,4.6
02032,Aubigny-aux-Kaisnes,2.0
02033,Aubigny-en-Laonnois,3.4
02034,Audignicourt,0.5
02035,Audigny,3.9
02036,Augy,3.1
02037,Aulnois-sous-Laon,3.4
02038,Les Autels,1.9
02039,Autremencourt,2.6
02040,Autreppes,1.8
02041,Autreville,2.5
02042,Azy-sur-Marne,3.0
02043,Bagneux,1.4
02044,Bancigny,3.1
02046,Barenton-Bugny,3.0
02047,Barenton-Cel,3.2
02048,Barenton-sur-Serre,3.1
02049,Barisis-aux-Bois,2.8
02050,Barzy-en-Thiérache,3.3
02051,Barzy-sur-Marne,4.0
02052,Bassoles-Aulers,2.0
02053,Vallées en Champagne,2.0
02054,Bazoches-et-Saint-Thibaut,3.3
02055,Beaumé,2.7
02056,Beaumont-en-Beine,2.3
02057,Beaurevoir,3.1
02058,Beaurieux,1.7
02059,Beautor,3.3
02060,Beauvois-en-Vermandois,1.4
02061,Becquigny,2.7
02062,Belleau,1.7
02063,Bellenglise,3.0
02064,Belleu,3.4
02065,Bellicourt,1.8
02066,Benay,3.8
02067,Bergues-sur-Sambre,3.5
02068,Berlancourt,2.6
02069,Berlise,3.8
02070,Bernot,4.2
02071,Berny-Rivière,1.5
02072,Berrieux,3.8
02073,Berry-au-Bac,3.7
02074,Bertaucourt-Epourdon,2.1
02075,Berthenicourt,3.9
02076,Bertricourt,2.6
02078,Besmé,1.5
02079,Besmont,2.0
02080,Besny-et-Loizy,3.1
02081,Béthancourt-en-Vaux,2.5
02082,Beugneux,2.4
02083,Beuvardes,3.6
02084,Bézu-le-Guéry,1.8
02085,Bézu-Saint-Germain,2.9
02086,Bichancourt,2.4
02087,Bieuxy,1.5
02088,Bièvres,2.0
02089,Billy-sur-Aisne,3.3
02090,Billy-sur-Ourcq,1.2
02091,Blanzy-lès-Fismes,2.6
02093,Blérancourt,1.8
02094,Blesmes,4.2
02095,Bohain-en-Vermandois,3.1
02096,Bois-lès-Pargny,3.0
02097,Boncourt,2.4
02098,Bonneil,2.8
02099,Bonnesvalyn,1.8
02100,Bony,2.9
02101,Bosmont-sur-Serre,3.7
02102,Bouconville-Vauclair,2.1
02103,Boué,3.9
02104,Bouffignereux,2.3
02105,Bouresches,2.4
02106,Bourg-et-Comin,2.0
02107,Bourguignon-sous-Coucy,1.1
02108,Bourguignon-sous-Montbavin,3.8
02109,La Bouteille,3.6
02110,Braine,3.0
02111,Brancourt-en-Laonnois,2.1
02112,Brancourt-le-Grand,2.7
02114,Brasles,3.7
02115,Braye-en-Laonnois,1.3
02116,Braye-en-Thiérache,2.4
02117,Bray-Saint-Christophe,1.7
02118,Braye,3.1
02119,Brécy,3.4
02120,Brenelle,2.8
02121,Breny,1.9
02122,Brie,2.3
02123,Brissay-Choigny,2.4
02124,Brissy-Hamégicourt,2.4
02125,Brumetz,1.4
02126,Brunehamel,1.8
02127,Bruyères-sur-Fère,2.9
02128,Bruyères-et-Montbérault,2.1
02129,Bruys,1.8
02130,Bucilly,3.1
02131,Bucy-le-Long,3.5
02132,Bucy-lès-Cerny,3.3
02133,Bucy-lès-Pierrepont,2.5
02134,Buire,2.8
02135,Buironfosse,2.2
02136,Burelles,3.6
02137,Bussiares,1.6
02138,Buzancy,2.9
02139,Caillouël-Crépigny,2.2
02140,Camelin,1.9
02141,La Capelle,3.5
02142,Castres,2.5
02143,Le Catelet,3.2
02144,Caulaincourt,1.4
02145,Caumont,2.3
02146,Celles-lès-Condé,2.6
02148,Celles-sur-Aisne,3.2
02149,Cerizy,4.2
02150,Cerny-en-Laonnois,1.5
02151,Cerny-lès-Bucy,3.3
02152,Cerseuil,2.6
02153,Cessières-Suzy,2.8
02154,Chacrise,2.0
02155,Chaillevois,3.0
02156,Chalandry,2.5
02157,Chambry,3.2
02158,Chamouille,1.6
02159,Champs,2.2
02160,Chaourse,3.2
02162,La Chapelle-sur-Chézy,2.0
02163,Charly-sur-Marne,1.1
02164,Le Charmel,4.0
02165,Charmes,2.0
02166,Chartèves,4.3
02167,Chassemy,2.7
02168,Château-Thierry,3.6
02169,Châtillon-lès-Sons,2.4
02170,Châtillon-sur-Oise,4.0
02171,Chaudardes,1.6
02172,Chaudun,3.0
02173,Chauny,2.5
02174,Chavignon,3.2
02175,Chavigny,1.2
02176,Chavonne,2.3
02177,Chérêt,2.8
02178,Chermizy-Ailles,1.7
02179,Chéry-Chartreuve,2.4
02180,Chéry-lès-Pouilly,2.7
02181,Chéry-lès-Rozoy,4.9
02182,Chevennes,2.0
02183,Chevregny,1.7
02184,Chevresis-Monceau,2.9
02185,Chézy-en-Orxois,1.7
02186,Chézy-sur-Marne,3.0
02187,Chierry,3.8
02188,Chigny,3.1
02189,Chivres-en-Laonnois,2.8
02190,Chivres-Val,2.9
02191,Chivy-lès-Étouvelles,4.1
02192,Chouy,1.9
02193,Cierges,2.5
02194,Cilly,3.4
02195,Ciry-Salsogne,4.2
02196,Clacy-et-Thierret,3.9
02197,Clairfontaine,3.8
02198,Clamecy,2.9
02199,Clastres,1.7
02200,Clermont-les-Fermes,4.1
02201,Cœuvres-et-Valsery,1.5
02203,Coincy,2.5
02204,Coingt,2.3
02205,Colligis-Crandelain,1.5
02206,Colonfay,2.2
02207,Commenchon,1.9
02208,Concevreux,3.0
02209,Condé-en-Brie,1.6
02210,Condé-sur-Aisne,3.2
02211,Condé-sur-Suippe,3.2
02212,Condren,3.4
02213,Connigis,3.1
02214,Contescourt,2.3
02215,Corbeny,4.2
02216,Corcy,1.7
02217,Coucy-le-Château-Auffrique,2.4
02218,Coucy-lès-Eppes,2.7
02219,Coucy-la-Ville,1.9
02220,Coulonges-Cohan,2.1
02221,Coupru,2.2
02222,Courbes,2.6
02223,Courboin,2.5
02224,Courcelles-sur-Vesle,3.4
02225,Courchamps,0.8
02226,Courmelles,3.7
02227,Courmont,3.0
02228,Courtemont-Varennes,4.3
02229,Courtrizy-et-Fussigny,3.0
02230,Couvrelles,2.9
02231,Couvron-et-Aumencourt,1.9
02232,Coyolles,2.5
02233,Cramaille,2.8
02234,Craonne,2.7
02235,Craonnelle,2.2
02236,Crécy-au-Mont,1.6
02237,Crécy-sur-Serre,2.6
02238,Crépy,2.3
02239,Crézancy,4.2
02240,Croix-Fonsomme,2.5
02241,La Croix-sur-Ourcq,1.9
02242,Crouttes-sur-Marne,1.5
02243,Crouy,4.6
02244,Crupilly,2.1
02245,Cuffies,3.1
02246,Cugny,2.4
02248,Cuirieux,1.6
02249,Cuiry-Housse,2.6
02250,Cuiry-lès-Chaudardes,2.2
02251,Cuiry-lès-Iviers,3.0
02252,Cuissy-et-Geny,1.5
02253,Cuisy-en-Almont,2.4
02254,Cutry,1.4
02255,Cys-la-Commune,2.2
02256,Dagny-Lambercy,3.9
02257,Dallon,3.7
02258,Dammard,1.9
02259,Dampleux,2.3
02260,Danizy,2.1
02261,Dercy,3.0
02262,Deuillet,2.8
02263,Dhuizel,2.3
02264,Dizy-le-Gros,2.3
02265,Dohis,2.5
02266,Dolignon,3.4
02267,Dommiers,2.9
02268,Domptin,2.2
02269,Dorengt,4.0
02270,Douchy,1.5
02271,Dravegny,1.9
02272,Droizy,0.8
02273,Dury,2.1
02274,Ébouleau,2.1
02275,Effry,2.7
02276,Englancourt,2.2
02277,Épagny,0.8
02278,Éparcy,2.7
02279,Épaux-Bézu,2.4
02280,Épieds,4.0
02281,L'Épine-aux-Bois,2.8
02282,Eppes,3.5
02283,Erlon,3.1
02284,Erloy,1.2
02286,Esquéhéries,3.6
02287,Essigny-le-Grand,4.9
02288,Essigny-le-Petit,2.2
02289,Essises,3.0
02290,Essômes-sur-Marne,3.6
02291,Estrées,2.5
02292,Étampes-sur-Marne,4.1
02293,Étaves-et-Bocquiaux,3.7
02294,Étouvelles,4.1
02295,Étréaupont,2.6
02296,Étreillers,2.6
02297,Étrépilly,2.3
02298,Étreux,4.5
02299,Évergnicourt,3.7
02302,Faverolles,2.2
02303,Fayet,3.7
02304,La Fère,1.9
02305,Fère-en-Tardenois,2.7
02306,La Ferté-Chevresis,3.3
02307,La Ferté-Milon,2.4
02308,Fesmy-le-Sart,3.0
02309,Festieux,2.5
02310,Fieulaine,4.1
02311,Filain,2.9
02312,La Flamengrie,3.3
02313,Flavigny-le-Grand-et-Beaurain,3.3
02315,Flavy-le-Martel,2.4
02316,Fleury,1.6
02317,Fluquières,1.5
02318,Folembray,2.4
02319,Fonsomme,3.2
02320,Fontaine-lès-Clercs,3.8
02321,Fontaine-lès-Vervins,2.4
02322,Fontaine-Notre-Dame,3.2
02323,Fontaine-Uterte,2.6
02324,Fontenelle,4.1
02326,Fontenoy,2.0
02327,Foreste,1.5
02328,Fossoy,3.9
02329,Fourdrain,2.3
02330,Francilly-Selency,3.8
02331,Franqueville,2.6
02332,Fresnes-en-Tardenois,2.9
02333,Fresnes-sous-Coucy,1.6
02334,Fresnoy-le-Grand,2.4
02335,Fressancourt,2.1
02336,Frières-Faillouël,3.0
02337,Froidestrées,2.4
02338,Froidmont-Cohartille,3.8
02339,Gandelu,1.5
02340,Gauchy,4.1
02341,Gercy,3.4
02342,Gergny,2.7
02343,Germaine,1.5
02345,Gibercourt,4.7
02346,Gizy,1.7
02347,Gland,4.1
02349,Goudelancourt-lès-Berrieux,3.8
02350,Goudelancourt-lès-Pierrepont,2.1
02351,Goussancourt,2.8
02352,Gouy,3.4
02353,Grandlup-et-Fay,2.6
02354,Grandrieux,4.2
02355,Gricourt,2.2
02356,Grisolles,2.5
02357,Gronard,3.5
02358,Grougis,4.6
02359,Grugies,4.2
02360,Villeneuve-sur-Aisne,3.4
02361,Guise,4.2
02362,Guivry,2.5
02363,Guny,1.9
02364,Guyencourt,1.8
02366,Hannapes,3.5
02367,Happencourt,2.7
02368,Haramont,2.5
02369,Harcigny,3.0
02370,Hargicourt,2.9
02371,Harly,4.9
02372,Hartennes-et-Taux,2.5
02373,Hary,3.7
02374,Lehaucourt,3.0
02375,Hautevesnes,0.7
02376,Hauteville,5.0
02377,Haution,1.7
02378,La Hérie,2.7
02379,Le Hérie-la-Viéville,4.2
02380,Hinacourt,2.9
02381,Hirson,2.7
02382,Holnon,3.8
02383,Homblières,4.6
02384,Houry,2.7
02385,Housset,3.0
02386,Iron,3.6
02387,Itancourt,5.8
02388,Iviers,2.6
02389,Jaulgonne,4.3
02390,Jeancourt,1.5
02391,Jeantes,3.3
02392,Joncourt,2.0
02393,Jouaignes,2.8
02395,Jumencourt,1.6
02396,Jumigny,1.3
02397,Jussy,2.1
02398,Juvigny,1.8
02399,Juvincourt-et-Damary,3.9
02400,Laffaux,2.8
02401,Laigny,2.4
02402,Lanchy,1.3
02403,Landifay-et-Bertaignemont,4.6
02404,Landouzy-la-Cour,2.8
02405,Landouzy-la-Ville,3.1
02406,Landricourt,2.0
02407,Laniscourt,3.3
02408,Laon,3.4
02409,Lappion,2.4
02410,Largny-sur-Automne,2.7
02411,Latilly,1.4
02412,Launoy,1.3
02413,Laval-en-Laonnois,3.9
02414,Lavaqueresse,4.0
02415,Laversine,2.2
02416,Lemé,2.0
02417,Lempire,2.8
02418,Lerzy,2.4
02419,Leschelle,3.2
02420,Lesdins,2.8
02421,Lesges,2.9
02422,Lesquielles-Saint-Germain,3.9
02423,Leuilly-sous-Coucy,2.2
02424,Leury,2.8
02425,Leuze,3.4
02426,Levergies,1.5
02427,Lhuys,2.2
02428,Licy-Clignon,1.6
02429,Lierval,1.1
02430,Liesse-Notre-Dame,2.3
02431,Liez,2.6
02432,Limé,3.3
02433,Lislet,3.2
02435,Logny-lès-Aubenton,4.2
02438,Longpont,2.8
02439,Les Septvallons,2.4
02440,Lor,3.0
02441,Louâtre,1.6
02442,Loupeigne,3.2
02443,Lucy-le-Bocage,2.1
02444,Lugny,3.4
02445,Luzoir,2.8
02446,Ly-Fontaine,2.8
02447,Maast-et-Violaine,2.0
02448,Mâchecourt,1.5
02449,Macogny,1.8
02450,Macquigny,4.0
02451,Magny-la-Fosse,2.9
02452,Maissemy,2.5
02453,Maizy,2.2
02454,La Malmaison,2.9
02455,Malzy,2.8
02456,Manicamp,2.5
02457,Marchais,3.0
02458,Dhuys et Morin-en-Brie,4.0
02459,Marcy,2.6
02460,Marcy-sous-Marle,3.7
02461,Marest-Dampcourt,2.7
02462,Mareuil-en-Dôle,3.2
02463,Marfontaine,2.6
02464,Margival,2.2
02465,Marigny-en-Orxois,1.2
02466,Marizy-Sainte-Geneviève,1.8
02467,Marizy-Saint-Mard,1.5
02468,Marle,3.1
02469,Marly-Gomont,2.6
02470,Martigny,3.0
02471,Martigny-Courpierre,1.8
02472,Mauregny-en-Haye,3.5
02473,Mayot,2.3
02474,Mennessis,3.0
02476,Mennevret,3.3
02477,Mercin-et-Vaux,3.5
02478,Merlieux-et-Fouquerolles,3.1
02480,Mesbrecourt-Richecourt,2.3
02481,Mesnil-Saint-Laurent,6.4
02482,Meurival,1.3
02483,Mézières-sur-Oise,4.0
02484,Mézy-Moulins,3.1
02485,Missy-aux-Bois,2.9
02486,Missy-lès-Pierrepont,2.0
02487,Missy-sur-Aisne,3.2
02488,Molain,2.5
02489,Molinchart,3.8
02490,Monampteuil,2.4
02491,Monceau-le-Neuf-et-Faucouzy,4.2
02492,Monceau-lès-Leups,2.3
02493,Monceau-le-Waast,2.7
02494,Monceau-sur-Oise,3.3
02495,Mondrepuis,3.3
02496,Monnes,1.8
02497,Mons-en-Laonnois,3.9
02498,Montaigu,3.2
02499,Montbavin,2.7
02500,Montbrehain,2.6
02501,Montchâlons,1.6
02502,Montcornet,3.2
02503,Mont-d'Origny,4.5
02504,Montescourt-Lizerolles,2.7
02505,Montfaucon,1.8
02506,Montgobert,2.4
02507,Montgru-Saint-Hilaire,1.5
02508,Monthenault,1.7
02509,Monthiers,0.9
02510,Monthurel,2.8
02511,Montigny-en-Arrouaise,4.2
02512,Montigny-l'Allier,1.7
02513,Montigny-le-Franc,2.7
02514,Montigny-Lengrain,1.6
02515,Montigny-lès-Condé,2.9
02516,Montigny-sous-Marle,3.1
02517,Montigny-sur-Crécy,2.9
02518,Montlevon,1.9
02519,Montloué,4.1
02520,Mont-Notre-Dame,2.8
02521,Montreuil-aux-Lions,1.5
02522,Mont-Saint-Jean,1.9
02523,Mont-Saint-Martin,2.6
02524,Mont-Saint-Père,4.3
02525,Morcourt,2.3
02526,Morgny-en-Thiérache,3.8
02527,Morsain,0.8
02528,Mortefontaine,2.2
02529,Mortiers,3.3
02530,Moulins,1.7
02531,Moussy-Verneuil,2.4
02532,Moÿ-de-l'Aisne,3.3
02533,Muret-et-Crouttes,1.6
02534,Muscourt,1.6
02535,Nampcelles-la-Cour,3.8
02536,Nampteuil-sous-Muret,1.6
02537,Nanteuil-la-Fosse,2.8
02538,Nanteuil-Notre-Dame,2.5
02539,Nauroy,1.8
02540,Nesles-la-Montagne,3.5
02541,Neufchâtel-sur-Aisne,3.0
02542,Neuflieux,2.9
02543,Neuilly-Saint-Front,1.7
02544,Neuve-Maison,2.9
02545,La Neuville-Bosmont,3.6
02546,La Neuville-en-Beine,2.5
02547,La Neuville-Housset,1.8
02548,La Neuville-lès-Dorengt,4.0
02549,Neuville-Saint-Amand,6.0
02550,Neuville-sur-Ailette,1.8
02551,Neuville-sur-Margival,2.5
02552,Neuvillette,5.3
02553,Nizy-le-Comte,2.7
02554,Nogentel,3.9
02555,Nogent-l'Artaud,2.2
02556,Noircourt,4.5
02557,Noroy-sur-Ourcq,1.8
02558,Le Nouvion-en-Thiérache,3.4
02559,Nouvion-et-Catillon,2.2
02560,Nouvion-le-Comte,2.6
02561,Nouvion-le-Vineux,2.8
02562,Nouvron-Vingré,0.9
02563,Noyales,4.7
02564,Bernoy-le-Château,2.7
02565,Œuilly,2.7
02566,Ognes,2.1
02567,Ohis,3.4
02568,Oigny-en-Valois,1.7
02569,Oisy,3.8
02570,Ollezy,2.2
02571,Omissy,2.3
02572,Orainville,2.7
02573,Orgeval,1.8
02574,Origny-en-Thiérache,3.6
02575,Origny-Sainte-Benoite,4.9
02576,Osly-Courtil,2.6
02577,Ostel,1.9
02578,Oulches-la-Vallée-Foulon,1.2
02579,Oulchy-la-Ville,2.0
02580,Oulchy-le-Château,2.2
02581,Paars,4.0
02582,Paissy,1.1
02583,Pancy-Courtecon,1.6
02584,Papleux,2.9
02585,Parcy-et-Tigny,1.7
02586,Parfondeval,3.5
02587,Parfondru,2.1
02588,Pargnan,1.5
02589,Pargny-Filain,2.9
02590,Pargny-la-Dhuys,3.2
02591,Pargny-les-Bois,2.6
02592,Parpeville,3.5
02593,Pasly,2.5
02594,Passy-en-Valois,1.8
02595,Passy-sur-Marne,3.3
02596,Pavant,1.2
02598,Pernant,2.8
02599,Pierremande,2.9
02600,Pierrepont,2.7
02601,Pignicourt,2.6
02602,Pinon,2.2
02604,Pithon,2.1
02605,Pleine-Selve,3.7
02606,Le Plessier-Huleu,1.7
02607,Ploisy,2.9
02608,Plomion,3.3
02609,Ployart-et-Vaurseine,2.0
02610,Pommiers,3.5
02612,Pont-Arcy,2.5
02613,Pontavert,3.3
02614,Pontru,2.8
02615,Pontruet,2.6
02616,Pont-Saint-Mard,1.5
02617,Pouilly-sur-Serre,1.8
02618,Prémont,3.4
02619,Prémontré,2.2
02620,Presles-et-Boves,2.2
02621,Presles-et-Thierny,2.6
02622,Priez,1.0
02623,Prisces,2.7
02624,Proisy,3.4
02625,Proix,4.6
02626,Prouvais,3.5
02627,Proviseux-et-Plesnoy,3.2
02628,Puiseux-en-Retz,1.6
02629,Puisieux-et-Clanlieu,2.2
02631,Quierzy,2.4
02632,Quincy-Basse,2.0
02633,Quincy-sous-le-Mont,3.7
02634,Raillimont,4.7
02635,Ramicourt,2.1
02636,Regny,4.3
02637,Remaucourt,3.5
02638,Remies,2.1
02639,Remigny,2.6
02640,Renansart,3.4
02641,Renneval,4.3
02642,Résigny,2.4
02643,Ressons-le-Long,2.4
02644,Retheuil,2.2
02645,Reuilly-Sauvigny,3.5
02647,Ribeauville,2.7
02648,Ribemont,4.4
02649,Rocourt-Saint-Martin,2.8
02650,Rocquigny,3.5
02651,Rogécourt,1.9
02652,Rogny,3.4
02653,Romeny-sur-Marne,2.2
02654,Romery,2.3
02655,Ronchères,2.6
02656,Roucy,3.5
02657,Rougeries,2.6
02658,Roupy,2.7
02659,Rouvroy,4.7
02660,Rouvroy-sur-Serre,3.5
02661,Royaucourt-et-Chailvet,3.5
02662,Rozet-Saint-Albin,1.4
02663,Rozières-sur-Crise,2.7
02664,Rozoy-Bellevalle,3.0
02665,Grand-Rozoy,2.3
02666,Rozoy-sur-Serre,4.0
02667,Saconin-et-Breuil,2.3
02668,Sains-Richaumont,2.6
02670,Saint-Algis,1.1
02671,Saint-Aubin,1.2
02672,Saint-Bandry,1.8
02673,Saint-Christophe-à-Berry,1.3
02674,Saint-Clément,3.1
02675,Sainte-Croix,3.1
02676,Saint-Erme-Outre-et-Ramecourt,3.5
02677,Saint-Eugène,2.9
02678,Sainte-Geneviève,3.9
02679,Saint-Gengoulph,1.3
02680,Saint-Gobain,2.2
02681,Saint-Gobert,3.4
02682,Saint-Mard,2.8
02683,Saint-Martin-Rivière,2.5
02684,Saint-Michel,3.3
02685,Saint-Nicolas-aux-Bois,1.9
02686,Saint-Paul-aux-Bois,1.6
02687,Saint-Pierre-Aigle,2.1
02688,Saint-Pierre-lès-Franqueville,2.7
02689,Saint-Pierremont,3.7
02690,Sainte-Preuve,2.6
02691,Saint-Quentin,5.1
02693,Saint-Rémy-Blanzy,1.3
02694,Saint-Simon,1.9
02696,Saint-Thomas,3.6
02697,Samoussy,2.4
02698,Sancy-les-Cheminots,2.2
02699,Saponay,2.7
02701,Saulchery,2.2
02702,Savy,2.4
02703,Seboncourt,2.9
02704,Selens,1.2
02705,La Selve,2.6
02706,Septmonts,2.7
02707,Septvaux,2.2
02708,Sequehart,1.8
02709,Serain,3.9
02710,Seraucourt-le-Grand,3.2
02711,Serches,2.8
02712,Sergy,2.5
02713,Seringes-et-Nesles,2.6
02714,Sermoise,3.4
02715,Serval,2.4
02716,Servais,2.4
02717,Séry-lès-Mézières,3.9
02718,Silly-la-Poterie,2.1
02719,Sinceny,2.8
02720,Sissonne,3.0
02721,Sissy,4.3
02722,Soissons,3.4
02723,Soize,3.9
02724,Sommelans,0.9
02725,Sommeron,3.3
02726,Sommette-Eaucourt,2.2
02727,Sons-et-Ronchères,2.4
02728,Sorbais,2.6
02729,Soucy,1.6
02730,Soupir,1.7
02731,Le Sourd,1.8
02732,Surfontaine,3.2
02734,Taillefontaine,2.4
02735,Tannières,2.3
02736,Tartiers,1.8
02737,Tavaux-et-Pontséricourt,3.6
02738,Tergnier,2.5
02739,Terny-Sorny,2.4
02740,Thenailles,2.2
02741,Thenelles,4.2
02742,Thiernu,3.8
02743,Le Thuel,2.4
02744,Torcy-en-Valois,2.1
02745,Toulis-et-Attencourt,3.1
02746,Travecy,2.4
02747,Trefcon,1.3
02748,Trélou-sur-Marne,3.3
02749,Troësnes,2.1
02750,Trosly-Loire,1.2
02751,Trucy,1.7
02752,Tugny-et-Pont,1.6
02753,Tupigny,3.5
02754,Ugny-le-Gay,2.4
02755,Urcel,3.1
02756,Urvillers,5.2
02757,Vadencourt,5.0
02758,Vailly-sur-Aisne,2.4
02759,La Vallée-au-Blé,2.5
02760,La Vallée-Mulâtre,2.5
02761,Variscourt,2.2
02762,Vassens,0.6
02763,Vasseny,3.0
02764,Vassogne,1.4
02765,Vaucelles-et-Beffecourt,3.9
02766,Vaudesson,2.2
02767,Vauxrezis,2.4
02768,Vauxaillon,1.6
02769,Vaux-Andigny,2.8
02770,Vauxbuin,3.6
02772,Vaux-en-Vermandois,1.3
02773,Vauxtin,3.1
02774,Vendelles,1.5
02775,Vendeuil,2.4
02776,Vendhuile,3.2
02777,Vendières,2.7
02778,Vendresse-Beaulne,1.3
02779,Vénérolles,3.5
02780,Venizel,3.3
02781,Verdilly,3.8
02782,Le Verguier,1.6
02783,Grand-Verly,4.0
02784,Petit-Verly,2.9
02785,Vermand,2.5
02786,Verneuil-sous-Coucy,2.0
02787,Verneuil-sur-Serre,2.0
02788,Versigny,2.1
02789,Vervins,2.8
02790,Vesles-et-Caumont,1.7
02791,Veslud,3.0
02792,Veuilly-la-Poterie,1.2
02793,Vézaponin,1.7
02794,Vézilly,2.5
02795,Vic-sur-Aisne,2.2
02796,Vichel-Nanteuil,1.7
02797,Viel-Arcy,2.5
02798,Viels-Maisons,2.0
02799,Vierzy,1.4
02800,Viffort,2.7
02801,Vigneux-Hocquet,4.3
02802,La Ville-aux-Bois-lès-Dizy,2.8
02803,La Ville-aux-Bois-lès-Pontavert,3.2
02804,Villemontoire,2.9
02805,Villeneuve-Saint-Germain,3.9
02806,Villeneuve-sur-Fère,3.0
02807,Villequier-Aumont,2.5
02808,Villeret,2.0
02809,Villers-Agron-Aiguizy,2.5
02810,Villers-Cotterêts,2.8
02812,Villers-Hélon,1.4
02813,Villers-le-Sec,3.9
02814,Villers-lès-Guise,3.7
02815,Villers-Saint-Christophe,2.0
02816,Villers-sur-Fère,2.9
02817,Ville-Savoye,2.3
02818,Villiers-Saint-Denis,1.3
02819,Vincy-Reuil-et-Magny,3.9
02820,Viry-Noureuil,3.0
02821,Vivaise,2.3
02822,Vivières,1.5
02823,Voharies,3.3
02824,Vorges,2.1
02826,Voulpaix,2.7
02827,Voyenne,3.1
02828,Vregny,3.9
02829,Vuillery,2.9
02830,Wassigny,3.5
02831,Watigny,5.3
02832,Wiège-Faty,2.9
02833,Wimy,3.5
02834,Wissignicourt,2.0
03001,Abrest,2.9
03002,Agonges,2.9
03003,Ainay-le-Château,2.9
03004,Andelaroche,2.3
03005,Archignat,1.2
03006,Arfeuilles,1.2
03007,Arpheuilles-Saint-Priest,4.4
03008,Arronnes,4.3
03009,Aubigny,0.5
03010,Audes,1.5
03011,Aurouër,2.8
03012,Autry-Issards,3.5
03013,Avermes,3.9
03014,Avrilly,1.6
03015,Bagneux,3.1
03016,Barberier,3.5
03017,Barrais-Bussolles,2.4
03018,Bayet,3.0
03019,Beaulon,4.2
03020,Beaune-d'Allier,2.5
03021,Bègues,4.1
03022,Bellenaves,3.4
03023,Bellerive-sur-Allier,4.0
03024,Bert,1.8
03025,Bessay-sur-Allier,2.8
03026,Besson,2.2
03027,Bézenet,3.2
03028,Billezois,2.2
03029,Billy,3.5
03030,Biozat,3.4
03031,Bizeneuille,2.3
03032,Blomard,1.9
03033,Bost,2.7
03034,Boucé,2.4
03035,Le Bouchaud,1.1
03036,Bourbon-l'Archambault,3.6
03037,Braize,3.7
03038,Bransat,2.9
03039,Bresnay,2.0
03040,Bressolles,3.7
03041,Le Brethon,2.5
03042,Le Breuil,3.4
03043,Broût-Vernet,2.8
03044,Brugheas,2.6
03045,Busset,0.9
03046,Buxières-les-Mines,2.1
03047,La Celle,2.9
03048,Cérilly,2.0
03049,Cesset,2.4
03050,La Chabanne,2.0
03051,Chambérat,0.9
03052,Chamblet,4.1
03053,Chantelle,3.5
03054,Chapeau,2.3
03055,La Chapelaude,1.8
03056,La Chapelle,4.0
03057,La Chapelle-aux-Chasses,3.2
03058,Chappes,2.4
03059,Chareil-Cintrat,3.4
03060,Charmeil,3.9
03061,Charmes,3.2
03062,Charroux,3.6
03063,Chassenard,1.7
03064,Château-sur-Allier,3.1
03065,Châtel-de-Neuvre,2.8
03066,Châtel-Montagne,7.2
03067,Châtelperron,0.0
03068,Châtelus,1.0
03069,Châtillon,2.4
03070,Chavenon,2.3
03071,Chavroches,0.7
03072,Chazemais,0.8
03073,Chemilly,3.1
03074,Chevagnes,4.0
03075,Chezelle,3.1
03076,Chézy,4.3
03077,Chirat-l'Église,1.4
03078,Chouvigny,1.6
03079,Cindré,1.2
03080,Cognat-Lyonne,3.5
03081,Colombier,2.8
03082,Commentry,2.3
03083,Contigny,3.5
03084,Cosne-d'Allier,1.9
03085,Coulandon,4.4
03086,Coulanges,1.8
03087,Couleuvre,1.5
03088,Courçais,0.7
03089,Coutansouze,1.3
03090,Couzon,2.3
03091,Créchy,3.3
03092,Cressanges,2.1
03093,Creuzier-le-Neuf,3.7
03094,Creuzier-le-Vieux,2.9
03095,Cusset,4.0
03096,Deneuille-lès-Chantelle,3.0
03097,Deneuille-les-Mines,2.5
03098,Désertines,3.5
03099,Deux-Chaises,2.4
03100,Diou,3.1
03101,Domérat,2.7
03102,Dompierre-sur-Besbre,3.4
03103,Le Donjon,1.9
03104,Doyet,2.8
03105,Droiturier,2.2
03106,Durdat-Larequille,4.3
03107,Ébreuil,4.0
03108,Échassières,1.1
03109,Escurolles,2.7
03110,Espinasse-Vozelle,2.7
03111,Estivareilles,2.5
03112,Étroussat,3.8
03113,Ferrières-sur-Sichon,4.4
03114,La Ferté-Hauterive,2.3
03115,Fleuriel,3.1
03116,Fourilles,4.2
03117,Franchesse,3.3
03118,Gannat,3.4
03119,Gannay-sur-Loire,2.2
03120,Garnat-sur-Engièvre,3.9
03121,Gennetines,3.4
03122,Gipcy,4.3
03124,Gouise,1.6
03125,La Guillermie,0.0
03126,Hauterive,3.1
03127,Hérisson,2.0
03128,Huriel,1.7
03129,Hyds,3.2
03130,Isle-et-Bardais,2.3
03131,Isserpent,3.2
03132,Jaligny-sur-Besbre,0.5
03133,Jenzat,4.1
03134,Laféline,2.2
03135,Lalizolle,1.9
03136,Lamaids,1.7
03137,Langy,2.3
03138,Lapalisse,1.9
03139,Laprugne,2.5
03140,Lavault-Sainte-Anne,3.1
03141,Lavoine,0.0
03142,Lenax,2.1
03143,Lételon,2.5
03144,Liernolles,1.9
03145,Lignerolles,2.2
03146,Limoise,3.0
03147,Loddes,1.9
03148,Loriges,3.9
03149,Louchy-Montfand,3.6
03150,Louroux-Bourbonnais,1.2
03151,Louroux-de-Beaune,2.8
03152,Louroux-de-Bouble,0.9
03154,Luneau,1.7
03155,Lurcy-Lévis,2.1
03156,Lusigny,4.4
03157,Magnet,2.6
03158,Haut-Bocage,1.6
03159,Malicorne,3.1
03160,Marcenat,3.5
03161,Marcillat-en-Combraille,5.4
03162,Marigny,4.3
03163,Mariol,2.4
03164,Le Mayet-d'École,2.9
03165,Le Mayet-de-Montagne,7.2
03166,Mazerier,4.4
03167,Mazirat,1.9
03168,Meaulne-Vitray,2.4
03169,Meillard,1.5
03170,Meillers,4.2
03171,Mercy,1.2
03172,Mesples,0.7
03173,Molinet,2.1
03174,Molles,2.3
03175,Monestier,2.4
03176,Monétay-sur-Allier,2.4
03177,Monétay-sur-Loire,2.0
03178,Montaiguët-en-Forez,2.3
03179,Montaigu-le-Blin,2.0
03180,Montbeugny,3.5
03181,Montcombroux-les-Mines,1.3
03182,Monteignet-sur-l'Andelot,3.3
03183,Le Montet,3.0
03184,Montilly,3.5
03185,Montluçon,3.3
03186,Montmarault,2.4
03187,Montoldre,2.4
03188,Montord,3.7
03189,Montvicq,3.2
03190,Moulins,4.4
03191,Murat,2.6
03192,Nades,1.4
03193,Nassigny,1.2
03194,Naves,3.5
03195,Néris-les-Bains,3.1
03196,Neuilly-en-Donjon,1.8
03197,Neuilly-le-Réal,2.4
03198,Neure,2.5
03200,Neuvy,4.1
03201,Nizerolles,6.8
03202,Noyant-d'Allier,3.3
03203,Paray-le-Frésil,3.4
03204,Paray-sous-Briailles,3.0
03205,Périgny,2.7
03206,La Petite-Marche,3.2
03207,Pierrefitte-sur-Loire,2.0
03208,Le Pin,1.9
03209,Poëzat,2.9
03210,Pouzy-Mésangy,2.0
03211,Prémilhat,2.7
03212,Quinssaines,2.7
03213,Reugny,1.8
03214,Rocles,2.3
03215,Rongères,2.6
03216,Ronnet,4.8
03217,Saint-Angel,3.8
03218,Saint-Aubin-le-Monial,3.1
03219,Saint-Bonnet-de-Four,2.8
03220,Saint-Bonnet-de-Rochefort,4.2
03221,Saint-Bonnet-Tronçais,3.4
03222,Saint-Caprais,1.6
03223,Saint-Christophe-en-Bourbonnais,3.7
03224,Saint-Clément,6.8
03225,Saint-Désiré,0.7
03226,Saint-Didier-en-Donjon,1.9
03227,Saint-Didier-la-Forêt,3.6
03228,Saint-Éloy-d'Allier,0.7
03229,Saint-Ennemond,2.2
03230,Saint-Étienne-de-Vicq,2.1
03231,Saint-Fargeol,5.6
03232,Saint-Félix,2.5
03233,Saint-Genest,1.0
03234,Saint-Gérand-de-Vaux,2.4
03235,Saint-Gérand-le-Puy,2.8
03236,Saint-Germain-des-Fossés,2.5
03237,Saint-Germain-de-Salles,3.6
03238,Saint-Hilaire,4.1
03239,Saint-Léger-sur-Vouzance,1.8
03240,Saint-Léon,1.3
03241,Saint-Léopardin-d'Augy,1.8
03242,Saint-Loup,3.5
03243,Saint-Marcel-en-Murat,1.7
03244,Saint-Marcel-en-Marcillat,5.7
03245,Saint-Martin-des-Lais,2.4
03246,Saint-Martinien,1.4
03247,Saint-Menoux,4.4
03248,Saint-Nicolas-des-Biefs,0.4
03249,Saint-Palais,1.2
03250,Saint-Pierre-Laval,1.8
03251,Saint-Plaisir,2.5
03252,Saint-Pont,2.1
03253,Saint-Pourçain-sur-Besbre,2.4
03254,Saint-Pourçain-sur-Sioule,3.9
03255,Saint-Priest-d'Andelot,2.8
03256,Saint-Priest-en-Murat,2.6
03257,Saint-Prix,1.9
03258,Saint-Rémy-en-Rollat,3.1
03259,Saint-Sauvier,1.3
03260,Saint-Sornin,2.2
03261,Sainte-Thérence,1.5
03262,Saint-Victor,3.4
03263,Saint-Voir,0.8
03264,Saint-Yorre,3.1
03265,Saligny-sur-Roudon,2.0
03266,Sanssat,2.3
03267,Saulcet,3.3
03268,Saulzet,4.0
03269,Sauvagny,1.9
03270,Sazeret,2.3
03271,Serbannes,2.9
03272,Servilly,2.2
03273,Seuillet,3.0
03274,Sorbier,1.3
03275,Souvigny,4.0
03276,Sussat,3.4
03277,Target,1.6
03278,Taxat-Senat,3.6
03279,Teillet-Argenty,2.3
03280,Terjat,5.1
03281,Le Theil,1.9
03282,Theneuille,2.2
03283,Thiel-sur-Acolin,3.8
03284,Thionne,0.4
03285,Tortezais,2.2
03286,Toulon-sur-Allier,3.4
03287,Treban,2.3
03288,Treignat,2.1
03289,Treteau,0.9
03290,Trévol,3.4
03291,Trézelles,1.7
03292,Tronget,2.4
03293,Urçay,2.5
03294,Ussel-d'Allier,4.4
03295,Valignat,3.5
03296,Valigny,2.6
03297,Vallon-en-Sully,1.5
03298,Varennes-sur-Allier,3.5
03299,Varennes-sur-Tèche,1.8
03300,Vaumas,1.7
03301,Vaux,2.5
03302,Veauce,3.2
03303,Venas,1.7
03304,Vendat,2.7
03305,Verneix,2.5
03306,Le Vernet,2.9
03307,Verneuil-en-Bourbonnais,3.0
03308,Vernusse,1.5
03309,Le Veurdre,2.6
03310,Vichy,3.5
03311,Vicq,3.9
03312,Vieure,2.0
03313,Le Vilhain,1.6
03314,Villebret,3.8
03315,Villefranche-d'Allier,2.9
03316,Villeneuve-sur-Allier,2.8
03317,Viplaix,0.6
03319,Voussac,1.5
03320,Ygrande,3.5
03321,Yzeure,4.1
04001,Aiglun,3.4
04004,Allemagne-en-Provence,6.5
04005,Allons,1.6
04006,Allos,7.8
04007,Angles,2.5
04008,Annot,5.3
04009,Archail,0.0
04012,Aubenas-les-Alpes,0.7
04013,Aubignosc,4.8
04016,Authon,0.0
04017,Auzet,1.6
04018,Banon,2.5
04019,Barcelonnette,6.3
04020,Barles,0.0
04021,Barras,1.3
04022,Barrême,3.7
04023,Bayons,0.7
04024,Beaujeu,0.0
04025,Beauvezer,5.0
04026,Bellaffaire,1.2
04027,Bevons,2.3
04028,Beynes,1.4
04030,Blieux,1.0
04031,Bras-d'Asse,1.3
04032,Braux,0.0
04033,Ubaye-Serre-Ponçon,1.2
04034,La Brillanne,6.5
04035,Brunet,1.9
04036,Le Brusquet,1.5
04037,Le Caire,2.2
04039,Castellane,4.5
04040,Le Castellard-Mélan,0.5
04041,Le Castellet,0.9
04042,Castellet-lès-Sausses,0.4
04043,Val-de-Chalvagne,0.4
04045,Céreste-en-Luberon,2.2
04046,Le Chaffaut-Saint-Jurson,2.6
04047,Champtercier,1.0
04049,Château-Arnoux-Saint-Auban,4.5
04050,Châteaufort,2.3
04051,Châteauneuf-Miravail,0.0
04053,Châteauneuf-Val-Saint-Donat,3.6
04054,Châteauredon,1.9
04055,Chaudon-Norante,2.9
04057,Clamensane,2.2
04058,Claret,2.3
04059,Clumanc,2.0
04061,Colmars,7.8
04062,La Condamine-Châtelard,1.7
04063,Corbières-en-Provence,2.5
04065,Cruis,1.9
04066,Curbans,3.4
04067,Curel,0.5
04068,Dauphin,3.7
04069,Demandolx,1.5
04070,Digne-les-Bains,2.5
04072,Draix,0.7
04073,Enchastrayes,6.1
04074,Entrages,0.7
04075,Entrepierres,0.8
04076,Entrevaux,3.8
04077,Entrevennes,0.4
04079,L'Escale,3.8
04081,Esparron-de-Verdon,0.4
04084,Estoublon,1.3
04085,Faucon-du-Caire,1.4
04086,Faucon-de-Barcelonnette,6.3
04087,Fontienne,3.7
04088,Forcalquier,4.5
04090,Le Fugeret,4.9
04091,Ganagobie,1.9
04092,La Garde,4.5
04093,Gigors,1.9
04094,Gréoux-les-Bains,6.1
04095,L'Hospitalet,1.4
04096,Jausiers,4.0
04097,La Javie,0.7
04099,Lambruisse,0.8
04101,Lardiers,1.8
04102,Le Lauzet-Ubaye,0.0
04104,Limans,3.0
04106,Lurs,3.4
04107,Majastres,0.0
04108,Malijai,3.2
04109,Mallefougasse-Augès,1.5
04110,Mallemoisson,2.6
04111,Mane,4.2
04112,Manosque,4.3
04113,Marcoux,2.2
04115,Méailles,3.2
04116,Les Mées,3.9
04118,Melve,2.2
04120,Val d'Oronaye,0.0
04121,Mézel,1.6
04122,Mirabeau,2.2
04123,Mison,3.4
04124,Montagnac-Montpezat,4.3
04126,Montclar,3.1
04127,Montfort,3.6
04128,Montfuron,3.0
04129,Montjustin,1.9
04130,Montlaux,1.3
04132,Montsalier,2.4
04133,Moriez,4.4
04134,La Motte-du-Caire,2.2
04135,Moustiers-Sainte-Marie,2.0
04136,La Mure-Argens,3.4
04137,Nibles,2.2
04138,Niozelles,4.3
04139,Noyers-sur-Jabron,0.9
04140,Les Omergues,1.0
04141,Ongles,3.3
04142,Oppedette,1.0
04143,Oraison,3.4
04144,La Palud-sur-Verdon,0.0
04145,Peipin,5.2
04148,Peyroules,4.3
04149,Peyruis,3.4
04150,Piégut,0.7
04151,Pierrerue,3.8
04152,Pierrevert,3.7
04154,Pontis,1.8
04155,Prads-Haute-Bléone,0.0
04156,Puimichel,0.4
04157,Puimoisson,7.6
04158,Quinson,0.3
04159,Redortiers,1.8
04160,Reillanne,2.8
04161,Méolans-Revel,1.9
04162,Revest-des-Brousses,2.2
04163,Revest-du-Bion,2.5
04164,Revest-Saint-Martin,2.2
04166,Riez,6.3
04167,La Robine-sur-Galabre,1.5
04169,La Rochegiron,2.1
04170,La Rochette,0.0
04171,Rougon,0.0
04172,Roumoules,6.1
04173,Saint-André-les-Alpes,3.4
04174,Saint-Benoît,3.6
04175,Sainte-Croix-à-Lauze,0.6
04176,Sainte-Croix-du-Verdon,4.1
04177,Hautes-Duyes,0.5
04178,Saint-Étienne-les-Orgues,1.7
04179,Saint-Geniez,0.0
04180,Saint-Jacques,3.7
04181,Saint-Jeannet,0.8
04182,Saint-Julien-d'Asse,1.3
04183,Saint-Julien-du-Verdon,4.0
04184,Saint-Jurs,2.0
04186,Saint-Laurent-du-Verdon,0.0
04187,Saint-Lions,3.7
04188,Saint-Maime,3.0
04189,Saint-Martin-de-Brômes,8.1
04190,Saint-Martin-les-Eaux,2.4
04191,Saint-Martin-lès-Seyne,3.1
04192,Saint-Michel-l'Observatoire,4.1
04193,Saint-Paul-sur-Ubaye,0.0
04194,Saint-Pierre,2.6
04195,Saint-Pons,6.1
04197,Sainte-Tulle,4.1
04199,Saint-Vincent-sur-Jabron,0.0
04200,Salignac,4.3
04201,Saumane,1.4
04202,Sausses,2.4
04203,Selonnet,4.7
04204,Senez,2.9
04205,Seyne,4.7
04206,Sigonce,3.2
04207,Sigoyer,1.4
04208,Simiane-la-Rotonde,2.4
04209,Sisteron,4.1
04210,Soleilhas,0.0
04211,Sourribes,2.4
04214,Tartonne,1.0
04216,Thèze,0.4
04217,Thoard,1.0
04218,Thorame-Basse,1.2
04219,Thorame-Haute,2.4
04220,Les Thuiles,5.9
04222,Turriers,0.6
04224,Ubraye,1.6
04226,Uvernet-Fours,6.1
04227,Vachères,1.8
04228,Valavoire,0.0
04229,Valbelle,0.9
04230,Valensole,3.2
04231,Valernes,2.4
04233,Vaumeilh,1.6
04234,Venterol,0.7
04235,Verdaches,1.6
04236,Vergons,3.3
04237,Le Vernet,3.1
04240,Villars-Colmars,6.4
04241,Villemus,4.1
04242,Villeneuve,2.7
04244,Volonne,4.4
04245,Volx,4.2
05001,Abriès-Ristolas,10.5
05003,Aiguilles,10.5
05004,Ancelle,5.2
05006,L'Argentière-la-Bessée,3.4
05007,Arvieux,3.5
05008,Aspremont,5.4
05009,Aspres-lès-Corps,8.1
05010,Aspres-sur-Buëch,4.4
05011,Avançon,2.3
05012,Baratier,6.3
05013,Barcillonnette,1.5
05014,Barret-sur-Méouge,0.0
05016,La Bâtie-Montsaléon,4.9
05017,La Bâtie-Neuve,5.2
05018,La Bâtie-Vieille,3.2
05019,La Beaume,1.1
05021,Le Bersac,3.8
05022,Bréziers,1.7
05023,Briançon,5.3
05024,Valdoule,1.1
05025,Buissard,4.9
05026,Ceillac,0.0
05027,Cervières,3.1
05028,Chabestan,4.9
05029,Chabottes,7.9
05031,Champcella,1.3
05032,Champoléon,6.3
05033,Chanousse,0.0
05035,Châteauneuf-d'Oze,2.6
05036,Châteauroux-les-Alpes,5.4
05037,Châteauvieux,4.7
05038,Château-Ville-Vieille,10.5
05039,Aubessagne,8.3
05040,Chorges,4.4
05044,Crévoux,0.0
05045,Crots,6.5
05046,Embrun,6.0
05047,Éourres,0.5
05048,L'Épine,3.1
05049,Esparron,0.4
05050,Espinasses,2.5
05051,Étoile-Saint-Cyrice,0.0
05052,Eygliers,3.5
05053,Garde-Colombe,4.3
05054,La Fare-en-Champsaur,6.2
05055,La Faurie,3.2
05056,Forest-Saint-Julien,5.1
05057,Fouillouse,2.3
05058,Freissinières,1.3
05059,La Freissinouse,5.4
05060,Furmeyer,2.6
05061,Gap,5.2
05062,Le Glaizil,7.8
05063,La Grave,7.1
05064,La Chapelle-en-Valgaudémar,1.8
05065,Guillestre,5.2
05066,La Haute-Beaume,0.0
05068,Jarjayes,3.1
05070,Laragne-Montéglin,2.3
05071,Lardier-et-Valença,1.5
05072,Laye,4.1
05073,Lazer,2.3
05074,Lettret,4.0
05075,Manteyer,5.2
05076,Méreuil,3.8
05077,Molines-en-Queyras,7.0
05078,Monêtier-Allemont,3.4
05079,Le Monêtier-les-Bains,4.0
05080,Montbrand,0.6
05081,Montclus,3.6
05082,Mont-Dauphin,5.2
05084,Montgardin,3.5
05085,Montgenèvre,40.0
05086,Montjay,0.0
05087,Montmaur,5.8
05089,Montrond,4.6
05090,La Motte-en-Champsaur,4.7
05091,Moydans,3.2
05092,Neffes,5.7
05093,Névache,0.0
05094,Nossage-et-Bénévent,2.5
05095,Le Noyer,3.7
05096,Orcières,5.7
05097,Orpierre,0.8
05098,Les Orres,2.9
05099,Oze,5.1
05100,Pelleautier,5.3
05101,Vallouise-Pelvoux,4.9
05102,La Piarre,2.6
05103,Le Poët,2.4
05104,Poligny,2.6
05106,Prunières,4.5
05107,Puy-Saint-André,4.8
05108,Puy-Saint-Eusèbe,3.8
05109,Puy-Saint-Pierre,4.8
05110,Puy-Saint-Vincent,4.1
05111,Puy-Sanières,5.3
05112,Rabou,1.8
05113,Rambaud,1.9
05114,Réallon,0.5
05115,Remollon,3.2
05116,Réotier,3.5
05117,Ribeyret,3.1
05118,Val Buëch-Méouge,3.2
05119,Risoul,5.2
05121,Rochebrune,2.5
05122,La Roche-de-Rame,3.7
05123,La Roche-des-Arnauds,4.4
05124,La Rochette,4.0
05126,Rosans,4.4
05127,Rousset,2.5
05128,Saint-André-d'Embrun,3.9
05129,Saint-André-de-Rosans,3.2
05130,Saint-Apollinaire,2.9
05131,Saint-Auban-d'Oze,1.8
05132,Saint-Bonnet-en-Champsaur,4.1
05133,Saint-Chaffrey,7.7
05134,Saint-Clément-sur-Durance,6.8
05135,Sainte-Colombe,0.0
05136,Saint-Crépin,4.8
05139,Dévoluy,7.7
05140,Saint-Étienne-le-Laus,3.6
05142,Saint-Firmin,8.9
05144,Saint-Jacques-en-Valgodemard,7.6
05145,Saint-Jean-Saint-Nicolas,7.7
05146,Saint-Julien-en-Beauchêne,4.3
05147,Saint-Julien-en-Champsaur,5.5
05148,Saint-Laurent-du-Cros,6.1
05149,Saint-Léger-les-Mélèzes,7.2
05151,Saint-Martin-de-Queyrières,5.2
05152,Saint-Maurice-en-Valgodemard,6.0
05153,Saint-Michel-de-Chaillol,4.1
05154,Saint-Pierre-d'Argençon,3.6
05155,Saint-Pierre-Avez,0.0
05156,Saint-Sauveur,4.6
05157,Saint-Véran,3.5
05158,Le Saix,3.3
05159,Saléon,2.5
05160,Salérans,0.0
05161,La Salle-les-Alpes,7.3
05162,La Saulce,3.4
05163,Le Sauze-du-Lac,0.5
05164,Savines-le-Lac,6.5
05165,Savournon,2.0
05166,Serres,3.6
05167,Sigottier,4.1
05168,Sigoyer,1.6
05169,Sorbiers,1.1
05170,Tallard,4.0
05171,Théus,1.9
05172,Trescléoux,3.5
05173,Upaix,2.3
05174,Val-des-Prés,3.2
05176,Valserres,5.0
05177,Vars,21.6
05178,Ventavon,1.6
05179,Veynes,5.5
05180,Les Vigneaux,6.3
05181,Villar-d'Arêne,7.1
05182,Villar-Loubière,3.9
05183,Villar-Saint-Pancrace,5.7
05184,Vitrolles,2.7
06001,Aiglun,2.6
06002,Amirat,0.0
06003,Andon,1.4
06004,Antibes,4.9
06005,Ascros,0.0
06006,Aspremont,5.0
06007,Auribeau-sur-Siagne,1.9
06008,Auvare,0.0
06009,Bairols,0.0
06010,Le Bar-sur-Loup,2.4
06011,Beaulieu-sur-Mer,4.8
06012,Beausoleil,3.3
06013,Belvédère,3.4
06014,Bendejun,1.8
06015,Berre-les-Alpes,1.8
06016,Beuil,0.0
06017,Bézaudun-les-Alpes,2.7
06018,Biot,3.1
06019,Blausasc,4.2
06020,La Bollène-Vésubie,3.3
06021,Bonson,3.1
06022,Bouyon,2.5
06023,Breil-sur-Roya,5.9
06024,Briançonnet,0.0
06025,Le Broc,3.2
06026,Cabris,6.4
06027,Cagnes-sur-Mer,5.0
06028,Caille,2.8
06029,Cannes,4.7
06030,Le Cannet,4.3
06031,Cantaron,5.1
06032,Cap-d'Ail,4.0
06033,Carros,3.3
06034,Castagniers,3.9
06035,Castellar,0.0
06036,Castillon,4.9
06037,Caussols,0.0
06038,Châteauneuf-Grasse,4.8
06039,Châteauneuf-Villevieille,1.5
06040,Châteauneuf-d'Entraunes,0.0
06041,Cipières,0.0
06042,Clans,0.0
06043,Coaraze,0.5
06044,La Colle-sur-Loup,4.5
06045,Collongues,0.0
06046,Colomars,4.8
06047,Conségudes,0.0
06048,Contes,3.6
06049,Courmes,0.2
06050,Coursegoules,2.7
06051,La Croix-sur-Roudoule,0.3
06052,Cuébris,7.7
06053,Daluis,0.4
06054,Drap,5.3
06055,Duranus,1.5
06056,Entraunes,0.0
06057,L'Escarène,2.5
06058,Escragnolles,0.0
06059,Èze,4.6
06060,Falicon,2.4
06061,Les Ferres,0.0
06062,Fontan,4.7
06063,Gars,0.0
06064,Gattières,2.6
06065,La Gaude,2.1
06066,Gilette,3.1
06067,Gorbio,0.0
06068,Gourdon,0.7
06069,Grasse,3.7
06070,Gréolières,0.9
06071,Guillaumes,2.9
06072,Ilonse,0.0
06073,Isola,6.4
06074,Lantosque,4.9
06075,Levens,3.4
06076,Lieuche,0.0
06077,Lucéram,1.5
06078,Malaussène,4.8
06079,Mandelieu-la-Napoule,5.5
06080,Marie,1.7
06081,Le Mas,0.0
06082,Massoins,7.2
06083,Menton,3.6
06084,Mouans-Sartoux,7.0
06085,Mougins,5.5
06086,Moulinet,0.0
06087,Les Mujouls,0.0
06088,Nice,4.8
06089,Opio,6.8
06090,Pégomas,3.1
06091,Peille,0.6
06092,Peillon,0.2
06093,La Penne,0.0
06094,Péone,2.9
06095,Peymeinade,3.6
06096,Pierlas,0.0
06097,Pierrefeu,2.6
06098,Puget-Rostang,1.1
06099,Puget-Théniers,2.2
06100,Revest-les-Roches,1.1
06101,Rigaud,0.0
06102,Rimplas,7.1
06103,Roquebillière,5.2
06104,Roquebrune-Cap-Martin,4.1
06105,Roquefort-les-Pins,3.7
06106,Roquestéron,7.7
06107,La Roque-en-Provence,7.7
06108,La Roquette-sur-Siagne,2.8
06109,La Roquette-sur-Var,3.7
06110,Roubion,1.7
06111,Roure,1.7
06112,Le Rouret,5.4
06113,Sainte-Agnès,0.0
06114,Saint-André-de-la-Roche,5.1
06115,Saint-Antonin,0.0
06116,Saint-Auban,0.0
06117,Saint-Blaise,3.1
06118,Saint-Cézaire-sur-Siagne,4.1
06119,Saint-Dalmas-le-Selvage,9.0
06120,Saint-Étienne-de-Tinée,9.0
06121,Saint-Jean-Cap-Ferrat,4.5
06122,Saint-Jeannet,2.2
06123,Saint-Laurent-du-Var,4.2
06124,Saint-Léger,0.0
06125,Saint-Martin-d'Entraunes,0.0
06126,Saint-Martin-du-Var,4.3
06127,Saint-Martin-Vésubie,3.8
06128,Saint-Paul-de-Vence,3.2
06129,Saint-Sauveur-sur-Tinée,6.8
06130,Saint-Vallier-de-Thiey,3.6
06131,Sallagriffon,0.0
06132,Saorge,3.9
06133,Sauze,0.0
06134,Séranon,2.8
06135,Sigale,7.7
06136,Sospel,4.9
06137,Spéracèdes,4.9
06138,Théoule-sur-Mer,2.9
06139,Thiéry,0.0
06140,Le Tignet,4.4
06141,Toudon,0.5
06142,Touët-de-l'Escarène,2.4
06143,Touët-sur-Var,5.5
06144,La Tour,0.0
06145,Tourette-du-Château,1.1
06146,Tournefort,2.4
06147,Tourrette-Levens,2.2
06148,Tourrettes-sur-Loup,2.1
06149,La Trinité,4.7
06150,La Turbie,4.6
06151,Utelle,0.0
06152,Valbonne,4.9
06153,Valdeblore,7.1
06154,Valderoure,4.2
06155,Vallauris,3.3
06156,Venanson,0.8
06157,Vence,3.7
06158,Villars-sur-Var,7.2
06159,Villefranche-sur-Mer,4.8
06160,Villeneuve-d'Entraunes,1.0
06161,Villeneuve-Loubet,4.7
06162,La Brigue,2.1
06163,Tende,2.1
07001,Accons,6.0
07002,Ailhon,1.2
07003,Aizac,1.0
07004,Ajoux,0.0
07005,Alba-la-Romaine,2.8
07006,Albon-d'Ardèche,3.6
07007,Alboussière,3.3
07008,Alissas,2.4
07009,Andance,2.6
07010,Annonay,3.4
07011,Vallées-d'Antraigues-Asperjoc,1.3
07012,Arcens,1.1
07013,Ardoix,2.0
07014,Arlebosc,2.4
07015,Arras-sur-Rhône,3.3
07017,Les Assions,5.2
07018,Astet,0.8
07019,Aubenas,3.2
07020,Aubignas,2.2
07022,Baix,2.7
07023,Balazuc,1.6
07024,Banne,2.1
07025,Barnas,1.8
07026,Le Béage,0.8
07027,Beauchastel,2.5
07028,Beaulieu,2.7
07029,Beaumont,0.0
07030,Beauvène,2.2
07031,Berrias-et-Casteljau,4.2
07032,Berzème,0.0
07033,Bessas,2.4
07034,Bidon,0.8
07035,Boffres,4.1
07036,Bogy,1.9
07037,Borée,0.0
07038,Borne,0.0
07039,Bozas,1.4
07040,Boucieu-le-Roi,1.0
07041,Boulieu-lès-Annonay,3.9
07042,Bourg-Saint-Andéol,2.5
07044,Brossainc,2.1
07045,Burzet,2.0
07047,Cellier-du-Luc,1.7
07048,Chalencon,1.6
07049,Le Chambon,0.6
07050,Chambonas,4.5
07051,Champagne,2.7
07052,Champis,2.5
07053,Chandolas,2.9
07054,Chanéac,3.1
07055,Charmes-sur-Rhône,3.5
07056,Charnas,2.9
07058,Chassiers,2.0
07059,Châteaubourg,3.6
07060,Châteauneuf-de-Vernoux,3.2
07061,Chauzon,2.7
07062,Chazeaux,1.4
07063,Cheminas,3.8
07064,Le Cheylard,6.8
07065,Chirols,4.0
07066,Chomérac,2.5
07067,Colombier-le-Cardinal,2.2
07068,Colombier-le-Jeune,0.0
07069,Colombier-le-Vieux,2.7
07070,Cornas,3.4
07071,Coucouron,3.2
07072,Coux,2.2
07073,Le Crestet,2.1
07074,Creysseilles,0.8
07075,Cros-de-Géorand,1.1
07076,Cruas,1.9
07077,Darbres,0.9
07078,Davézieux,3.6
07079,Désaignes,3.1
07080,Devesset,5.0
07081,Dompnac,0.0
07082,Dornas,4.6
07083,Dunière-sur-Eyrieux,1.4
07084,Eclassan,1.4
07085,Empurany,2.1
07086,Étables,4.0
07087,Fabras,3.5
07088,Faugères,1.9
07089,Félines,3.5
07090,Flaviac,2.1
07091,Fons,1.9
07092,Freyssenet,0.0
07093,Genestelle,0.8
07094,Gilhac-et-Bruzac,0.0
07095,Gilhoc-sur-Ormèze,1.6
07096,Gluiras,1.4
07097,Glun,2.9
07098,Gourdon,0.0
07099,Gras,0.0
07100,Gravières,3.7
07101,Grospierres,2.8
07102,Guilherand-Granges,4.1
07103,Saint-Julien-d'Intres,2.0
07104,Issamoulenc,0.0
07105,Issanlas,3.0
07106,Issarlès,0.0
07107,Jaujac,3.4
07108,Jaunac,7.1
07109,Joannas,0.9
07110,Joyeuse,4.9
07111,Juvinas,2.1
07112,Labastide-sur-Bésorgues,1.4
07113,Labastide-de-Virac,2.6
07114,Labatie-d'Andaure,1.0
07115,Labeaume,3.1
07116,Labégude,4.6
07117,Lablachère,5.0
07118,Laboule,0.0
07119,Le Lac-d'Issarlès,0.8
07120,Lachamp-Raphaël,2.2
07121,Lachapelle-Graillouse,3.0
07122,Lachapelle-sous-Aubenas,3.4
07123,Lachapelle-sous-Chanéac,3.1
07124,Lafarre,0.7
07126,Lagorce,3.4
07127,Lalevade-d'Ardèche,4.4
07128,Lalouvesc,3.6
07129,Lamastre,3.1
07130,Lanarce,1.7
07131,Lanas,3.0
07132,Largentière,3.5
07133,Larnas,0.6
07134,Laurac-en-Vivarais,3.4
07136,Laveyrune,0.8
07137,Lavillatte,1.9
07138,Lavilledieu,3.9
07139,Laviolle,2.0
07140,Lemps,2.8
07141,Lentillères,1.1
07142,Lespéron,2.4
07143,Limony,2.5
07144,Loubaresse,0.0
07145,Lussas,2.3
07146,Lyas,1.6
07147,Malarce-sur-la-Thines,1.2
07148,Malbosc,1.0
07149,Marcols-les-Eaux,2.4
07150,Mariac,6.0
07151,Mars,6.8
07152,Mauves,3.0
07153,Mayres,0.6
07154,Mazan-l'Abbaye,2.3
07155,Mercuer,2.4
07156,Meyras,4.2
07157,Meysse,3.6
07158,Mézilhac,1.8
07159,Mirabel,1.8
07160,Monestier,0.3
07161,Montpezat-sous-Bauzon,3.6
07162,Montréal,3.4
07163,Montselgues,0.0
07165,Belsentes,5.4
07166,Nozières,2.1
07167,Les Ollières-sur-Eyrieux,1.5
07168,Orgnac-l'Aven,0.5
07169,Ozon,1.3
07170,Pailharès,2.7
07171,Payzac,3.9
07172,Peaugres,3.4
07173,Péreyres,0.0
07174,Peyraud,2.7
07175,Le Plagnal,0.8
07176,Planzolles,1.4
07177,Plats,1.4
07178,Pont-de-Labeaume,4.5
07179,Pourchères,0.4
07181,Le Pouzin,3.7
07182,Prades,3.1
07183,Pradons,4.1
07184,Pranles,0.4
07185,Préaux,4.2
07186,Privas,1.9
07187,Prunet,1.4
07188,Quintenas,2.8
07189,Ribes,2.0
07190,Rochecolombe,2.2
07191,Rochemaure,3.8
07192,Rochepaule,1.0
07193,Rocher,2.0
07194,Rochessauve,1.0
07195,La Rochette,0.4
07196,Rocles,0.4
07197,Roiffieux,2.4
07198,Rompon,2.9
07199,Rosières,5.0
07200,Le Roux,1.6
07201,Ruoms,4.5
07202,Sablières,0.0
07203,Sagnes-et-Goudoulet,1.2
07204,Saint-Agrève,4.6
07205,Saint-Alban-d'Ay,2.2
07206,Saint-Alban-en-Montagne,1.9
07207,Saint-Alban-Auriolles,3.5
07208,Saint-Andéol-de-Berg,1.4
07209,Saint-Andéol-de-Fourchades,0.6
07210,Saint-Andéol-de-Vals,0.8
07211,Saint-André-de-Cruzières,2.8
07212,Saint-André-en-Vivarais,2.2
07213,Saint-André-Lachamp,0.0
07214,Saint-Apollinaire-de-Rias,3.5
07215,Saint-Barthélemy-le-Meil,2.2
07216,Saint-Barthélemy-Grozon,3.7
07217,Saint-Barthélemy-le-Plain,0.5
07218,Saint-Basile,3.1
07219,Saint-Bauzile,1.2
07220,Saint-Christol,2.0
07221,Saint-Cierge-la-Serre,0.5
07222,Saint-Cierge-sous-le-Cheylard,4.0
07223,Saint-Cirgues-de-Prades,3.0
07224,Saint-Cirgues-en-Montagne,3.0
07225,Saint-Clair,3.6
07226,Saint-Clément,2.0
07227,Saint-Cyr,3.1
07228,Saint-Désirat,2.4
07229,Saint-Didier-sous-Aubenas,3.6
07230,Saint-Étienne-de-Boulogne,0.5
07231,Saint-Étienne-de-Fontbellon,3.0
07232,Saint-Étienne-de-Lugdarès,0.0
07233,Saint-Étienne-de-Serre,2.0
07234,Saint-Étienne-de-Valoux,3.1
07235,Sainte-Eulalie,1.2
07236,Saint-Félicien,5.5
07237,Saint-Fortunat-sur-Eyrieux,1.7
07238,Saint-Genest-de-Beauzon,4.5
07239,Saint-Genest-Lachamp,0.0
07240,Saint-Georges-les-Bains,1.7
07241,Saint-Germain,4.0
07242,Saint-Gineys-en-Coiron,0.9
07243,Saint-Jacques-d'Atticieux,1.9
07244,Saint-Jean-Chambre,0.8
07245,Saint-Jean-de-Muzols,4.1
07247,Saint-Jean-le-Centenier,3.2
07248,Saint-Jean-Roure,3.0
07249,Saint-Jeure-d'Andaure,2.6
07250,Saint-Jeure-d'Ay,4.6
07251,Saint-Joseph-des-Bancs,0.3
07253,Saint-Julien-du-Gua,0.0
07254,Saint-Julien-du-Serre,2.0
07255,Saint-Julien-en-Saint-Alban,3.0
07257,Saint-Julien-le-Roux,1.6
07258,Saint-Julien-Vocance,0.2
07259,Saint-Just-d'Ardèche,2.5
07260,Saint-Lager-Bressac,1.7
07261,Saint-Laurent-du-Pape,2.2
07262,Saint-Laurent-les-Bains-Laval-d'Aurelle,0.0
07263,Saint-Laurent-sous-Coiron,0.9
07264,Saint-Marcel-d'Ardèche,2.0
07265,Saint-Marcel-lès-Annonay,3.8
07266,Sainte-Marguerite-Lafigère,1.5
07267,Saint-Martial,0.4
07268,Saint-Martin-d'Ardèche,1.7
07269,Saint-Martin-de-Valamas,5.1
07270,Saint-Martin-sur-Lavezon,0.8
07272,Saint-Maurice-d'Ardèche,2.9
07273,Saint-Maurice-d'Ibie,1.0
07274,Saint-Maurice-en-Chalencon,2.0
07275,Saint-Mélany,0.0
07276,Saint-Michel-d'Aurance,4.0
07277,Saint-Michel-de-Boulogne,0.4
07278,Saint-Michel-de-Chabrillanoux,1.7
07279,Saint-Montan,1.6
07280,Saint-Paul-le-Jeune,3.5
07281,Saint-Péray,3.9
07282,Saint-Pierre-de-Colombier,4.1
07283,Saint-Pierre-la-Roche,0.1
07284,Saint-Pierre-Saint-Jean,2.5
07285,Saint-Pierre-sur-Doux,1.4
07286,Saint-Pierreville,3.8
07287,Saint-Pons,2.5
07288,Saint-Priest,0.8
07289,Saint-Privat,3.7
07290,Saint-Prix,5.4
07291,Saint-Remèze,0.7
07292,Saint-Romain-d'Ay,2.4
07293,Saint-Romain-de-Lerps,1.1
07294,Saint-Sauveur-de-Cruzières,2.6
07295,Saint-Sauveur-de-Montagut,2.7
07296,Saint-Sernin,3.0
07297,Saint-Sylvestre,2.5
07298,Saint-Symphorien-sous-Chomérac,2.5
07299,Saint-Symphorien-de-Mahun,0.4
07300,Saint-Thomé,1.8
07301,Saint-Victor,4.0
07302,Saint-Vincent-de-Barrès,1.2
07303,Saint-Vincent-de-Durfort,0.8
07304,Salavas,4.4
07305,Les Salelles,3.7
07306,Sampzon,4.1
07307,Sanilhac,1.6
07308,Sarras,2.8
07309,Satillieu,3.1
07310,Savas,3.2
07311,Sceautres,1.2
07312,Sécheras,2.9
07313,Serrières,3.6
07314,Silhac,2.4
07315,La Souche,2.1
07316,Soyons,4.1
07317,Talencieux,2.6
07318,Tauriers,2.0
07319,Le Teil,3.3
07321,Thorrenc,2.4
07322,Thueyts,3.3
07323,Toulaud,2.5
07324,Tournon-sur-Rhône,3.0
07325,Ucel,4.1
07326,Usclades-et-Rieutord,2.3
07327,Uzer,4.9
07328,Vagnas,3.8
07329,Valgorge,0.0
07330,Vallon-Pont-d'Arc,3.9
07331,Vals-les-Bains,3.1
07332,Valvignères,1.5
07333,Vanosc,1.3
07334,Les Vans,4.5
07335,Vaudevant,4.4
07336,Vernon,2.5
07337,Vernosc-lès-Annonay,2.5
07338,Vernoux-en-Vivarais,3.2
07339,Vesseaux,2.4
07340,Veyras,1.3
07341,Villeneuve-de-Berg,2.7
07342,Villevocance,1.3
07343,Vinezac,3.1
07344,Vinzieux,2.4
07345,Vion,3.2
07346,Viviers,3.0
07347,Vocance,0.8
07348,Vogüé,3.6
07349,La Voulte-sur-Rhône,2.6
08001,Acy-Romance,4.2
08003,Aiglemont,2.6
08004,Aire,3.8
08005,Alincourt,3.0
08006,Alland'Huy-et-Sausseuil,2.8
08008,Amagne,3.7
08010,Ambly-Fleury,3.6
08011,Anchamps,2.1
08013,Angecourt,2.8
08014,Annelles,3.2
08015,Antheny,3.6
08016,Aouste,1.9
08017,Apremont,3.1
08018,Ardeuil-et-Montfauxelles,2.0
08019,Les Grandes-Armoises,3.3
08020,Les Petites-Armoises,4.2
08021,Arnicourt,3.6
08022,Arreux,3.8
08023,Artaise-le-Vivier,1.1
08024,Asfeld,3.7
08025,Attigny,2.9
08026,Aubigny-les-Pothées,2.5
08027,Auboncourt-Vauzelles,2.2
08028,Aubrives,3.3
08029,Auflance,1.2
08030,Auge,5.5
08031,Aure,0.1
08032,Aussonce,3.9
08033,Authe,7.2
08034,Autrecourt-et-Pourron,3.2
08035,Autruche,6.3
08036,Autry,3.0
08037,Auvillers-les-Forges,4.4
08038,Avançon,5.0
08039,Avaux,3.9
08040,Les Ayvelles,5.2
08041,Baâlons,2.0
08043,Balan,3.0
08044,Balham,3.6
08045,Ballay,4.1
08046,Banogne-Recouvrance,2.4
08047,Barbaise,1.1
08048,Barby,2.9
08049,Bar-lès-Buzancy,5.3
08052,Bayonville,5.6
08053,Bazeilles,4.5
08055,Beaumont-en-Argonne,2.6
08056,Beffu-et-le-Morthomme,6.3
08057,Belleville-et-Châtillon-sur-Bar,6.5
08058,Belval,3.4
08059,Belval-Bois-des-Dames,3.6
08060,Bergnicourt,5.9
08061,La Berlière,3.5
08062,Bertoncourt,2.3
08063,La Besace,0.9
08064,Biermes,4.0
08065,Bièvres,2.3
08066,Bignicourt,3.3
08067,Blagny,3.2
08069,Blanchefosse-et-Bay,1.5
08070,Blanzy-la-Salonnaise,4.2
08071,Blombay,2.0
08073,Bossus-lès-Rumigny,3.7
08074,Bouconville,0.1
08075,Boult-aux-Bois,7.7
08076,Boulzicourt,3.5
08077,Bourcq,4.1
08078,Bourg-Fidèle,3.3
08080,Bouvellemont,2.9
08081,Bogny-sur-Meuse,1.5
08082,Brécy-Brières,3.2
08083,Brévilly,3.6
08084,Brienne-sur-Aisne,3.2
08085,Brieulles-sur-Bar,5.3
08086,Briquenay,9.4
08087,Brognon,4.0
08088,Bulson,1.4
08089,Buzancy,5.3
08090,Carignan,3.4
08092,Cauroy,3.3
08094,Cernion,2.1
08095,Chagny,1.9
08096,Chalandry-Elaire,4.1
08097,Challerange,3.9
08098,Champigneulle,6.3
08099,Champigneul-sur-Vence,3.2
08100,Champlin,3.6
08101,La Chapelle,1.4
08102,Chappes,2.3
08103,Charbogne,2.4
08104,Chardeny,4.0
08105,Charleville-Mézières,4.5
08106,Charnois,2.9
08107,Château-Porcien,3.3
08109,Chatel-Chéhéry,3.4
08110,Le Châtelet-sur-Sormonne,2.7
08111,Le Châtelet-sur-Retourne,4.4
08113,Chaumont-Porcien,3.1
08115,Chémery-Chéhéry,1.3
08116,Bairon et ses environs,3.5
08117,Chesnois-Auboncourt,2.0
08119,Cheveuges,2.0
08120,Chevières,5.0
08121,Chilly,2.9
08122,Chooz,3.4
08123,Chuffilly-Roche,4.2
08124,Clavy-Warby,2.6
08125,Cliron,4.1
08126,Condé-lès-Herpy,3.5
08128,Condé-lès-Autry,1.7
08130,Contreuve,2.1
08131,Cornay,3.0
08132,Corny-Machéroménil,2.7
08133,Coucy,3.7
08134,Coulommes-et-Marqueny,3.6
08135,La Croix-aux-Bois,6.9
08136,Daigny,3.2
08137,Damouzy,4.5
08138,Les Deux-Villes,2.5
08139,Deville,2.4
08140,Dom-le-Mesnil,2.6
08141,Dommery,2.1
08142,Donchery,3.7
08143,Doumely-Bégny,3.0
08144,Doux,3.0
08145,Douzy,3.7
08146,Draize,3.3
08147,Dricourt,3.9
08148,L'Écaille,5.0
08149,L'Échelle,2.4
08150,Écly,3.6
08151,Écordal,2.7
08153,Escombres-et-le-Chesnois,2.4
08154,Estrebay,2.6
08155,Étalle,3.5
08156,Éteignières,4.7
08158,Étrépigny,2.1
08159,Euilly-et-Lombut,3.5
08160,Évigny,3.1
08161,Exermont,2.2
08162,Fagnon,2.9
08163,Faissault,2.8
08164,Falaise,4.6
08165,Faux,2.6
08166,Fépin,3.0
08167,La Férée,2.2
08168,La Ferté-sur-Chiers,3.0
08169,Flaignes-Havys,2.9
08170,Fleigneux,1.1
08171,Fléville,3.4
08172,Fligny,4.6
08173,Flize,3.6
08174,Floing,1.9
08175,Foisches,4.0
08176,Fossé,5.3
08178,Fraillicourt,3.7
08179,Francheval,2.1
08180,La Francheville,5.3
08182,Le Fréty,1.4
08183,Fromelennes,2.3
08184,Fromy,2.5
08185,Fumay,2.5
08186,Germont,8.2
08187,Gernelle,2.5
08188,Gespunsart,0.6
08189,Girondelle,4.5
08190,Givet,3.4
08191,Givonne,2.0
08192,Givron,3.7
08193,Givry,3.1
08194,Glaire,3.5
08195,Gomont,3.1
08196,Grandchamp,2.7
08197,Grandham,3.6
08198,Grandpré,5.0
08199,La Grandville,2.2
08200,Grivy-Loisy,4.1
08201,Gruyères,1.2
08202,Gué-d'Hossus,2.3
08203,Guignicourt-sur-Vence,3.4
08204,Guincourt,2.7
08205,Hagnicourt,2.2
08206,Ham-les-Moines,3.4
08207,Ham-sur-Meuse,3.4
08208,Hannappes,3.7
08209,Hannogne-Saint-Martin,1.7
08210,Hannogne-Saint-Rémy,2.4
08211,Haraucourt,2.4
08212,Harcy,3.8
08214,Hargnies,1.7
08215,Harricourt,5.3
08216,Haudrecy,3.4
08217,Haulmé,2.1
08218,Les Hautes-Rivières,2.0
08219,Hauteville,2.7
08220,Hauviné,3.5
08222,Haybes,3.0
08223,Herbeuval,1.1
08225,Herpy-l'Arlésienne,3.5
08226,Hierges,3.3
08228,La Horgne,1.4
08229,Houdilcourt,3.4
08230,Houldizy,3.5
08232,Illy,1.5
08233,Imécourt,6.5
08234,Inaumont,3.1
08235,Issancourt-et-Rumel,3.1
08236,Jandun,1.2
08237,Joigny-sur-Meuse,2.5
08238,Jonval,1.7
08239,Juniville,3.8
08240,Justine-Herbigny,3.0
08242,Laifour,2.1
08243,Lalobbe,3.2
08244,Lametz,3.5
08245,Lançon,2.7
08246,Landres-et-Saint-Georges,5.4
08247,Landrichamps,1.6
08248,Launois-sur-Vence,2.0
08249,Laval-Morency,3.1
08250,Leffincourt,4.3
08251,Lépron-les-Vallées,2.4
08252,Létanne,1.7
08254,Liart,2.0
08255,Linay,2.9
08256,Liry,0.8
08257,Logny-Bogny,1.8
08259,Longwé,6.9
08260,Lonny,4.4
08262,Lucquy,3.3
08263,Lumes,5.7
08264,Machault,3.1
08268,Maisoncelle-et-Villers,2.2
08269,Malandry,3.1
08271,Manre,0.1
08272,Maranwez,2.1
08273,Marby,3.3
08274,Marcq,5.3
08275,Margny,0.4
08276,Margut,3.0
08277,Marlemont,1.9
08278,Marquigny,3.4
08279,Mars-sous-Bourcq,4.1
08280,Marvaux-Vieux,0.8
08281,Matton-et-Clémency,2.5
08282,Maubert-Fontaine,4.1
08283,Mazerny,2.4
08284,Les Mazures,2.9
08286,Ménil-Annelles,4.6
08287,Ménil-Lépinois,2.6
08288,Mesmont,3.3
08289,Messincourt,3.0
08291,Mogues,1.6
08293,Moiry,3.0
08295,Mondigny,2.7
08296,Montcheutin,3.9
08297,Montcornet,3.0
08298,Montcy-Notre-Dame,3.9
08300,Le Mont-Dieu,2.0
08301,Montgon,3.4
08302,Monthermé,2.4
08303,Monthois,2.7
08304,Montigny-sur-Meuse,3.5
08305,Montigny-sur-Vence,4.2
08306,Mont-Laurent,3.6
08307,Montmeillant,2.0
08308,Mont-Saint-Martin,2.1
08309,Mont-Saint-Remy,4.5
08310,Mouron,4.4
08311,Mouzon,3.4
08312,Murtin-et-Bogny,2.7
08313,Nanteuil-sur-Aisne,4.1
08314,Neuflize,4.1
08315,Neufmaison,2.1
08316,Neufmanil,1.8
08317,La Neuville-à-Maire,1.2
08318,La Neuville-aux-Joûtes,4.6
08319,Neuville-lez-Beaulieu,4.3
08320,La Neuville-en-Tourne-à-Fuy,3.8
08321,Neuville-Day,4.1
08322,Neuville-lès-This,2.8
08323,La Neuville-lès-Wasigny,2.8
08324,Neuvizy,2.0
08325,Noirval,4.7
08326,Nouart,5.0
08327,Nouvion-sur-Meuse,2.4
08328,Nouzonville,3.0
08329,Novion-Porcien,3.3
08330,Novy-Chevrières,3.0
08331,Noyers-Pont-Maugis,2.8
08332,Oches,3.9
08333,Olizy-Primat,5.1
08334,Omicourt,1.0
08335,Omont,1.2
08336,Osnes,3.2
08338,Pauvres,4.7
08339,Perthes,3.7
08340,Poilcourt-Sydney,3.6
08341,Poix-Terron,3.6
08342,Pouru-aux-Bois,2.0
08343,Pouru-Saint-Remy,3.5
08344,Prez,3.0
08346,Prix-lès-Mézières,4.5
08347,Puilly-et-Charbeaux,1.7
08348,Puiseux,1.4
08349,Pure,2.6
08350,Quatre-Champs,4.0
08351,Quilly,4.0
08352,Raillicourt,2.5
08353,Rancennes,2.9
08354,Raucourt-et-Flaba,1.9
08355,Regniowez,1.8
08356,Remaucourt,2.7
08357,Remilly-Aillicourt,3.3
08358,Remilly-les-Pothées,1.8
08360,Renneville,4.4
08361,Renwez,3.9
08362,Rethel,4.3
08363,Revin,2.6
08364,Rilly-sur-Aisne,3.7
08365,Rimogne,3.2
08366,Rocquigny,3.2
08367,Rocroi,3.0
08368,Roizy,5.0
08369,La Romagne,3.0
08370,Rouvroy-sur-Audry,2.6
08372,Rubigny,4.6
08373,Rumigny,2.8
08374,La Sabotterie,3.2
08375,Sachy,3.6
08376,Sailly,2.7
08377,Saint-Aignan,1.4
08378,Saint-Clément-à-Arnes,3.5
08379,Saint-Étienne-à-Arnes,3.0
08380,Saint-Fergeux,1.9
08381,Saint-Germainmont,3.1
08382,Saint-Jean-aux-Bois,1.8
08383,Saint-Juvin,6.7
08384,Saint-Lambert-et-Mont-de-Jeux,3.0
08385,Saint-Laurent,4.0
08386,Saint-Loup-en-Champagne,5.0
08387,Saint-Loup-Terrier,2.8
08388,Saint-Marceau,3.8
08389,Saint-Marcel,2.9
08390,Sainte-Marie,3.5
08391,Saint-Menges,2.7
08392,Saint-Morel,2.7
08393,Saint-Pierre-à-Arnes,2.7
08394,Saint-Pierremont,5.1
08395,Saint-Pierre-sur-Vence,4.0
08396,Saint-Quentin-le-Petit,2.2
08397,Saint-Remy-le-Petit,4.9
08398,Sainte-Vaubourg,2.8
08399,Sapogne-sur-Marche,1.2
08400,Sapogne-et-Feuchères,1.1
08401,Saulces-Champenoises,4.2
08402,Saulces-Monclin,2.6
08403,Sault-lès-Rethel,4.2
08404,Sault-Saint-Remy,4.3
08405,Sauville,2.8
08406,Savigny-sur-Aisne,4.6
08407,Séchault,2.0
08408,Sécheval,4.1
08409,Sedan,3.5
08410,Semide,2.0
08411,Semuy,4.5
08412,Senuc,3.6
08413,Seraincourt,3.0
08415,Sery,3.7
08416,Seuil,4.5
08417,Sévigny-la-Forêt,3.0
08418,Sévigny-Waleppe,2.3
08419,Signy-l'Abbaye,2.7
08420,Signy-le-Petit,4.3
08421,Signy-Montlibert,1.8
08422,Singly,1.8
08424,Sommauthe,2.9
08425,Sommerance,4.1
08426,Son,2.5
08427,Sorbon,3.5
08428,Sorcy-Bauthémont,2.6
08429,Sormonne,3.0
08430,Stonne,2.6
08431,Sugny,2.2
08432,Sury,2.8
08433,Suzanne,3.1
08434,Sy,1.9
08435,Tagnon,5.5
08436,Taillette,2.1
08437,Tailly,4.7
08438,Taizy,2.8
08439,Tannay,2.9
08440,Tarzy,5.0
08444,Tétaigne,3.6
08445,Thelonne,2.6
08446,Thénorgues,6.5
08448,Thilay,2.7
08449,Thin-le-Moutier,2.3
08450,This,2.8
08451,Le Thour,2.6
08452,Thugny-Trugny,3.9
08453,Toges,4.5
08454,Touligny,0.3
08455,Tourcelles-Chaumont,4.0
08456,Tournavaux,2.4
08457,Tournes,3.7
08458,Tourteron,3.5
08459,Tremblois-lès-Carignan,2.0
08460,Tremblois-lès-Rocroi,3.3
08461,Vandy,3.8
08462,Vaux-Champagne,3.8
08463,Vaux-en-Dieulet,2.8
08464,Vaux-lès-Mouron,3.2
08465,Vaux-lès-Rubigny,4.6
08466,Vaux-lès-Mouzon,4.6
08467,Vaux-Montreuil,2.1
08468,Vaux-Villaine,2.3
08469,Vendresse,1.5
08470,Verpel,6.5
08471,Verrières,3.2
08472,Viel-Saint-Remy,1.6
08473,Vieux-lès-Asfeld,3.4
08476,Villers-devant-le-Thour,3.2
08477,Villers-devant-Mouzon,3.2
08478,Villers-le-Tilleul,0.6
08479,Villers-le-Tourneur,2.7
08480,Villers-Semeuse,5.5
08481,Villers-sur-Bar,2.2
08482,Villers-sur-le-Mont,2.9
08483,Ville-sur-Lumes,4.7
08484,Ville-sur-Retourne,3.5
08485,Villy,3.6
08486,Vireux-Molhain,3.8
08487,Vireux-Wallerand,3.8
08488,Vivier-au-Court,4.6
08489,Voncq,4.6
08490,Vouziers,3.8
08491,Vrigne aux Bois,4.1
08492,Vrigne-Meuse,4.3
08494,Wadelincourt,4.7
08496,Wagnon,2.9
08497,Warcq,4.3
08498,Warnécourt,3.1
08499,Wasigny,3.0
08500,Wignicourt,1.5
08501,Williers,0.8
08502,Yoncq,1.9
08503,Yvernaumont,4.3
09001,Aigues-Juntes,2.9
09002,Aigues-Vives,4.4
09003,L'Aiguillon,3.1
09004,Albiès,2.3
09005,Aleu,2.2
09006,Alliat,3.6
09007,Allières,4.3
09008,Alos,1.9
09009,Alzen,4.3
09011,Antras,1.0
09012,Appy,0.3
09013,Arabaux,2.9
09014,Argein,3.0
09015,Arignac,2.7
09016,Arnave,2.3
09017,Arrien-en-Bethmale,3.0
09018,Arrout,3.1
09019,Artigat,5.1
09020,Artigues,0.0
09021,Artix,1.7
09022,Arvigna,2.3
09023,Ascou,5.3
09024,Aston,0.6
09025,Aucazein,3.0
09026,Audressein,3.1
09027,Augirein,2.0
09029,Aulus-les-Bains,4.8
09030,Auzat,3.6
09031,Axiat,0.3
09032,Ax-les-Thermes,5.5
09033,Bagert,0.6
09034,Balacet,2.0
09035,Balaguères,4.0
09037,Barjac,2.1
09038,La Bastide-de-Besplas,4.3
09039,La Bastide-de-Bousignac,3.6
09040,La Bastide-de-Lordat,4.1
09041,La Bastide-du-Salat,2.2
09042,La Bastide-de-Sérou,3.7
09043,La Bastide-sur-l'Hers,3.5
09044,Baulou,4.5
09045,Bédeilhac-et-Aynat,2.6
09046,Bédeille,1.2
09047,Bélesta,2.3
09048,Belloc,1.9
09049,Bénac,4.0
09050,Benagues,3.1
09051,Bénaix,2.6
09052,Besset,2.6
09053,Bestiac,2.1
09054,Betchat,2.0
09055,Bethmale,3.0
09056,Bézac,1.6
09057,Biert,3.4
09058,Bompas,2.6
09059,Bonac-Irazein,2.0
09060,Bonnac,3.4
09061,Les Bordes-sur-Arize,4.7
09062,Bordes-Uchentein,3.0
09063,Le Bosc,3.3
09064,Bouan,1.3
09065,Boussenac,3.4
09066,Brassac,2.9
09067,Brie,1.3
09068,Burret,4.0
09069,Buzan,2.0
09070,Les Cabannes,2.7
09071,Cadarcet,5.4
09072,Calzan,1.1
09073,Camarade,1.2
09074,Camon,1.9
09075,Campagne-sur-Arize,5.5
09076,Canté,2.7
09077,Capoulet-et-Junac,4.4
09078,Carcanières,0.0
09079,Carla-Bayle,5.7
09080,Carla-de-Roquefort,2.2
09081,Le Carlaret,3.8
09082,Castelnau-Durban,3.1
09083,Castéras,5.9
09084,Castex,3.8
09085,Castillon-en-Couserans,3.1
09086,Caumont,3.4
09087,Caussou,2.1
09088,Caychax,0.1
09089,Cazals-des-Baylès,2.4
09090,Cazaux,3.6
09091,Cazavet,3.0
09092,Cazenave-Serres-et-Allens,0.5
09093,Celles,4.0
09094,Cérizols,1.7
09095,Cescau,4.0
09096,Château-Verdun,2.6
09097,Clermont,3.2
09098,Contrazy,0.4
09099,Cos,4.4
09100,Couflens,2.2
09101,Coussa,4.0
09102,Coutens,2.6
09103,Crampagna,5.5
09104,Dalou,5.3
09105,Daumazan-sur-Arize,4.0
09106,Dreuilhe,3.4
09107,Dun,1.2
09108,Durban-sur-Arize,4.9
09109,Durfort,2.2
09110,Encourtiech,1.9
09111,Engomer,4.2
09113,Ercé,5.4
09114,Erp,2.9
09115,Esclagne,3.4
09116,Escosse,1.6
09117,Esplas,0.9
09118,Esplas-de-Sérou,1.2
09119,Eycheil,4.1
09120,Fabas,1.7
09121,Ferrières-sur-Ariège,3.9
09122,Foix,4.9
09123,Fornex,2.7
09124,Le Fossat,5.4
09125,Fougax-et-Barrineuf,0.9
09126,Freychenet,0.4
09127,Gabre,2.6
09128,Gajan,2.9
09129,Galey,2.0
09130,Ganac,3.7
09131,Garanou,3.9
09132,Gaudiès,2.7
09133,Génat,0.2
09134,Gestiès,0.0
09136,Gourbit,1.0
09137,Gudas,3.2
09138,L'Herm,1.9
09139,L'Hospitalet-près-l'Andorre,0.0
09140,Ignaux,5.3
09141,Illartein,3.0
09142,Ilhat,2.5
09143,Illier-et-Laramade,2.4
09145,Les Issards,3.1
09146,Justiniac,2.2
09147,Labatut,2.2
09148,Lacave,2.0
09149,Lacourt,5.0
09150,Lagarde,2.6
09151,Lanoux,4.3
09152,Lapège,0.0
09153,Lapenne,2.3
09154,Larbont,3.7
09155,Larcat,0.1
09156,Larnat,0.0
09157,Laroque-d'Olmes,4.5
09158,Lasserre,2.1
09159,Lassur,4.1
09160,Lavelanet,3.5
09161,Léran,3.5
09162,Lercoul,0.0
09163,Lescousse,2.1
09164,Lescure,2.4
09165,Lesparrou,3.5
09166,Leychert,1.5
09167,Lézat-sur-Lèze,3.6
09168,Lieurac,2.7
09169,Limbrassac,1.4
09170,Lissac,3.1
09171,Lordat,2.1
09172,Loubaut,2.4
09173,Loubens,3.9
09174,Loubières,6.1
09175,Ludiès,3.8
09176,Luzenac,3.9
09177,Madière,0.5
09178,Malegoude,2.1
09179,Malléon,3.1
09180,Manses,1.9
09181,Le Mas-d'Azil,4.0
09182,Massat,3.4
09183,Mauvezin-de-Prat,1.8
09184,Mauvezin-de-Sainte-Croix,1.3
09185,Mazères,3.7
09186,Méras,3.8
09187,Mercenac,3.4
09188,Mercus-Garrabet,4.0
09189,Mérens-les-Vals,3.5
09190,Mérigon,1.5
09192,Miglos,2.9
09193,Mijanès,0.0
09194,Mirepoix,2.6
09195,Monesple,3.4
09196,Montagagne,0.0
09197,Montaillou,2.3
09198,Montardit,1.3
09199,Montaut,4.3
09200,Montbel,1.5
09201,Montégut-en-Couserans,3.7
09202,Montégut-Plantaurel,2.8
09203,Montels,4.7
09204,Montesquieu-Avantès,1.8
09205,Montfa,1.2
09206,Montferrier,1.8
09207,Montgailhard,3.8
09208,Montgauch,3.0
09209,Montjoie-en-Couserans,3.0
09210,Montoulieu,2.0
09211,Montségur,0.8
09212,Montseron,2.4
09213,Moulin-Neuf,2.8
09214,Moulis,4.2
09215,Nalzen,2.0
09216,Nescus,3.7
09217,Niaux,3.6
09218,Orgeix,5.5
09219,Orgibet,2.0
09220,Orlu,5.3
09221,Ornolac-Ussat-les-Bains,1.2
09222,Orus,2.4
09223,Oust,4.8
09224,Pailhès,4.3
09225,Pamiers,5.0
09226,Pech,2.7
09227,Péreille,2.5
09228,Perles-et-Castelet,5.6
09229,Le Peyrat,3.5
09230,Le Pla,0.0
09231,Le Port,3.4
09232,Prades,2.3
09233,Pradettes,2.0
09234,Pradières,2.9
09235,Prat-Bonrepaux,2.7
09236,Prayols,4.5
09237,Le Puch,0.0
09238,Les Pujols,4.0
09239,Quérigut,0.0
09240,Quié,3.9
09241,Rabat-les-Trois-Seigneurs,2.6
09242,Raissac,3.0
09243,Régat,3.7
09244,Rieucros,3.2
09245,Rieux-de-Pelleport,3.4
09246,Rimont,2.6
09247,Rivèrenert,1.8
09249,Roquefixade,2.0
09250,Roquefort-les-Cascades,2.5
09251,Roumengoux,3.2
09252,Rouze,0.0
09253,Sabarat,5.5
09254,Saint-Amadou,4.0
09256,Saint-Bauzeil,1.7
09257,Sainte-Croix-Volvestre,1.6
09258,Saint-Félix-de-Rieutord,4.2
09259,Saint-Félix-de-Tournegat,1.6
09260,Sainte-Foi,2.1
09261,Saint-Girons,3.5
09262,Saint-Jean-d'Aigues-Vives,3.1
09263,Saint-Jean-du-Castillonnais,2.0
09264,Saint-Jean-de-Verges,6.3
09265,Saint-Jean-du-Falga,3.8
09266,Saint-Julien-de-Gras-Capou,1.9
09267,Saint-Lary,1.0
09268,Saint-Lizier,4.8
09269,Saint-Martin-de-Caralp,5.0
09270,Saint-Martin-d'Oydes,1.7
09271,Saint-Michel,1.5
09272,Saint-Paul-de-Jarrat,3.8
09273,Saint-Pierre-de-Rivière,4.3
09274,Saint-Quentin-la-Tour,4.4
09275,Saint-Quirc,2.8
09276,Saint-Victor-Rouzaud,1.3
09277,Saint-Ybars,3.9
09279,Salsein,3.0
09280,Saurat,1.0
09281,Sautel,2.7
09282,Saverdun,3.2
09283,Savignac-les-Ormeaux,5.6
09284,Ségura,3.4
09285,Seix,3.2
09287,Senconac,0.1
09289,Lorp-Sentaraille,3.8
09290,Sentein,2.0
09291,Sentenac-d'Oust,3.2
09292,Sentenac-de-Sérou,2.4
09293,Serres-sur-Arget,5.1
09294,Sieuras,4.2
09295,Siguer,2.6
09296,Aulos-Sinsat,0.9
09297,Sor,3.0
09298,Sorgeat,5.3
09299,Soueix-Rogalle,4.0
09300,Soula,2.8
09301,Soulan,3.3
09303,Surba,2.6
09304,Suzan,3.7
09305,Tabre,3.4
09306,Tarascon-sur-Ariège,3.8
09307,Taurignan-Castet,3.2
09308,Taurignan-Vieux,3.8
09309,Teilhet,3.4
09310,Thouars-sur-Arize,3.0
09311,Tignac,5.5
09312,La Tour-du-Crieu,5.1
09313,Tourtouse,1.2
09314,Tourtrol,2.6
09315,Trémoulet,3.0
09316,Troye-d'Ariège,2.9
09318,Unac,3.9
09319,Unzent,1.0
09320,Urs,4.1
09321,Ussat,1.2
09322,Ustou,1.1
09323,Vals,3.2
09324,Varilhes,5.2
09325,Vaychis,5.5
09326,Vèbre,2.3
09327,Ventenac,1.4
09328,Verdun,2.6
09329,Vernajoul,6.3
09330,Vernaux,2.1
09331,Le Vernet,3.9
09332,Verniolle,5.5
09334,Val-de-Sos,3.8
09335,Villeneuve,3.0
09336,Villeneuve-d'Olmes,2.7
09338,Villeneuve-du-Latou,3.5
09339,Villeneuve-du-Paréage,4.6
09340,Vira,1.4
09341,Viviès,1.9
09342,Sainte-Suzanne,5.2
10002,Ailleville,2.3
10003,Aix-Villemaur-Pâlis,2.6
10004,Allibaudières,3.8
10005,Amance,2.3
10006,Arcis-sur-Aube,3.5
10007,Arconville,1.8
10008,Argançon,2.1
10009,Arrelles,2.4
10010,Arrembécourt,3.7
10011,Arrentières,3.1
10012,Arsonval,2.8
10013,Assenay,1.5
10014,Assencières,2.8
10015,Aubeterre,1.6
10017,Aulnay,3.2
10018,Auxon,2.5
10019,Val-d'Auzon,4.2
10020,Avant-lès-Marcilly,2.2
10021,Avant-lès-Ramerupt,1.8
10022,Avirey-Lingey,2.4
10023,Avon-la-Pèze,1.5
10024,Avreuil,2.7
10025,Bagneux-la-Fosse,2.2
10026,Bailly-le-Franc,3.6
10027,Balignicourt,2.6
10028,Balnot-la-Grange,1.7
10029,Balnot-sur-Laignes,3.8
10030,Barberey-Saint-Sulpice,4.5
10031,Barbuise,2.3
10032,Baroville,2.6
10033,Bar-sur-Aube,2.3
10034,Bar-sur-Seine,3.1
10035,Bayel,3.6
10037,Bercenay-en-Othe,1.7
10038,Bercenay-le-Hayer,1.2
10039,Bergères,0.8
10040,Bernon,1.7
10041,Bertignolles,1.9
10042,Bérulle,1.6
10043,Bessy,3.4
10044,Bétignicourt,3.3
10045,Beurey,1.8
10046,Blaincourt-sur-Aube,3.5
10047,Blignicourt,4.0
10048,Bligny,1.3
10049,Les Bordes-Aumont,1.8
10050,Bossancourt,2.7
10051,Bouilly,1.9
10052,Boulages,1.8
10053,Bouranton,3.9
10054,Bourdenay,1.2
10055,Bourguignons,2.3
10056,Bouy-Luxembourg,3.6
10057,Bouy-sur-Orvin,2.0
10058,Bragelogne-Beauvoir,1.7
10059,Braux,3.0
10060,Bréviandes,3.4
10061,Brévonnes,4.0
10062,Briel-sur-Barse,2.5
10063,Brienne-la-Vieille,4.2
10064,Brienne-le-Château,2.8
10065,Brillecourt,1.7
10066,Bucey-en-Othe,1.9
10067,Buchères,3.0
10068,Buxeuil,4.0
10069,Buxières-sur-Arce,2.3
10070,Celles-sur-Ource,4.3
10071,Chacenay,1.4
10072,La Chaise,2.3
10073,Chalette-sur-Voire,2.6
10074,Chamoy,2.3
10075,Champfleury,2.7
10076,Champignol-lez-Mondeville,1.4
10077,Champigny-sur-Aube,3.4
10078,Champ-sur-Barse,2.2
10079,Channes,1.1
10080,Chaource,1.7
10081,La Chapelle-Saint-Luc,3.8
10082,Chapelle-Vallon,1.9
10083,Chappes,1.4
10084,Charmont-sous-Barbuise,1.8
10085,Charmoy,1.9
10086,Charny-le-Bachot,3.1
10087,Chaserey,0.8
10089,Châtres,3.3
10090,Chauchigny,1.5
10091,Chaudrey,2.9
10092,Chauffour-lès-Bailly,2.7
10093,Chaumesnil,2.5
10094,Chavanges,4.0
10095,Le Chêne,3.9
10096,Chennegy,2.4
10097,Chervey,2.7
10098,Chesley,1.1
10099,Chessy-les-Prés,2.7
10100,Clérey,1.3
10101,Coclois,2.0
10102,Colombé-la-Fosse,2.9
10103,Colombé-le-Sec,2.6
10104,Cormost,1.6
10105,Courcelles-sur-Voire,4.0
10106,Courceroy,2.9
10107,Coursan-en-Othe,3.4
10108,Courtaoult,2.9
10109,Courtenot,2.0
10110,Courteranges,1.4
10111,Courteron,3.5
10112,Coussegrey,2.4
10113,Couvignon,1.5
10114,Crancey,3.2
10115,Creney-près-Troyes,5.4
10116,Crésantignes,2.1
10117,Crespy-le-Neuf,3.4
10118,Les Croûtes,3.3
10119,Cunfin,0.3
10120,Cussangy,1.7
10121,Dampierre,1.1
10122,Davrey,2.7
10123,Dienville,3.8
10124,Dierrey-Saint-Julien,2.3
10125,Dierrey-Saint-Pierre,2.1
10126,Dolancourt,2.1
10127,Dommartin-le-Coq,0.8
10128,Donnement,2.6
10129,Dosches,3.1
10130,Dosnon,2.9
10131,Droupt-Saint-Basle,2.1
10132,Droupt-Sainte-Marie,2.4
10133,Eaux-Puiseaux,2.4
10134,Échemines,1.9
10135,Éclance,2.4
10136,Éguilly-sous-Bois,1.9
10137,Engente,3.1
10138,Épagne,4.1
10139,Épothémont,3.0
10140,Ervy-le-Châtel,2.7
10141,Essoyes,2.1
10142,Estissac,2.2
10143,Étourvy,0.6
10144,Étrelles-sur-Aube,2.9
10145,Faux-Villecerf,2.3
10146,Fay-lès-Marcilly,1.9
10147,Fays-la-Chapelle,2.1
10148,Ferreux-Quincey,3.0
10149,Feuges,2.9
10150,Fontaine,2.8
10151,Fontaine-les-Grès,2.1
10153,Fontaine-Mâcon,2.7
10154,Fontenay-de-Bossery,2.1
10155,Fontette,1.0
10156,Fontvannes,2.5
10157,La Fosse-Corduan,2.3
10158,Fouchères,2.3
10159,Fralignes,3.0
10160,Fravaux,1.3
10161,Fresnay,1.8
10162,Fresnoy-le-Château,1.1
10163,Fuligny,1.6
10164,Gélannes,2.5
10165,Géraudot,4.4
10166,Les Grandes-Chapelles,2.4
10167,Grandville,3.0
10168,Les Granges,2.5
10169,Gumery,2.1
10170,Gyé-sur-Seine,3.9
10171,Hampigny,4.5
10172,Herbisse,2.6
10173,Isle-Aumont,1.9
10174,Isle-Aubigny,2.9
10175,Jasseines,1.4
10176,Jaucourt,2.8
10177,Javernant,2.1
10178,Jessains,1.9
10179,Jeugny,2.7
10180,Joncreuil,3.6
10181,Jully-sur-Sarce,2.9
10182,Juvancourt,0.5
10183,Juvanzé,2.6
10184,Juzanvigny,3.1
10185,Lagesse,1.7
10186,Laines-aux-Bois,1.8
10187,Landreville,2.5
10188,Lantages,2.5
10189,Lassicourt,4.8
10190,Laubressel,2.2
10191,Lavau,4.6
10192,Lentilles,3.6
10193,Lesmont,3.8
10194,Lévigny,2.1
10195,Lhuître,3.0
10196,Lignières,2.2
10197,Lignol-le-Château,3.1
10198,Lirey,1.8
10199,Loches-sur-Ource,2.6
10200,La Loge-aux-Chèvres,3.0
10201,La Loge-Pomblin,2.7
10202,Les Loges-Margueron,1.9
10203,Longchamp-sur-Aujon,2.5
10204,Longeville-sur-Mogne,1.6
10205,Longpré-le-Sec,1.4
10206,Longsols,2.8
10207,Longueville-sur-Aube,2.3
10208,La Louptière-Thénard,1.8
10209,Lusigny-sur-Barse,2.4
10210,Luyères,1.7
10211,Macey,2.0
10212,Machy,1.7
10213,Magnant,2.5
10214,Magnicourt,2.3
10215,Magny-Fouchard,2.4
10216,Mailly-le-Camp,0.7
10217,Maison-des-Champs,1.8
10218,Maisons-lès-Chaource,1.7
10219,Maisons-lès-Soulaines,3.5
10220,Maizières-la-Grande-Paroisse,3.2
10221,Maizières-lès-Brienne,4.0
10222,Maraye-en-Othe,2.2
10223,Marcilly-le-Hayer,1.0
10224,Marigny-le-Châtel,2.3
10225,Marnay-sur-Seine,2.9
10226,Marolles-lès-Bailly,2.7
10227,Marolles-sous-Lignières,2.7
10228,Mathaux,3.0
10229,Maupas,1.5
10230,Mergey,1.4
10231,Le Mériot,3.0
10232,Merrey-sur-Arce,3.1
10233,Méry-sur-Seine,2.3
10234,Mesgrigny,3.3
10235,Mesnil-la-Comtesse,2.6
10236,Mesnil-Lettre,1.8
10237,Mesnil-Saint-Loup,2.7
10238,Mesnil-Saint-Père,2.0
10239,Mesnil-Sellières,3.1
10240,Messon,2.0
10241,Metz-Robert,1.7
10242,Meurville,1.3
10243,Molins-sur-Aube,3.1
10245,Montaulin,1.6
10246,Montceaux-lès-Vaudes,1.2
10247,Montfey,3.6
10248,Montgueux,3.0
10249,Montiéramey,1.6
10250,Montier-en-l'Isle,2.8
10251,Montigny-les-Monts,2.5
10252,Montmartin-le-Haut,1.1
10253,Montmorency-Beaufort,4.0
10254,Montpothier,1.6
10255,Montreuil-sur-Barse,2.4
10256,Montsuzain,2.4
10257,Morembert,1.8
10258,Morvilliers,2.5
10259,La Motte-Tilly,2.4
10260,Moussey,1.8
10261,Mussy-sur-Seine,2.0
10262,Neuville-sur-Seine,3.9
10263,Neuville-sur-Vanne,2.6
10264,Noé-les-Mallets,1.0
10265,Les Noës-près-Troyes,4.5
10266,Nogent-en-Othe,2.6
10267,Nogent-sur-Aube,1.9
10268,Nogent-sur-Seine,2.3
10269,Nozay,3.3
10270,Onjon,3.8
10271,Origny-le-Sec,3.1
10272,Ormes,3.5
10273,Ortillon,2.9
10274,Orvilliers-Saint-Julien,2.9
10275,Ossey-les-Trois-Maisons,2.2
10276,Paisy-Cosdon,3.0
10278,Pargues,2.3
10279,Pars-lès-Chavanges,3.9
10280,Pars-lès-Romilly,3.7
10281,Le Pavillon-Sainte-Julie,2.2
10282,Payns,2.3
10283,Pel-et-Der,2.8
10284,Périgny-la-Rose,2.2
10285,Perthes-lès-Brienne,3.7
10286,Petit-Mesnil,1.8
10287,Piney,3.6
10288,Plaines-Saint-Lange,1.9
10289,Plancy-l'Abbaye,2.5
10290,Planty,2.1
10291,Plessis-Barbuise,1.7
10293,Poivres,0.7
10294,Poligny,2.4
10295,Polisot,4.0
10296,Polisy,4.5
10297,Pont-Sainte-Marie,4.0
10298,Pont-sur-Seine,2.9
10299,Pouan-les-Vallées,3.7
10300,Pougy,2.8
10301,Pouy-sur-Vannes,0.9
10302,Praslin,1.7
10303,Précy-Notre-Dame,3.5
10304,Précy-Saint-Martin,2.4
10305,Prémierfait,2.9
10306,Proverville,2.3
10307,Prugny,1.7
10308,Prunay-Belleville,2.1
10309,Prusy,0.9
10310,Puits-et-Nuisement,1.6
10312,Racines,3.4
10313,Radonvilliers,3.5
10314,Ramerupt,1.9
10315,Rances,4.0
10316,Rhèges,3.6
10317,Les Riceys,2.7
10318,Rigny-la-Nonneuse,2.2
10319,Rigny-le-Ferron,2.0
10320,Rilly-Sainte-Syre,1.6
10321,La Rivière-de-Corps,3.6
10323,Romilly-sur-Seine,2.7
10324,Roncenay,1.5
10325,Rosières-près-Troyes,3.7
10326,Rosnay-l'Hôpital,3.1
10327,La Rothière,2.7
10328,Rouilly-Sacey,3.9
10329,Rouilly-Saint-Loup,2.7
10330,Rouvres-les-Vignes,3.1
10331,Rumilly-lès-Vaudes,2.2
10332,Ruvigny,1.8
10333,Saint-André-les-Vergers,4.5
10334,Saint-Aubin,2.8
10335,Saint-Benoist-sur-Vanne,3.0
10336,Saint-Benoît-sur-Seine,2.6
10337,Saint-Christophe-Dodinicourt,3.3
10338,Saint-Étienne-sous-Barbuise,3.4
10339,Saint-Flavy,2.2
10340,Saint-Germain,3.7
10341,Saint-Hilaire-sous-Romilly,3.3
10342,Saint-Jean-de-Bonneval,1.5
10343,Saint-Julien-les-Villas,3.8
10344,Saint-Léger-près-Troyes,3.4
10345,Saint-Léger-sous-Brienne,3.9
10346,Saint-Léger-sous-Margerie,3.5
10347,Saint-Loup-de-Buffigny,2.8
10348,Saint-Lupien,2.0
10349,Saint-Lyé,3.2
10350,Saint-Mards-en-Othe,2.2
10351,Saint-Martin-de-Bossenay,3.3
10352,Sainte-Maure,4.2
10353,Saint-Mesmin,2.1
10354,Saint-Nabord-sur-Aube,3.9
10355,Saint-Nicolas-la-Chapelle,2.9
10356,Saint-Oulph,3.0
10357,Saint-Parres-aux-Tertres,3.6
10358,Saint-Parres-lès-Vaudes,2.1
10359,Saint-Phal,2.1
10360,Saint-Pouange,2.2
10361,Saint-Remy-sous-Barbuise,3.1
10362,Sainte-Savine,4.5
10363,Saint-Thibault,1.6
10364,Saint-Usage,0.7
10365,Salon,1.7
10366,Saulcy,3.0
10367,La Saulsotte,2.0
10368,Savières,1.8
10369,Semoine,1.4
10370,Soligny-les-Étangs,2.1
10371,Sommeval,1.5
10372,Soulaines-Dhuys,2.5
10373,Souligny,2.0
10374,Spoy,1.3
10375,Thennelières,4.1
10376,Thieffrain,2.3
10377,Thil,3.1
10378,Thors,3.0
10379,Torcy-le-Grand,3.6
10380,Torcy-le-Petit,3.9
10381,Torvilliers,3.6
10382,Traînel,1.9
10383,Trancault,1.3
10384,Trannes,2.6
10386,Trouans,1.9
10387,Troyes,4.3
10388,Turgy,1.5
10389,Unienville,1.8
10390,Urville,0.8
10391,Vailly,2.5
10392,Vallant-Saint-Georges,2.7
10393,Vallentigny,3.4
10394,Vallières,1.3
10395,Vanlay,2.1
10396,Vauchassis,1.5
10397,Vauchonvilliers,3.0
10398,Vaucogne,1.1
10399,Vaudes,1.5
10400,Vaupoisson,2.9
10401,Vendeuvre-sur-Barse,1.6
10402,La Vendue-Mignot,1.3
10403,Vernonvilliers,1.3
10404,Verpillières-sur-Ource,1.3
10405,Verricourt,2.8
10406,Verrières,2.1
10408,Viâpres-le-Petit,2.9
10409,Villacerf,1.9
10410,Villadin,1.9
10411,La Ville-aux-Bois,2.0
10412,Villechétif,4.3
10414,Villeloup,2.0
10416,Villemereuil,1.3
10417,Villemoiron-en-Othe,2.2
10418,Villemorien,3.2
10419,Villemoyenne,2.1
10420,Villenauxe-la-Grande,1.7
10421,La Villeneuve-au-Châtelot,1.9
10422,Villeneuve-au-Chemin,3.8
10423,La Villeneuve-au-Chêne,2.2
10424,Villeret,3.6
10425,Villery,2.2
10426,Ville-sous-la-Ferté,0.5
10427,Ville-sur-Arce,2.9
10428,Ville-sur-Terre,2.7
10429,Villette-sur-Aube,4.1
10430,Villiers-Herbisse,1.6
10431,Villiers-le-Bois,1.1
10432,Villiers-sous-Praslin,2.4
10433,Villy-en-Trodes,2.4
10434,Villy-le-Bois,1.3
10435,Villy-le-Maréchal,1.1
10436,Vinets,3.1
10437,Virey-sous-Bar,2.3
10438,Vitry-le-Croisé,0.9
10439,Viviers-sur-Artaut,1.4
10440,Voigny,3.3
10441,Vosnon,3.2
10442,Voué,2.4
10443,Vougrey,2.0
10444,Vulaines,2.5
10445,Yèvres-le-Petit,3.3
11001,Aigues-Vives,3.0
11002,Airoux,3.3
11003,Ajac,2.9
11004,Alaigne,1.9
11005,Alairac,1.6
11006,Albas,2.7
11007,Albières,0.0
11008,Alet-les-Bains,3.2
11009,Alzonne,2.7
11010,Antugnac,2.5
11011,Aragon,3.1
11012,Argeliers,3.3
11013,Argens-Minervois,4.1
11014,Armissan,2.6
11015,Arques,0.8
11016,Arquettes-en-Val,4.9
11017,Artigues,3.5
11018,Arzens,2.2
11019,Aunat,0.0
11020,Auriac,0.0
11021,Axat,4.1
11022,Azille,2.1
11023,Badens,2.9
11024,Bages,3.2
11025,Bagnoles,3.3
11026,Baraigne,4.5
11027,Barbaira,2.8
11028,Belcaire,3.4
11029,Belcastel-et-Buc,1.0
11030,Belflou,3.4
11031,Belfort-sur-Rebenty,1.2
11032,Bellegarde-du-Razès,1.1
11033,Belpech,2.3
11034,Belvèze-du-Razès,2.4
11035,Belvianes-et-Cavirac,4.3
11036,Belvis,2.3
11037,Berriac,3.9
11038,Bessède-de-Sault,0.0
11039,La Bezole,2.4
11040,Bizanet,2.5
11041,Bize-Minervois,3.0
11042,Blomac,3.3
11043,Bouilhonnac,3.0
11044,Bouisse,0.0
11045,Bouriège,2.1
11046,Bourigeole,1.5
11047,Le Bousquet,0.0
11048,Boutenac,3.7
11049,Bram,3.3
11051,Brézilhac,1.6
11052,Brousses-et-Villaret,4.4
11053,Brugairolles,2.9
11054,Les Brunels,1.5
11055,Bugarach,0.0
11056,Cabrespine,0.4
11057,Cahuzac,1.5
11058,Cailhau,2.4
11059,Cailhavel,2.4
11060,Cailla,3.2
11061,Cambieure,2.4
11062,Campagna-de-Sault,0.0
11063,Campagne-sur-Aude,3.7
11064,Camplong-d'Aude,4.3
11065,Camps-sur-l'Agly,1.3
11066,Camurac,3.4
11067,Canet,3.6
11068,Capendu,2.6
11069,Carcassonne,3.8
11070,Carlipa,2.4
11071,Cascastel-des-Corbières,5.1
11072,La Cassaigne,0.8
11073,Cassaignes,0.9
11074,Les Cassés,3.1
11075,Castans,0.0
11076,Castelnaudary,2.9
11077,Castelnau-d'Aude,3.5
11078,Castelreng,2.1
11079,Caudebronde,2.6
11080,Val de Lambronne,2.4
11081,Caunes-Minervois,2.1
11082,Caunette-sur-Lauquet,0.0
11083,Caunettes-en-Val,7.4
11084,Caux-et-Sauzens,3.1
11085,Cavanac,3.5
11086,Caves,3.1
11087,Cazalrenoux,0.1
11088,Cazilhac,3.8
11089,Cenne-Monestiés,2.7
11090,Cépie,3.9
11091,Chalabre,1.6
11092,Citou,0.7
11093,Le Clat,0.0
11094,Clermont-sur-Lauquet,0.0
11095,Comigne,2.6
11096,Comus,2.3
11098,Conilhac-Corbières,4.0
11099,Conques-sur-Orbiel,2.9
11100,Corbières,1.4
11101,Coudons,0.0
11102,Couffoulens,3.3
11103,Couiza,2.5
11104,Counozouls,0.0
11105,Cournanel,2.8
11106,Coursan,4.6
11107,Courtauly,0.7
11108,La Courtète,1.6
11109,Coustaussa,1.9
11110,Coustouge,1.8
11111,Cruscades,3.6
11112,Cubières-sur-Cinoble,2.7
11113,Cucugnan,3.0
11114,Cumiès,3.0
11115,Cuxac-Cabardès,3.2
11116,Cuxac-d'Aude,5.2
11117,Davejean,2.4
11118,Dernacueillette,0.0
11119,La Digne-d'Amont,2.9
11120,La Digne-d'Aval,2.9
11121,Donazac,2.4
11122,Douzens,3.0
11123,Duilhac-sous-Peyrepertuse,0.0
11124,Durban-Corbières,1.6
11125,Embres-et-Castelmaure,1.0
11126,Escales,3.4
11127,Escouloubre,0.0
11128,Escueillens-et-Saint-Just-de-Bélengard,1.7
11129,Espéraza,3.1
11130,Espezel,3.4
11131,Val-du-Faby,3.1
11132,Fabrezan,5.8
11133,Fajac-en-Val,1.5
11134,Fajac-la-Relenque,3.0
11135,La Fajolle,0.0
11136,Fanjeaux,1.9
11137,Félines-Termenès,2.4
11138,Fendeille,3.4
11139,Fenouillet-du-Razès,0.9
11140,Ferrals-les-Corbières,4.7
11141,Ferran,1.7
11142,Festes-et-Saint-André,1.5
11143,Feuilla,1.3
11144,Fitou,2.2
11145,Fleury,2.1
11146,Floure,3.2
11147,Fontanès-de-Sault,0.0
11148,Fontcouverte,5.3
11149,Fonters-du-Razès,1.2
11150,Fontiers-Cabardès,3.8
11151,Fontiès-d'Aude,4.1
11152,Fontjoncouse,1.4
11153,La Force,2.4
11154,Fournes-Cabardès,0.2
11155,Fourtou,0.0
11156,Fraisse-Cabardès,3.4
11157,Fraissé-des-Corbières,1.6
11158,Gaja-et-Villedieu,3.3
11159,Gaja-la-Selve,1.1
11160,Galinagues,0.0
11161,Gardie,1.7
11162,Generville,0.1
11163,Gincla,1.4
11164,Ginestas,4.1
11165,Ginoles,2.4
11166,Gourvieille,4.2
11167,Gramazie,2.4
11168,Granès,2.8
11169,Greffeil,0.3
11170,Gruissan,2.4
11172,Homps,3.1
11173,Hounoux,1.4
11174,Les Ilhes,1.3
11175,Issel,2.8
11176,Jonquières,2.7
11177,Joucou,0.0
11178,Labastide-d'Anjou,4.1
11179,Labastide-en-Val,3.8
11180,Labastide-Esparbairenque,0.0
11181,Labécède-Lauragais,1.9
11182,Lacombe,2.9
11183,Ladern-sur-Lauquet,1.2
11184,Lafage,2.2
11185,Lagrasse,6.9
11186,Lairière,0.0
11187,Lanet,0.0
11188,La Palme,3.4
11189,Laprade,0.8
11190,La Redorte,3.0
11191,Laroque-de-Fa,1.6
11192,Lasbordes,2.5
11193,Lasserre-de-Prouille,2.3
11194,Lastours,2.7
11195,Laurabuc,1.9
11196,Laurac,1.3
11197,Lauraguel,3.7
11198,Laure-Minervois,3.0
11199,Lavalette,2.8
11200,Lespinassière,0.3
11201,Leuc,3.5
11202,Leucate,2.7
11203,Lézignan-Corbières,3.4
11204,Lignairolles,1.3
11205,Limousis,1.0
11206,Limoux,3.3
11207,Loupia,2.4
11208,La Louvière-Lauragais,1.7
11209,Luc-sur-Aude,2.5
11210,Luc-sur-Orbieu,3.5
11211,Magrie,2.6
11212,Mailhac,3.5
11213,Maisons,0.8
11214,Malras,2.9
11215,Malves-en-Minervois,2.9
11216,Malviès,2.8
11217,Marcorignan,4.8
11218,Marquein,4.3
11219,Marsa,2.1
11220,Marseillette,2.9
11221,Les Martys,1.6
11222,Mas-Cabardès,0.8
11223,Mas-des-Cours,2.2
11224,Massac,0.0
11225,Mas-Saintes-Puelles,3.2
11226,Mayreville,2.0
11227,Mayronnes,5.4
11228,Mazerolles-du-Razès,1.2
11229,Mazuby,1.2
11230,Mérial,0.0
11231,Mézerville,2.4
11232,Miraval-Cabardès,0.8
11233,Mirepeisset,4.1
11234,Mireval-Lauragais,1.9
11235,Missègre,0.0
11236,Molandier,2.9
11238,Molleville,3.6
11239,Montauriol,2.6
11240,Montazels,2.5
11241,Montbrun-des-Corbières,3.5
11242,Montclar,2.0
11243,Montferrand,4.2
11244,Montfort-sur-Boulzane,0.4
11245,Montgaillard,0.0
11246,Montgradail,1.0
11247,Monthaut,0.6
11248,Montirat,3.4
11249,Montjardin,1.1
11250,Montjoi,0.0
11251,Val-de-Dagne,4.5
11252,Montmaur,2.9
11253,Montolieu,3.2
11254,Montréal,3.3
11255,Montredon-des-Corbières,4.9
11256,Montséret,3.4
11257,Monze,3.6
11258,Moussan,4.0
11259,Moussoulens,4.8
11260,Mouthoumet,0.8
11261,Moux,3.7
11262,Narbonne,4.8
11263,Nébias,0.9
11264,Névian,4.2
11265,Niort-de-Sault,1.2
11266,Port-la-Nouvelle,3.1
11267,Ornaisons,3.6
11268,Orsans,1.6
11269,Ouveillan,3.3
11270,Padern,5.4
11271,Palairac,2.7
11272,Palaja,2.3
11273,Paraza,4.2
11274,Pauligne,3.3
11275,Payra-sur-l'Hers,2.6
11276,Paziols,8.5
11277,Pécharic-et-le-Py,1.5
11278,Pech-Luna,1.4
11279,Pennautier,3.4
11280,Pépieux,2.2
11281,Pexiora,2.8
11282,Peyrefitte-du-Razès,1.0
11283,Peyrefitte-sur-l'Hers,2.1
11284,Peyrens,3.5
11285,Peyriac-de-Mer,2.6
11286,Peyriac-Minervois,3.1
11287,Peyrolles,1.5
11288,Pezens,5.1
11289,Pieusse,3.3
11290,Plaigne,2.3
11291,Plavilla,1.4
11292,La Pomarède,3.7
11293,Pomas,3.1
11294,Pomy,1.5
11295,Portel-des-Corbières,2.1
11296,Pouzols-Minervois,3.6
11297,Pradelles-Cabardès,0.0
11299,Preixan,3.1
11300,Puginier,3.3
11301,Puichéric,3.4
11302,Puilaurens,5.7
11303,Puivert,0.9
11304,Quillan,3.9
11305,Quintillan,0.5
11306,Quirbajou,2.1
11307,Raissac-d'Aude,3.0
11308,Raissac-sur-Lampy,2.7
11309,Rennes-le-Château,1.5
11310,Rennes-les-Bains,0.9
11311,Ribaute,4.5
11312,Ribouisse,1.1
11313,Ricaud,3.8
11314,Rieux-en-Val,6.0
11315,Rieux-Minervois,2.8
11316,Rivel,1.6
11317,Rodome,0.0
11318,Roquecourbe-Minervois,3.3
11319,Roquefère,0.8
11320,Roquefeuil,3.5
11321,Roquefort-de-Sault,1.1
11322,Roquefort-des-Corbières,2.7
11323,Roquetaillade-et-Conilhac,3.0
11324,Roubia,4.2
11325,Rouffiac-d'Aude,3.3
11326,Rouffiac-des-Corbières,0.0
11327,Roullens,2.1
11328,Routier,1.9
11330,Rustiques,2.4
11331,Saint-Amans,1.0
11332,Saint-André-de-Roquelongue,2.3
11333,Saint-Benoît,0.7
11334,Sainte-Camelle,2.3
11335,Sainte-Colombe-sur-Guette,2.1
11336,Sainte-Colombe-sur-l'Hers,2.7
11337,Saint-Couat-d'Aude,3.9
11338,Saint-Couat-du-Razès,0.9
11339,Saint-Denis,4.5
11340,Sainte-Eulalie,3.3
11341,Saint-Ferriol,3.4
11342,Saint-Frichoux,3.0
11343,Saint-Gaudéric,1.8
11344,Saint-Hilaire,2.1
11345,Saint-Jean-de-Barrou,1.6
11346,Saint-Jean-de-Paracol,1.5
11347,Saint-Julia-de-Bec,1.8
11348,Saint-Julien-de-Briola,0.8
11350,Saint-Just-et-le-Bézu,1.6
11351,Saint-Laurent-de-la-Cabrerisse,5.7
11352,Saint-Louis-et-Parahou,1.3
11353,Saint-Marcel-sur-Aude,3.5
11354,Saint-Martin-des-Puits,2.8
11355,Saint-Martin-de-Villereglan,3.0
11356,Saint-Martin-Lalande,2.8
11357,Saint-Martin-le-Vieil,2.9
11358,Saint-Martin-Lys,4.7
11359,Saint-Michel-de-Lanès,4.7
11360,Saint-Nazaire-d'Aude,3.7
11361,Saint-Papoul,2.6
11362,Saint-Paulet,1.7
11363,Saint-Pierre-des-Champs,8.8
11364,Saint-Polycarpe,2.2
11365,Saint-Sernin,2.3
11366,Sainte-Valière,3.9
11367,Saissac,2.7
11368,Sallèles-Cabardès,1.6
11369,Sallèles-d'Aude,3.1
11370,Salles-d'Aude,2.5
11371,Salles-sur-l'Hers,3.2
11372,Salsigne,2.6
11373,Salvezines,2.9
11374,Salza,0.0
11375,Seignalens,1.4
11376,La Serpent,2.2
11377,Serres,1.5
11378,Serviès-en-Val,4.9
11379,Sigean,4.2
11380,Sonnac-sur-l'Hers,1.1
11381,Sougraigne,0.2
11382,Souilhanels,2.9
11383,Souilhe,2.6
11384,Soulatgé,0.0
11385,Soupex,3.6
11386,Talairan,5.8
11387,Taurize,4.9
11388,Termes,0.8
11389,Terroles,0.2
11390,Thézan-des-Corbières,3.9
11391,La Tourette-Cabardès,1.6
11392,Tournissan,7.7
11393,Tourouzelle,3.2
11394,Tourreilles,1.7
11395,Trassanel,0.4
11396,Trausse,2.7
11397,Trèbes,4.6
11398,Treilles,2.1
11399,Tréville,1.6
11400,Tréziers,2.2
11401,Tuchan,8.1
11402,Valmigère,0.0
11404,Ventenac-Cabardès,3.9
11405,Ventenac-en-Minervois,4.0
11406,Véraza,0.9
11407,Verdun-en-Lauragais,1.2
11408,Verzeille,3.1
11409,Vignevieille,0.0
11410,Villalier,3.9
11411,Villanière,2.2
11412,Villardebelle,0.0
11413,Villardonnel,3.6
11414,Villar-en-Val,3.8
11415,Villar-Saint-Anselme,2.4
11416,Villarzel-Cabardès,2.7
11417,Villarzel-du-Razès,1.9
11418,Villasavary,2.3
11419,Villautou,2.2
11420,Villebazy,1.5
11421,Villedaigne,3.7
11422,Villedubert,3.4
11423,Villefloure,1.2
11424,Villefort,1.2
11425,Villegailhenc,3.3
11426,Villegly,2.6
11427,Villelongue-d'Aude,2.4
11428,Villemagne,1.4
11429,Villemoustaussou,3.4
11430,Villeneuve-la-Comptal,3.4
11431,Villeneuve-les-Corbières,4.3
11432,Villeneuve-lès-Montréal,2.6
11433,Villeneuve-Minervois,2.6
11434,Villepinte,2.7
11435,Villerouge-Termenès,4.1
11436,Villesèque-des-Corbières,1.6
11437,Villesèquelande,3.5
11438,Villesiscle,2.8
11439,Villespy,2.7
11440,Villetritouls,3.8
11441,Vinassan,4.9
12001,Agen-d'Aveyron,3.2
12002,Aguessac,2.8
12003,Les Albres,2.0
12004,Almont-les-Junies,0.8
12006,Alrance,2.9
12007,Ambeyrac,0.4
12008,Anglars-Saint-Félix,4.5
12009,Arnac-sur-Dourdou,0.0
12010,Arques,2.0
12011,Arvieu,3.2
12012,Asprières,1.1
12013,Aubin,4.1
12015,Auriac-Lagast,3.1
12016,Auzits,4.0
12017,Ayssènes,0.8
12018,Balaguier-d'Olt,2.1
12019,Balaguier-sur-Rance,4.1
12021,Le Bas Ségala,2.9
12022,La Bastide-Pradines,3.0
12023,La Bastide-Solages,3.0
12024,Belcastel,2.0
12025,Belmont-sur-Rance,2.2
12026,Bertholène,4.7
12027,Bessuéjouls,4.4
12028,Boisse-Penchot,2.3
12029,Bor-et-Bar,2.9
12030,Bouillac,2.7
12031,Bournazel,4.2
12032,Boussac,1.7
12033,Bozouls,3.3
12034,Brandonnet,2.6
12035,Brasc,0.8
12036,Brommat,4.0
12037,Broquiès,0.8
12038,Brousse-le-Château,0.8
12039,Brusque,1.4
12041,Cabanès,3.7
12042,Calmels-et-le-Viala,0.9
12043,Calmont,3.0
12044,Camarès,2.7
12045,Camboulazet,2.7
12046,Camjac,4.3
12047,Campagnac,3.7
12048,Campouriez,6.0
12049,Campuac,0.9
12050,Canet-de-Salars,3.5
12051,Cantoin,2.1
12052,Capdenac-Gare,3.1
12053,La Capelle-Balaguier,2.4
12054,La Capelle-Bleys,2.4
12055,La Capelle-Bonance,2.4
12056,Baraqueville,4.0
12057,Cassagnes-Bégonhès,2.9
12058,Cassuéjouls,5.3
12059,Castanet,1.6
12060,Castelmary,2.5
12061,Castelnau-de-Mandailles,1.3
12062,Castelnau-Pégayrols,1.6
12063,La Cavalerie,4.2
12064,Le Cayrol,3.3
12065,Centrès,2.4
12066,Clairvaux-d'Aveyron,2.3
12067,Le Clapier,0.0
12068,Colombiès,1.7
12069,Combret,1.0
12070,Compeyre,1.6
12071,Compolibat,3.3
12072,Comprégnac,1.4
12073,Comps-la-Grand-Ville,2.1
12074,Condom-d'Aubrac,6.0
12075,Connac,1.6
12076,Conques-en-Rouergue,5.2
12077,Cornus,1.2
12078,Les Costes-Gozon,1.8
12079,Coubisou,4.0
12080,Coupiac,1.2
12082,La Couvertoirade,1.8
12083,Cransac,3.3
12084,Creissels,4.6
12085,Crespin,3.9
12086,La Cresse,1.6
12088,Curières,4.8
12089,Decazeville,3.7
12090,Druelle Balsac,2.1
12091,Drulhe,2.4
12092,Durenque,2.9
12093,Le Fel,4.0
12094,Entraygues-sur-Truyère,4.5
12095,Escandolières,3.4
12096,Espalion,4.6
12097,Espeyrac,1.3
12098,Estaing,2.9
12099,Fayet,1.4
12100,Firmi,3.9
12101,Flagnac,2.8
12102,Flavin,3.8
12103,Florentin-la-Capelle,4.7
12104,Foissac,0.7
12105,La Fouillade,3.3
12106,Gabriac,5.2
12107,Gaillac-d'Aveyron,3.0
12108,Galgan,1.9
12109,Gissac,1.4
12110,Golinhac,1.7
12111,Goutrens,3.3
12113,Gramond,2.0
12115,L'Hospitalet-du-Larzac,3.3
12116,Huparlac,8.0
12118,Lacroix-Barrez,2.7
12119,Laguiole,3.7
12120,Laissac-Sévérac l'Église,3.8
12121,Lanuéjouls,3.7
12122,Lapanouse-de-Cernon,2.3
12124,Lassouts,1.4
12125,Laval-Roquecezière,0.0
12127,Lédergues,2.9
12128,Lescure-Jaoul,1.4
12129,Lestrade-et-Thouels,2.8
12130,Livinhac-le-Haut,2.9
12131,La Loubière,3.2
12133,Luc-la-Primaube,5.0
12134,Lugan,4.0
12135,Lunac,1.9
12136,Maleville,3.5
12137,Manhac,2.5
12138,Marcillac-Vallon,3.1
12139,Marnhagues-et-Latour,0.0
12140,Martiel,3.1
12141,Martrin,0.8
12142,Mayran,1.3
12143,Mélagues,0.0
12144,Meljac,1.3
12145,Millau,4.3
12146,Le Monastère,5.5
12147,Montagnol,0.0
12148,Montbazens,4.5
12149,Montclar,0.8
12150,Monteils,3.4
12151,Montézic,5.2
12152,Montfranc,1.7
12153,Montjaux,0.5
12154,Montlaur,2.8
12155,Fondamente,0.0
12156,Montpeyroux,3.7
12157,Montrozier,4.0
12158,Montsalès,0.7
12159,Morlhon-le-Haut,3.3
12160,Mostuéjouls,0.3
12161,Mouret,1.7
12162,Moyrazès,1.0
12163,Murasson,1.2
12164,Mur-de-Barrez,4.0
12165,Muret-le-Château,3.2
12166,Murols,1.3
12167,Najac,4.1
12168,Nant,3.4
12169,Naucelle,4.7
12170,Naussac,0.8
12171,Nauviale,6.9
12172,Le Nayrac,2.3
12174,Olemps,4.2
12175,Ols-et-Rinhodes,1.5
12176,Onet-le-Château,3.6
12177,Palmas d'Aveyron,3.5
12178,Paulhe,2.8
12179,Peux-et-Couffouleux,0.7
12180,Peyreleau,0.1
12181,Peyrusse-le-Roc,2.2
12182,Pierrefiche,3.5
12183,Plaisance,4.3
12184,Pomayrols,3.0
12185,Pont-de-Salars,3.8
12186,Pousthomy,3.8
12187,Prades-d'Aubrac,2.4
12188,Prades-Salars,4.4
12189,Pradinas,2.8
12190,Prévinquières,3.2
12191,Privezac,3.7
12192,Mounes-Prohencoux,1.9
12193,Pruines,1.7
12194,Quins,4.2
12195,Rebourguil,3.0
12197,Réquista,3.0
12198,Rieupeyroux,3.6
12199,Rignac,3.8
12200,Rivière-sur-Tarn,1.6
12201,Rodelle,2.0
12202,Rodez,4.3
12203,Roquefort-sur-Soulzon,2.4
12204,La Roque-Sainte-Marguerite,0.0
12205,La Rouquette,2.8
12206,Roussennac,4.3
12207,Rullac-Saint-Cirq,1.3
12208,Saint-Affrique,3.4
12209,Saint-Amans-des-Cots,5.2
12210,Saint-André-de-Najac,3.3
12211,Saint-André-de-Vézines,0.0
12212,Saint-Beaulize,0.0
12213,Saint-Beauzély,2.4
12214,Saint-Chély-d'Aubrac,7.1
12215,Saint-Christophe-Vallon,3.9
12216,Saint-Côme-d'Olt,3.6
12217,Sainte-Croix,2.0
12219,Sainte-Eulalie-d'Olt,3.0
12220,Sainte-Eulalie-de-Cernon,2.3
12221,Saint-Félix-de-Lunel,0.9
12222,Saint-Félix-de-Sorgues,0.9
12223,Argences en Aubrac,3.2
12224,Saint Geniez d'Olt et d'Aubrac,3.0
12225,Saint-Georges-de-Luzençon,4.4
12226,Saint-Hippolyte,1.3
12227,Saint-Igest,3.0
12228,Saint-Izaire,0.0
12229,Saint-Jean-d'Alcapiès,2.4
12230,Saint-Jean-Delnous,3.6
12231,Saint-Jean-du-Bruel,2.4
12232,Saint-Jean-et-Saint-Paul,1.2
12233,Saint-Juéry,0.7
12234,Sainte-Juliette-sur-Viaur,2.3
12235,Saint-Just-sur-Viaur,2.8
12236,Saint-Laurent-de-Lévézou,1.3
12237,Saint-Laurent-d'Olt,2.5
12238,Saint-Léons,3.0
12239,Saint-Martin-de-Lenne,4.6
12240,Saint-Parthem,2.6
12241,Sainte-Radegonde,3.4
12242,Saint-Rémy,4.2
12243,Saint-Rome-de-Cernon,5.0
12244,Saint-Rome-de-Tarn,3.7
12246,Saint-Santin,2.7
12247,Saint-Saturnin-de-Lenne,3.7
12248,Saint-Sernin-sur-Rance,3.8
12249,Saint-Sever-du-Moustier,1.2
12250,Saint-Symphorien-de-Thénières,5.8
12251,Saint-Victor-et-Melvieu,1.3
12252,Salles-Courbatiès,2.1
12253,Salles-Curan,4.2
12254,Salles-la-Source,3.1
12255,Salmiech,2.9
12256,Salvagnac-Cajarc,3.2
12257,Causse-et-Diège,1.2
12258,La Salvetat-Peyralès,3.3
12259,Sanvensa,3.3
12260,Sauclières,0.8
12261,Saujac,2.4
12262,Sauveterre-de-Rouergue,3.8
12263,Savignac,3.3
12264,Sébazac-Concourès,3.1
12265,Sébrazac,4.6
12266,Ségur,3.6
12267,La Selve,2.3
12268,Sénergues,1.7
12269,La Serre,3.0
12270,Sévérac d'Aveyron,3.1
12272,Sonnac,1.5
12273,Soulages-Bonneval,5.4
12274,Sylvanès,1.4
12275,Tauriac-de-Camarès,0.0
12276,Tauriac-de-Naucelle,4.8
12277,Taussac,4.0
12278,Tayrac,3.3
12280,Thérondels,1.3
12281,Toulonjac,3.8
12282,Tournemire,1.5
12283,Trémouilles,2.3
12284,Le Truel,0.0
12286,Vabres-l'Abbaye,2.7
12287,Vailhourles,1.5
12288,Valady,3.2
12289,Valzergues,4.2
12290,Vaureilles,3.8
12291,Verrières,0.4
12292,Versols-et-Lapeyre,1.8
12293,Veyreau,1.5
12294,Vézins-de-Lévézou,1.9
12295,Viala-du-Pas-de-Jaux,0.0
12296,Viala-du-Tarn,0.9
12297,Le Vibal,3.8
12298,Villecomtal,1.3
12299,Villefranche-de-Panat,3.2
12300,Villefranche-de-Rouergue,3.5
12301,Villeneuve,3.3
12303,Vimenet,4.0
12305,Viviez,3.7
12307,Curan,3.2
13001,Aix-en-Provence,5.0
13002,Allauch,4.7
13003,Alleins,3.8
13004,Arles,4.4
13005,Aubagne,4.3
13006,Aureille,3.2
13007,Auriol,3.9
13008,Aurons,2.9
13009,La Barben,4.2
13010,Barbentane,2.3
13011,Les Baux-de-Provence,4.2
13012,Beaurecueil,4.7
13013,Belcodène,4.2
13014,Berre-l'Étang,2.3
13015,Bouc-Bel-Air,6.6
13016,La Bouilladisse,5.0
13017,Boulbon,2.5
13018,Cabannes,3.8
13019,Cabriès,4.2
13020,Cadolive,2.8
13021,Carry-le-Rouet,4.4
13022,Cassis,3.5
13023,Ceyreste,4.8
13024,Charleval,3.9
13025,Châteauneuf-le-Rouge,5.1
13026,Châteauneuf-les-Martigues,5.2
13027,Châteaurenard,3.1
13028,La Ciotat,4.6
13029,Cornillon-Confoux,4.3
13030,Cuges-les-Pins,1.4
13031,La Destrousse,4.0
13032,Éguilles,4.2
13033,Ensuès-la-Redonne,5.0
13034,Eygalières,2.8
13035,Eyguières,3.1
13036,Eyragues,4.0
13037,La Fare-les-Oliviers,4.4
13038,Fontvieille,2.4
13039,Fos-sur-Mer,2.9
13040,Fuveau,4.1
13041,Gardanne,3.9
13042,Gémenos,3.8
13043,Gignac-la-Nerthe,4.8
13044,Grans,5.3
13045,Graveson,4.3
13046,Gréasque,4.1
13047,Istres,2.8
13048,Jouques,3.4
13049,Lamanon,4.5
13050,Lambesc,4.2
13051,Lançon-Provence,4.5
13052,Maillane,5.1
13053,Mallemort,4.3
13054,Marignane,3.8
13056,Martigues,3.8
13057,Mas-Blanc-des-Alpilles,4.3
13058,Maussane-les-Alpilles,4.5
13059,Meyrargues,4.6
13060,Meyreuil,3.4
13061,Saint-Pierre-de-Mézoargues,2.2
13062,Mimet,2.7
13063,Miramas,3.3
13064,Mollégès,3.6
13065,Mouriès,3.8
13066,Noves,6.2
13067,Orgon,3.9
13068,Paradou,4.4
13069,Pélissanne,4.7
13070,La Penne-sur-Huveaune,5.7
13071,Les Pennes-Mirabeau,5.7
13072,Peynier,4.3
13073,Peypin,2.8
13074,Peyrolles-en-Provence,3.6
13075,Plan-de-Cuques,5.6
13076,Plan-d'Orgon,4.2
13077,Port-de-Bouc,2.9
13078,Port-Saint-Louis-du-Rhône,3.9
13079,Puyloubier,2.9
13080,Le Puy-Sainte-Réparade,3.8
13081,Rognac,6.1
13082,Rognes,3.6
13083,Rognonas,4.1
13084,La Roque-d'Anthéron,3.1
13085,Roquefort-la-Bédoule,7.6
13086,Roquevaire,3.8
13087,Rousset,4.0
13088,Le Rove,5.4
13089,Saint-Andiol,4.7
13090,Saint-Antonin-sur-Bayon,1.1
13091,Saint-Cannat,5.0
13092,Saint-Chamas,3.3
13093,Saint-Estève-Janson,3.4
13094,Saint-Étienne-du-Grès,3.6
13095,Saint-Marc-Jaumegarde,4.4
13096,Saintes-Maries-de-la-Mer,7.6
13097,Saint-Martin-de-Crau,4.2
13098,Saint-Mitre-les-Remparts,3.7
13099,Saint-Paul-lès-Durance,2.5
13100,Saint-Rémy-de-Provence,4.2
13101,Saint-Savournin,3.2
13102,Saint-Victoret,6.4
13103,Salon-de-Provence,4.1
13104,Sausset-les-Pins,2.5
13105,Sénas,5.1
13106,Septèmes-les-Vallons,3.8
13107,Simiane-Collongue,3.6
13108,Tarascon,3.0
13109,Le Tholonet,3.7
13110,Trets,3.8
13111,Vauvenargues,2.9
13112,Velaux,3.5
13113,Venelles,4.7
13114,Ventabren,3.3
13115,Vernègues,2.9
13116,Verquières,4.7
13117,Vitrolles,3.3
13118,Coudoux,6.9
13119,Carnoux-en-Provence,4.7
13201,Marseille 1er Arrondissement,6.4
13202,Marseille 2e Arrondissement,5.2
13203,Marseille 3e Arrondissement,4.2
13204,Marseille 4e Arrondissement,5.3
13205,Marseille 5e Arrondissement,4.8
13206,Marseille 6e Arrondissement,6.9
13207,Marseille 7e Arrondissement,5.5
13208,Marseille 8e Arrondissement,5.0
13209,Marseille 9e Arrondissement,3.6
13210,Marseille 10e Arrondissement,3.9
13211,Marseille 11e Arrondissement,7.9
13212,Marseille 12e Arrondissement,3.5
13213,Marseille 13e Arrondissement,4.3
13214,Marseille 14e Arrondissement,5.2
13215,Marseille 15e Arrondissement,7.2
13216,Marseille 16e Arrondissement,2.8
14001,Ablon,3.6
14003,Agy,4.0
14005,Valambray,3.7
14006,Amayé-sur-Orne,2.7
14007,Amayé-sur-Seulles,3.2
14009,Amfreville,3.2
14011,Aurseulles,2.7
14012,Angerville,3.1
14014,Colomby-Anguerny,5.8
14015,Anisy,5.6
14016,Annebault,3.5
14019,Arganchy,4.1
14020,Argences,2.7
14021,Arromanches-les-Bains,3.0
14022,Asnelles,3.0
14023,Asnières-en-Bessin,2.5
14024,Auberville,4.6
14025,Aubigny,5.0
14026,Audrieu,3.8
14027,Les Monts d'Aunay,3.3
14030,Authie,7.8
14032,Les Authieux-sur-Calonne,3.6
14033,Auvillars,1.2
14034,Avenay,3.9
14035,Balleroy-sur-Drôme,2.7
14036,Banneville-la-Campagne,5.5
14037,Malherbe-sur-Ajon,3.1
14038,Banville,3.7
14039,Barbery,2.6
14040,Barbeville,4.6
14041,Barneville-la-Bertran,3.2
14042,Baron-sur-Odon,2.5
14043,Barou-en-Auge,3.0
14044,Basly,5.1
14045,Basseneville,3.7
14046,Bavent,4.0
14047,Bayeux,4.3
14049,Bazenville,3.7
14050,La Bazoque,1.2
14053,Beaumais,4.2
14054,Beaumesnil,2.7
14055,Beaumont-en-Auge,5.0
14057,Bellengreville,3.5
14059,Benerville-sur-Mer,4.2
14060,Bénouville,5.2
14061,Souleuvre en Bocage,2.5
14062,Bény-sur-Mer,4.6
14063,Bernesq,2.6
14064,Bernières-d'Ailly,3.3
14066,Bernières-sur-Mer,3.8
14068,Biéville-Beuville,5.0
14069,Beuvillers,3.0
14070,Beuvron-en-Auge,2.5
14076,Blainville-sur-Orne,5.3
14077,Blangy-le-Château,3.2
14078,Blay,3.7
14079,Blonville-sur-Mer,4.6
14080,Le Bô,3.9
14082,La Boissière,2.9
14083,Bonnebosq,2.1
14084,Bonnemaison,3.3
14085,Bonneville-la-Louvet,2.8
14086,Bonneville-sur-Touques,4.6
14087,Bonnœil,3.6
14088,Bons-Tassilly,3.7
14089,Bougy,3.7
14090,Boulon,3.0
14091,Bourgeauville,3.9
14092,Bourguébus,3.5
14093,Branville,3.5
14096,Brémoy,2.3
14097,Bretteville-le-Rabet,4.1
14098,Thue et Mue,5.7
14100,Bretteville-sur-Laize,2.8
14101,Bretteville-sur-Odon,6.1
14102,Le Breuil-en-Auge,4.2
14103,Le Breuil-en-Bessin,3.0
14104,Le Brévedent,3.9
14106,Bréville-les-Monts,4.2
14107,Bricqueville,2.7
14110,Brucourt,3.6
14111,Bucéels,3.4
14116,Le Bû-sur-Rouvres,2.7
14117,Cabourg,3.7
14118,Caen,5.6
14119,Cagny,5.6
14120,Cahagnes,2.3
14121,Cahagnolles,2.4
14122,La Caine,3.4
14123,Cairon,3.2
14124,La Cambe,3.9
14125,Cambes-en-Plaine,6.6
14126,Cambremer,2.4
14127,Campagnolles,3.3
14130,Campigny,3.4
14131,Canapville,5.2
14132,Canchy,3.7
14134,Canteloup,3.1
14135,Carcagny,4.0
14136,Cardonville,3.3
14137,Carpiquet,4.7
14138,Cartigny-l'Épinay,2.4
14140,Castillon,2.9
14141,Castillon-en-Auge,1.9
14143,Caumont-sur-Aure,2.1
14145,Cauvicourt,4.4
14146,Cauville,2.5
14147,Cernay,1.6
14149,Cesny-aux-Vignes,3.3
14150,Cesny-les-Sources,2.6
14159,Chouain,3.1
14160,Cintheaux,4.5
14161,Clarbec,2.7
14162,Clécy,4.1
14163,Cléville,2.7
14165,Colleville-sur-Mer,2.9
14166,Colleville-Montgomery,3.8
14167,Colombelles,5.5
14168,Colombières,2.7
14169,Colombiers-sur-Seulles,4.4
14171,Combray,3.4
14172,Commes,2.9
14173,Condé-sur-Ifs,3.7
14174,Condé-en-Normandie,3.5
14175,Condé-sur-Seulles,3.4
14177,Coquainvilliers,3.1
14179,Cordebugle,2.1
14180,Cordey,4.7
14181,Cormelles-le-Royal,6.3
14182,Cormolain,1.9
14183,Cossesseville,3.0
14184,Cottun,4.0
14190,Courcy,2.2
14191,Courseulles-sur-Mer,3.6
14193,Courtonne-la-Meurdrac,2.4
14194,Courtonne-les-Deux-Églises,2.4
14195,Courvaudon,3.5
14196,Crépon,3.4
14197,Cresserons,4.6
14198,Cresseveuille,2.3
14200,Creully sur Seulles,3.9
14202,Cricquebœuf,3.1
14203,Cricqueville-en-Auge,3.5
14204,Cricqueville-en-Bessin,1.7
14205,Cristot,3.4
14206,Crocy,3.9
14207,Croisilles,2.4
14209,Crouay,3.4
14211,Culey-le-Patry,2.7
14214,Cussy,4.0
14215,Cuverville,3.4
14216,Damblainville,4.8
14218,Danestal,3.1
14220,Deauville,4.1
14221,Démouville,4.8
14223,Le Détroit,3.0
14224,Deux-Jumeaux,3.4
14225,Dives-sur-Mer,3.6
14226,Donnay,3.2
14227,Douville-en-Auge,3.5
14228,Douvres-la-Délivrande,4.2
14229,Dozulé,3.6
14230,Drubec,4.5
14231,Beaufour-Druval,2.1
14232,Ducy-Sainte-Marguerite,3.4
14236,Ellon,3.5
14237,Émiéville,4.2
14238,Englesqueville-en-Auge,5.1
14239,Englesqueville-la-Percée,1.9
14240,Épaney,3.8
14241,Épinay-sur-Odon,4.1
14242,Épron,7.6
14243,Équemauville,3.4
14244,Eraines,4.7
14245,Ernes,3.1
14246,Escoville,4.1
14248,Espins,2.2
14249,Esquay-Notre-Dame,2.8
14250,Esquay-sur-Seulles,4.3
14251,Esson,2.4
14252,Estrées-la-Campagne,4.0
14254,Éterville,6.7
14256,Étréham,3.8
14257,Évrecy,3.0
14258,Falaise,4.5
14260,Fauguernon,3.2
14261,Le Faulq,3.4
14266,Feuguerolles-Bully,4.5
14269,Fierville-les-Parcs,4.0
14270,Firfol,2.9
14271,Fleury-sur-Orne,7.0
14272,La Folie,1.9
14273,La Folletière-Abenon,2.3
14274,Fontaine-Étoupefour,4.7
14275,Fontaine-Henry,4.2
14276,Fontaine-le-Pin,2.3
14277,Fontenay-le-Marmion,2.9
14278,Fontenay-le-Pesnel,3.1
14280,Formentin,2.6
14281,Formigny La Bataille,4.7
14282,Foulognes,2.3
14283,Fourches,3.6
14284,Fourneaux-le-Val,3.6
14285,Le Fournet,2.3
14286,Fourneville,3.7
14287,Frénouville,3.4
14288,Le Fresne-Camilly,2.9
14289,Fresné-la-Mère,4.7
14290,Fresney-le-Puceux,2.6
14291,Fresney-le-Vieux,2.1
14293,Fumichon,2.6
14297,Gavrus,3.8
14298,Géfosse-Fontenay,2.9
14299,Genneville,2.5
14300,Gerrots,1.9
14301,Giberville,5.4
14302,Glanville,3.7
14303,Glos,3.4
14304,Gonneville-sur-Honfleur,4.4
14305,Gonneville-sur-Mer,3.8
14306,Gonneville-en-Auge,3.4
14308,Goustranville,4.1
14309,Gouvix,3.7
14310,Grainville-Langannerie,3.1
14311,Grainville-sur-Odon,6.0
14312,Grandcamp-Maisy,2.1
14316,Grangues,3.6
14318,Graye-sur-Mer,3.7
14319,Grentheville,6.0
14320,Grimbosq,2.0
14322,Guéron,4.1
14325,Hermanville-sur-Mer,4.0
14326,Hermival-les-Vaux,3.4
14327,Hérouville-Saint-Clair,6.9
14328,Hérouvillette,3.9
14329,Heuland,5.0
14332,La Hoguette,4.6
14333,Honfleur,3.8
14334,L'Hôtellerie,2.3
14335,Hotot-en-Auge,2.7
14336,Hottot-les-Bagues,2.6
14337,La Houblonnière,2.5
14338,Houlgate,4.1
14341,Ifs,6.5
14342,Isigny-sur-Mer,3.4
14343,Les Isles-Bardel,2.8
14344,Janville,3.2
14345,Jort,3.6
14346,Juaye-Mondaye,3.1
14347,Dialan sur Chaîne,3.0
14348,Juvigny-sur-Seulles,3.9
14349,Laize-Clinchamps,3.5
14352,Landelles-et-Coupigny,2.4
14353,Landes-sur-Ajon,3.3
14354,Langrune-sur-Mer,3.8
14355,Ponts sur Seulles,3.9
14357,Terres de Druance,2.3
14358,Léaupartie,2.5
14360,Leffard,3.8
14362,Lessard-et-le-Chêne,2.3
14364,Lingèvres,2.6
14365,Lion-sur-Mer,3.0
14366,Lisieux,2.9
14367,Lison,1.9
14368,Lisores,1.6
14369,Litteau,1.6
14370,Le Molay-Littry,2.6
14371,Livarot-Pays-d'Auge,1.9
14374,Les Loges,2.3
14375,Les Loges-Saulces,3.6
14377,Longues-sur-Mer,2.5
14378,Longueville,3.4
14379,Longvillers,3.8
14380,Loucelles,4.4
14381,Louvagny,3.4
14383,Louvigny,7.0
14384,Luc-sur-Mer,3.0
14385,Magny-en-Bessin,3.3
14389,Maisoncelles-Pelvey,4.0
14390,Maisoncelles-sur-Ajon,3.3
14391,Maisons,3.4
14393,Maizet,2.8
14394,Maizières,4.4
14396,Maltot,6.1
14397,Mandeville-en-Bessin,3.3
14398,Manerbe,3.4
14399,Manneville-la-Pipard,4.1
14400,Le Manoir,4.1
14401,Manvieux,2.8
14402,Le Marais-la-Chapelle,2.8
14403,Marolles,3.2
14404,Martainville,2.0
14405,Martigny-sur-l'Ante,3.6
14406,Moulins-en-Bessin,4.2
14407,Mathieu,6.2
14408,May-sur-Orne,2.6
14409,Merville-Franceville-Plage,3.5
14410,Méry-Bissières-en-Auge,2.4
14411,Meslay,2.9
14412,Le Mesnil-au-Grain,3.6
14419,Le Mesnil-Eudes,2.0
14421,Le Mesnil-Guillaume,2.4
14424,Le Mesnil-Robert,3.1
14425,Le Mesnil-Simon,2.8
14426,Le Mesnil-sur-Blangy,4.0
14427,Le Mesnil-Villement,2.8
14430,Meuvaines,3.2
14431,Mézidon Vallée d'Auge,2.7
14435,Les Monceaux,1.8
14436,Monceaux-en-Bessin,4.0
14437,Mondeville,5.9
14438,Mondrainville,6.0
14439,Monfréville,3.0
14445,Montfiquet,1.6
14446,Montigny,3.0
14448,Montreuil-en-Auge,1.6
14449,Monts-en-Bessin,5.2
14452,Morteaux-Coulibœuf,4.1
14453,Mosles,4.1
14454,Mouen,5.2
14455,Moulines,1.4
14456,Moult-Chicheboville,3.3
14457,Les Moutiers-en-Auge,3.0
14458,Les Moutiers-en-Cinglais,2.7
14460,Moyaux,2.9
14461,Mutrécy,3.2
14465,Nonant,4.6
14466,Norolles,3.4
14467,Noron-l'Abbaye,4.7
14468,Noron-la-Poterie,3.3
14469,Norrey-en-Auge,3.0
14473,Notre-Dame-de-Livaye,2.4
14474,Notre-Dame-d'Estrées-Corbon,2.3
14475,Val d'Arry,6.5
14476,Olendon,4.3
14478,Orbec,2.1
14480,Osmanville,3.6
14482,Ouézy,3.3
14483,Ouffières,3.4
14484,Ouilly-du-Houley,3.1
14486,Ouilly-le-Tesson,4.4
14487,Ouilly-le-Vicomte,3.7
14488,Ouistreham,3.2
14491,Parfouru-sur-Odon,2.9
14492,Pennedepie,3.4
14494,Périers-en-Auge,4.2
14495,Périers-sur-le-Dan,5.5
14496,Périgny,2.3
14497,Perrières,2.9
14498,Pertheville-Ners,5.0
14499,Petiville,4.3
14500,Pierrefitte-en-Auge,4.0
14501,Pierrefitte-en-Cinglais,2.6
14502,Pierrepont,3.6
14504,Le Pin,3.1
14506,Planquery,2.0
14509,Plumetot,6.0
14510,La Pommeraye,2.9
14511,Pont-Bellanger,1.5
14512,Pontécoulant,3.4
14514,Pont-l'Évêque,2.8
14515,Port-en-Bessin-Huppain,2.9
14516,Potigny,3.6
14519,Préaux-Bocage,2.7
14520,Le Pré-d'Auge,2.9
14522,Prêtreville,1.9
14524,Putot-en-Auge,4.2
14527,Belle Vie en Auge,2.8
14528,Quetteville,3.0
14529,Ranchy,4.4
14530,Ranville,4.1
14531,Rapilly,2.8
14533,Repentigny,1.3
14534,Reux,2.8
14535,Reviers,4.5
14536,La Rivière-Saint-Sauveur,2.8
14538,Castine-en-Plaine,4.3
14540,Rocques,3.6
14541,La Roque-Baignard,1.9
14542,Rosel,4.4
14543,Rots,5.9
14546,Rouvres,3.6
14547,Rubercy,3.3
14550,Rumesnil,1.3
14552,Ryes,3.4
14554,Le Castelet,5.2
14555,Saint-André-d'Hébertot,4.2
14556,Saint-André-sur-Orne,4.8
14557,Saint-Arnoult,4.3
14558,Saint-Aubin-d'Arquenay,3.6
14559,Saint-Aubin-des-Bois,1.9
14562,Saint-Aubin-sur-Mer,4.1
14563,Saint-Benoît-d'Hébertot,4.2
14565,Saint-Côme-de-Fresné,2.8
14566,Saint-Contest,4.6
14569,Sainte-Croix-sur-Mer,3.0
14570,Valorbiquet,1.7
14571,Saint-Denis-de-Mailloc,2.6
14572,Saint-Denis-de-Méré,4.3
14574,Saint-Désir,2.8
14575,Saint-Étienne-la-Thillaye,4.2
14576,Val-de-Vie,1.9
14578,Saint-Gatien-des-Bois,4.2
14579,Seulline,2.6
14582,Saint-Germain-de-Livet,2.2
14586,Saint-Germain-du-Pert,3.3
14587,Saint-Germain-la-Blanche-Herbe,8.1
14588,Saint-Germain-Langot,3.1
14589,Saint-Germain-le-Vasson,1.9
14590,Sainte-Honorine-de-Ducy,1.8
14591,Aure sur Mer,2.4
14592,Sainte-Honorine-du-Fay,3.1
14593,Saint-Hymer,2.6
14595,Saint-Jean-de-Livet,2.1
14598,Saint-Jouin,2.2
14601,Saint-Julien-sur-Calonne,4.2
14602,Saint-Lambert,2.9
14603,Saint-Laurent-de-Condel,3.0
14605,Saint-Laurent-sur-Mer,2.9
14606,Saint-Léger-Dubosq,2.8
14607,Saint-Louet-sur-Seulles,3.2
14609,Saint-Loup-Hors,4.9
14610,Saint-Manvieu-Norrey,5.8
14613,Saint-Marcouf,2.0
14614,Sainte-Marguerite-d'Elle,2.4
14619,Sainte-Marie-Outre-l'Eau,2.1
14620,Saint-Martin-aux-Chartrains,4.4
14621,Saint-Martin-de-Bienfaite-la-Cressonnière,1.7
14622,Saint-Martin-de-Blagny,1.8
14623,Saint-Martin-de-Fontenay,5.4
14625,Saint-Martin-de-la-Lieue,3.3
14626,Saint-Martin-de-Mailloc,2.1
14627,Saint-Martin-de-Mieux,5.3
14630,Saint-Martin-des-Entrées,4.3
14635,Saint-Omer,2.9
14637,Saint-Ouen-du-Mesnil-Oger,2.8
14639,Saint-Ouen-le-Pin,2.2
14640,Saint-Pair,4.5
14643,Saint-Paul-du-Vernay,2.6
14644,Saint-Philbert-des-Champs,3.3
14645,Saint-Pierre-Azif,4.2
14646,Saint-Pierre-Canivet,4.7
14648,Saint-Pierre-des-Ifs,3.0
14649,Saint-Pierre-du-Bû,4.7
14650,Saint-Pierre-du-Fresne,3.0
14651,Saint-Pierre-du-Jonquet,3.9
14652,Saint-Pierre-du-Mont,1.9
14654,Saint-Pierre-en-Auge,3.0
14656,Saint-Rémy,3.3
14657,Saint-Samson,3.4
14658,Noues de Sienne,2.2
14659,Saint-Sylvain,3.1
14660,Saint-Vaast-en-Auge,3.7
14661,Saint-Vaast-sur-Seulles,3.2
14663,Saint-Vigor-le-Grand,3.5
14664,Sallen,1.5
14665,Sallenelles,4.0
14666,Sannerville,5.8
14667,Saon,3.0
14668,Saonnet,2.9
14669,Sassy,3.4
14672,Val de Drôme,1.7
14674,Soignolles,3.8
14675,Soliers,5.6
14676,Sommervieu,4.1
14677,Soulangy,3.7
14678,Soumont-Saint-Quentin,4.2
14679,Subles,4.1
14680,Sully,4.1
14681,Surrain,3.7
14682,Surville,5.2
14684,Tessel,3.9
14685,Thaon,3.5
14687,Le Theil-en-Auge,4.2
14689,Thury-Harcourt-le-Hom,3.0
14692,Tilly-sur-Seulles,3.0
14694,Le Torquesne,2.5
14698,Touffréville,4.0
14699,Touques,4.9
14700,Tour-en-Bessin,4.6
14701,Tourgéville,4.5
14705,Tournières,1.9
14706,Tourville-en-Auge,4.2
14707,Tourville-sur-Odon,5.5
14708,Tracy-Bocage,3.1
14709,Tracy-sur-Mer,3.0
14710,Tréprel,3.9
14711,Trévières,3.1
14712,Troarn,5.7
14713,Montillières-sur-Orne,3.0
14714,Le Tronquay,2.4
14715,Trouville-sur-Mer,4.0
14716,Trungy,2.9
14719,Urville,3.4
14720,Ussy,3.9
14721,Vacognes-Neuilly,2.6
14723,Valsemé,4.4
14724,Varaville,4.5
14726,Valdallière,2.9
14728,Vaucelles,4.6
14731,Vauville,4.2
14732,Vaux-sur-Aure,4.0
14733,Vaux-sur-Seulles,4.7
14734,Vendes,3.6
14735,Vendeuvre,2.6
14737,Versainville,5.0
14738,Verson,6.2
14739,Ver-sur-Mer,3.5
14740,La Vespière-Friardel,2.1
14741,Le Vey,4.1
14742,Vicques,3.1
14743,Victot-Pontfol,2.6
14744,Vienne-en-Bessin,3.8
14745,Vierville-sur-Mer,2.9
14747,Vieux,4.2
14748,Vieux-Bourg,4.1
14751,Vignats,3.8
14752,Villers-Bocage,4.3
14753,Villers-Canivet,3.5
14754,Villers-sur-Mer,4.2
14755,Villerville,3.8
14756,La Villette,3.6
14758,Villons-les-Buissons,4.6
14759,Villy-lez-Falaise,4.9
14760,Villy-Bocage,3.9
14761,Vimont,3.2
14762,Vire Normandie,3.7
14764,Pont-d'Ouilly,2.7
15001,Allanche,3.2
15002,Alleuze,1.5
15003,Ally,6.5
15004,Andelat,3.2
15005,Anglards-de-Saint-Flour,3.9
15006,Anglards-de-Salers,3.1
15007,Anterrieux,3.3
15008,Antignac,4.4
15009,Apchon,2.4
15010,Arches,1.0
15011,Arnac,0.8
15012,Arpajon-sur-Cère,4.5
15013,Auriac-l'Église,1.2
15014,Aurillac,5.0
15015,Auzers,0.9
15016,Ayrens,3.8
15017,Badailhac,2.9
15018,Barriac-les-Bosquets,4.4
15019,Bassignac,2.7
15020,Beaulieu,1.4
15021,Boisset,1.9
15022,Bonnac,1.3
15024,Brageac,2.9
15025,Albepierre-Bredons,1.8
15026,Brezons,2.6
15027,Puycapel,3.8
15028,Carlat,0.3
15029,Cassaniouze,3.6
15030,Cayrols,3.8
15032,Celoux,0.0
15033,Cézens,4.1
15034,Chaliers,1.7
15036,Chalvignac,2.1
15037,Champagnac,2.7
15038,Champs-sur-Tarentaine-Marchal,3.0
15040,Chanterelle,3.5
15041,La Chapelle-d'Alagnon,3.9
15042,La Chapelle-Laurent,0.7
15043,Charmensac,0.8
15045,Chaudes-Aigues,4.2
15046,Chaussenac,4.8
15048,Chazelles,0.0
15049,Cheylade,1.6
15050,Le Claux,0.0
15051,Clavières,2.6
15052,Collandres,2.4
15053,Coltines,4.9
15054,Condat,4.3
15055,Coren,3.6
15056,Crandelles,3.5
15057,Cros-de-Montvert,0.8
15058,Cros-de-Ronesque,0.0
15059,Cussac,4.3
15060,Deux-Verges,3.5
15061,Dienne,0.2
15063,Drugeac,7.8
15064,Escorailles,6.5
15065,Espinasse,1.5
15066,Le Falgoux,0.0
15067,Le Fau,0.0
15069,Ferrières-Saint-Mary,2.8
15070,Fontanges,5.2
15072,Freix-Anglards,3.1
15073,Fridefont,0.8
15074,Giou-de-Mamou,4.4
15075,Girgols,2.9
15076,Glénat,2.8
15077,Gourdièges,6.0
15078,Jabrun,1.5
15079,Jaleyrac,2.4
15080,Joursac,3.5
15081,Jou-sous-Monjou,3.2
15082,Junhac,3.8
15083,Jussac,5.0
15084,Labesserette,5.2
15085,Labrousse,0.8
15086,Lacapelle-Barrès,0.0
15087,Lacapelle-del-Fraisse,5.0
15088,Lacapelle-Viescamp,2.9
15089,Ladinhac,3.8
15090,Lafeuillade-en-Vézie,3.6
15091,Landeyrat,2.4
15092,Lanobre,3.9
15093,Lapeyrugue,2.5
15094,Laroquebrou,3.0
15095,Laroquevieille,2.9
15096,Lascelle,3.2
15097,Lastic,0.3
15098,Laurie,0.6
15100,Laveissenet,2.7
15101,Laveissière,1.4
15102,Lavigerie,0.0
15103,Leucamp,1.2
15104,Leynhac,3.2
15105,Leyvaux,0.5
15106,Lieutadès,0.8
15107,Lorcières,2.0
15108,Val d'Arcomie,4.9
15110,Lugarde,1.7
15111,Madic,4.2
15112,Malbo,0.0
15113,Mandailles-Saint-Julien,1.7
15114,Marcenat,2.5
15116,Marchastel,1.6
15117,Marcolès,3.3
15118,Marmanhac,2.7
15119,Massiac,2.6
15120,Mauriac,4.4
15121,Maurines,0.8
15122,Maurs,2.9
15123,Méallet,2.2
15124,Menet,2.1
15125,Mentières,2.7
15126,Molèdes,0.0
15127,Molompize,1.5
15128,La Monselie,2.8
15129,Montboudif,3.4
15130,Montchamp,1.6
15131,Le Monteil,1.9
15132,Montgreleix,1.7
15133,Montmurat,1.0
15134,Montsalvy,4.0
15135,Montvert,1.7
15137,Moussages,0.7
15138,Murat,3.1
15139,Narnhac,1.3
15140,Naucelles,4.7
15141,Neussargues en Pinatelle,4.1
15142,Neuvéglise-sur-Truyère,4.0
15143,Nieudan,2.7
15144,Omps,3.3
15146,Pailherols,0.0
15147,Parlan,1.5
15148,Paulhac,4.7
15149,Paulhenc,3.9
15151,Peyrusse,2.4
15152,Pierrefort,3.9
15153,Pleaux,4.1
15154,Polminhac,5.0
15155,Pradiers,2.4
15156,Prunet,1.7
15157,Quézac,2.2
15158,Rageade,0.0
15159,Raulhac,2.7
15160,Reilhac,4.1
15161,Rézentières,1.2
15162,Riom-ès-Montagnes,2.4
15163,Roannes-Saint-Mary,3.2
15164,Roffiac,4.1
15165,Rouffiac,0.8
15166,Roumégoux,4.4
15167,Rouziers,4.1
15168,Ruynes-en-Margeride,3.4
15169,Saignes,4.0
15170,Saint-Amandin,3.3
15172,Saint-Antoine,2.5
15173,Saint-Bonnet-de-Condat,1.7
15174,Saint-Bonnet-de-Salers,2.6
15175,Saint-Cernin,4.5
15176,Saint-Chamant,6.5
15178,Saint-Cirgues-de-Jordanne,3.2
15179,Saint-Cirgues-de-Malbert,6.5
15180,Saint-Clément,3.7
15181,Saint-Constant-Fournoulès,4.0
15182,Saint-Étienne-Cantalès,3.0
15183,Saint-Étienne-de-Carlat,0.6
15184,Saint-Étienne-de-Maurs,2.9
15185,Saint-Étienne-de-Chomeil,2.1
15186,Sainte-Eulalie,7.2
15187,Saint-Flour,3.6
15188,Saint-Georges,4.4
15189,Saint-Gérons,3.0
15190,Saint-Hippolyte,1.6
15191,Saint-Illide,1.7
15192,Saint-Jacques-des-Blats,4.4
15194,Saint-Julien-de-Toursac,2.2
15196,Saint-Mamet-la-Salvetat,3.6
15198,Sainte-Marie,2.6
15199,Saint-Martial,2.3
15200,Saint-Martin-Cantalès,3.5
15201,Saint-Martin-sous-Vigouroux,2.6
15202,Saint-Martin-Valmeroux,6.0
15203,Saint-Mary-le-Plain,1.4
15204,Saint-Paul-des-Landes,4.9
15205,Saint-Paul-de-Salers,3.6
15206,Saint-Pierre,1.8
15207,Saint-Poncy,1.4
15208,Saint-Projet-de-Salers,2.5
15209,Saint-Rémy-de-Chaudes-Aigues,4.6
15211,Saint-Santin-Cantalès,1.2
15212,Saint-Santin-de-Maurs,2.7
15213,Saint-Saturnin,0.8
15214,Saint-Saury,4.0
15215,Saint-Simon,3.7
15216,Saint-Urcize,5.7
15217,Saint-Victor,1.0
15218,Saint-Vincent-de-Salers,0.7
15219,Salers,3.9
15220,Salins,6.0
15221,Sansac-de-Marmiesse,4.5
15222,Sansac-Veinazès,4.4
15223,Sauvat,3.3
15224,La Ségalassière,3.7
15225,Ségur-les-Villas,1.6
15226,Sénezergues,3.2
15228,Siran,3.7
15229,Soulages,0.9
15230,Sourniac,2.4
15231,Talizat,3.8
15232,Tanavelle,3.9
15233,Teissières-de-Cornet,3.5
15234,Teissières-lès-Bouliès,0.5
15235,Les Ternes,4.5
15236,Thiézac,5.5
15237,Tiviers,3.3
15238,Tournemire,4.3
15240,Trémouille,0.8
15241,La Trinitat,2.2
15242,Le Trioulou,1.9
15243,Trizac,1.3
15244,Ussel,4.1
15245,Vabres,3.4
15246,Valette,2.4
15247,Valjouze,0.8
15248,Valuéjols,3.2
15249,Le Vaulmier,0.3
15250,Vebret,3.6
15251,Védrines-Saint-Loup,0.9
15252,Velzic,3.6
15253,Vernols,2.4
15254,Veyrières,1.8
15255,Vézac,2.9
15256,Vèze,1.6
15257,Vezels-Roussy,0.0
15258,Vic-sur-Cère,5.5
15259,Vieillespesse,3.1
15260,Vieillevie,3.8
15261,Le Vigean,4.1
15262,Villedieu,3.8
15263,Virargues,2.6
15264,Vitrac,2.3
15265,Ydes,4.0
15266,Yolet,2.6
15267,Ytrac,4.4
15268,Le Rouget-Pers,3.7
15269,Besse,5.7
16001,Abzac,4.3
16002,Les Adjots,4.2
16003,Agris,3.1
16005,Aigre,4.0
16007,Alloue,1.4
16008,Ambérac,3.7
16009,Ambernac,2.8
16011,Anais,4.7
16012,Angeac-Champagne,3.5
16013,Angeac-Charente,2.2
16014,Angeduc,2.4
16015,Angoulême,3.2
16016,Ansac-sur-Vienne,4.2
16018,Ars,4.2
16019,Asnières-sur-Nouère,2.9
16020,Aubeterre-sur-Dronne,2.4
16023,Aunac-sur-Charente,3.3
16024,Aussac-Vadalle,3.7
16025,Baignes-Sainte-Radegonde,1.9
16026,Balzac,3.4
16027,Barbezières,2.5
16028,Barbezieux-Saint-Hilaire,2.7
16029,Bardenac,0.8
16030,Barret,2.4
16031,Barro,3.7
16032,Bassac,3.6
16034,Bazac,2.5
16035,Beaulieu-sur-Sonnette,2.1
16036,Bécheresse,2.5
16037,Bellon,2.5
16038,Benest,0.9
16039,Bernac,3.8
16040,Berneuil,0.9
16041,Bessac,1.7
16042,Bessé,3.1
16044,Bioussac,3.1
16045,Birac,2.0
16046,Coteaux-du-Blanzacais,2.6
16047,Blanzaguet-Saint-Cybard,1.7
16048,Boisbreteau,1.6
16049,Bonnes,2.3
16050,Bonneuil,1.8
16052,Bors (Canton de Tude-et-Lavalette),2.7
16053,Bors (Canton de Charente-Sud),2.3
16054,Le Bouchage,2.3
16055,Bouëx,2.2
16056,Bourg-Charente,3.3
16057,Bouteville,1.5
16058,Boutiers-Saint-Trojan,3.5
16059,Brettes,2.8
16060,Bréville,3.1
16061,Brie,3.2
16062,Brie-sous-Barbezieux,2.5
16063,Brie-sous-Chalais,0.8
16064,Brigueuil,2.6
16065,Brillac,3.3
16066,Brossac,0.6
16067,Bunzac,3.8
16068,Cellefrouin,3.2
16069,Cellettes,3.7
16070,Chabanais,3.0
16071,Chabrac,3.8
16072,Chadurie,3.3
16073,Chalais,2.8
16074,Challignac,1.7
16075,Champagne-Vigny,2.0
16076,Champagne-Mouton,1.5
16077,Champmillon,2.3
16078,Champniers,4.2
16079,Chantillac,3.1
16081,La Chapelle,3.9
16082,Boisné-La Tude,2.4
16083,Charmé,3.9
16084,Charras,2.5
16085,Chasseneuil-sur-Bonnieure,3.4
16086,Chassenon,2.8
16087,Chassiecq,1.9
16088,Chassors,2.8
16089,Châteaubernard,4.2
16090,Châteauneuf-sur-Charente,1.7
16091,Châtignac,1.3
16093,Chazelles,3.0
16095,Chenon,3.4
16096,Cherves-Châtelars,2.1
16097,Val-de-Cognac,3.4
16098,La Chèvrerie,3.7
16099,Chillac,1.3
16100,Chirac,2.7
16101,Claix,3.1
16102,Cognac,3.7
16103,Combiers,2.8
16104,Condac,3.4
16105,Condéon,2.3
16106,Confolens,4.0
16107,Coulgens,3.4
16108,Coulonges,3.7
16109,Courbillac,2.1
16110,Courcôme,3.8
16111,Courgeac,3.2
16112,Courlac,2.8
16113,La Couronne,3.6
16114,Couture,3.3
16116,Criteuil-la-Magdeleine,2.6
16117,Curac,1.1
16118,Deviat,2.4
16119,Dignac,2.2
16120,Dirac,3.2
16121,Douzat,3.3
16122,Ébréon,3.5
16123,Échallat,3.2
16124,Écuras,3.0
16125,Édon,2.4
16127,Empuré,2.3
16128,Épenède,1.7
16130,Les Essards,2.5
16131,Esse,4.2
16132,Étagnac,4.1
16133,Étriac,2.4
16134,Exideuil-sur-Vienne,2.6
16135,Eymouthiers,3.5
16136,La Faye,3.6
16137,Feuillade,2.7
16138,Fléac,2.3
16139,Fleurac,3.4
16141,Fontenille,4.4
16142,La Forêt-de-Tessé,1.8
16143,Fouquebrune,2.6
16144,Fouqueure,3.7
16145,Foussignac,3.6
16146,Garat,2.5
16147,Gardes-le-Pontaroux,2.1
16148,Genac-Bignac,3.6
16150,Gensac-la-Pallue,3.7
16151,Genté,3.9
16152,Gimeux,3.8
16153,Mainxe-Gondeville,3.3
16154,Gond-Pontouvre,4.0
16155,Les Gours,2.8
16157,Le Grand-Madieu,2.3
16158,Grassac,2.1
16160,Guimps,3.0
16161,Guizengeard,0.9
16162,Gurat,2.0
16163,Hiersac,3.0
16164,Hiesse,2.5
16165,Houlette,2.3
16166,L'Isle-d'Espagnac,3.5
16167,Jarnac,3.7
16168,Jauldes,2.8
16169,Javrezac,3.5
16170,Juignac,2.7
16171,Juillac-le-Coq,2.9
16173,Juillé,3.8
16174,Julienne,3.0
16175,Val des Vignes,2.4
16176,Lachaise,2.6
16177,Ladiville,2.5
16178,Lagarde-sur-le-Né,2.0
16180,Laprade,2.9
16181,Lessac,4.6
16182,Lesterps,3.0
16183,Lésignac-Durand,1.7
16184,Lichères,3.9
16185,Ligné,3.8
16186,Lignières-Ambleville,2.0
16187,Linars,3.1
16188,Le Lindois,2.5
16189,Londigny,2.5
16190,Longré,2.6
16191,Lonnes,3.2
16192,Terres-de-Haute-Charente,2.7
16193,Louzac-Saint-André,3.2
16194,Lupsault,2.5
16195,Lussac,2.8
16196,Luxé,3.8
16197,La Magdeleine,2.5
16198,Magnac-Lavalette-Villars,1.9
16199,Magnac-sur-Touvre,3.4
16200,Maine-de-Boixe,4.3
16203,Mainzac,2.0
16204,Bellevigne,2.0
16205,Manot,3.9
16206,Mansle-les-Fontaines,5.0
16207,Marcillac-Lanville,4.2
16208,Mareuil,2.3
16209,Marillac-le-Franc,3.2
16210,Marsac,2.6
16211,Marthon,2.6
16212,Massignac,1.3
16213,Mazerolles,2.7
16215,Médillac,2.2
16216,Mérignac,3.6
16217,Merpins,4.1
16218,Mesnac,3.1
16220,Les Métairies,3.5
16221,Mons,3.8
16222,Montboyer,2.9
16223,Montbron,2.9
16224,Montmérac,2.6
16225,Montembœuf,2.0
16226,Montignac-Charente,3.8
16227,Montignac-le-Coq,2.0
16229,Montjean,2.8
16230,Montmoreau,3.3
16231,Montrollet,1.8
16232,Mornac,4.3
16233,Mosnac-Saint-Simeux,1.9
16234,Moulidars,2.6
16236,Mouthiers-sur-Boëme,2.1
16237,Mouton,3.1
16238,Moutonneau,3.5
16239,Mouzon,2.0
16240,Nabinaud,2.5
16241,Nanclars,3.7
16242,Nanteuil-en-Vallée,2.4
16243,Nercillac,3.4
16244,Nersac,3.0
16245,Nieuil,3.2
16246,Nonac,2.2
16248,Oradour,3.0
16249,Oradour-Fanais,1.6
16250,Orgedeuil,2.7
16251,Oriolles,1.3
16252,Orival,1.6
16253,Paizay-Naudouin-Embourie,2.1
16254,Palluaud,2.1
16255,Parzac,2.5
16256,Passirac,0.6
16258,Pérignac,2.8
16260,Pillac,3.3
16261,Les Pins,2.6
16263,Plassac-Rouffiac,1.9
16264,Pleuville,0.8
16267,Poullignac,2.0
16268,Poursac,3.3
16269,Pranzac,3.3
16270,Pressignac,1.9
16271,Puymoyen,3.0
16272,Puyréaux,4.3
16273,Raix,3.4
16275,Ranville-Breuillaud,2.9
16276,Reignac,2.9
16277,Réparsac,3.4
16279,Rioux-Martin,1.4
16280,Rivières,2.9
16281,La Rochefoucauld-en-Angoumois,3.6
16282,La Rochette,2.9
16283,Ronsenac,2.2
16284,Rouffiac,2.0
16285,Rougnac,2.2
16286,Rouillac,3.4
16287,Roullet-Saint-Estèphe,3.5
16289,Roussines,2.7
16290,Rouzède,2.6
16291,Ruelle-sur-Touvre,4.7
16292,Ruffec,3.6
16293,Saint-Adjutory,2.1
16295,Saint-Amant-de-Boixe,2.8
16297,Graves-Saint-Amant,2.4
16298,Saint-Amant-de-Nouère,3.2
16300,Val-de-Bonnieure,3.6
16301,Saint-Aulais-la-Chapelle,1.8
16302,Saint-Avit,2.2
16303,Saint-Bonnet,1.9
16304,Saint-Brice,3.8
16306,Saint-Christophe,2.7
16307,Saint-Ciers-sur-Bonnieure,3.2
16308,Saint-Claud,2.8
16310,Saint-Coutant,1.2
16312,Saint-Cybardeaux,3.3
16315,Saint-Félix,2.1
16316,Saint-Fort-sur-le-Né,3.5
16317,Saint-Fraigne,2.7
16318,Saint-Front,2.7
16320,Saint-Genis-d'Hiersac,2.7
16321,Saint-Georges,3.1
16323,Saint-Germain-de-Montbron,2.8
16325,Saint-Gourson,2.7
16326,Saint-Groux,4.0
16329,Saint-Laurent-de-Céris,2.6
16330,Saint-Laurent-de-Cognac,3.1
16331,Saint-Laurent-des-Combes,2.3
16334,Saint-Martial,2.4
16335,Saint-Martin-du-Clocher,3.5
16336,Saint-Mary,2.8
16337,Saint-Maurice-des-Lions,4.3
16338,Saint-Médard,2.3
16339,Val-d'Auge,2.8
16340,Saint-Même-les-Carrières,2.9
16341,Saint-Michel,3.7
16342,Saint-Palais-du-Né,3.0
16343,Saint-Preuil,1.9
16345,Saint-Quentin-sur-Charente,2.5
16346,Saint-Quentin-de-Chalais,2.3
16347,Saint-Romain,2.2
16348,Saint-Saturnin,2.7
16349,Sainte-Sévère,3.8
16350,Saint-Séverin,2.9
16352,Saint-Simon,2.9
16353,Saint-Sornin,3.8
16354,Sainte-Souline,1.4
16356,Saint-Sulpice-de-Ruffec,2.8
16357,Saint-Vallier,0.9
16358,Saint-Yrieix-sur-Charente,4.0
16359,Salles-d'Angles,3.9
16360,Salles-de-Barbezieux,2.7
16361,Salles-de-Villefagnan,4.3
16362,Salles-Lavalette,2.2
16363,Saulgond,3.9
16364,Sauvagnac,1.4
16365,Sauvignac,1.3
16366,Segonzac,2.5
16368,Sers,2.4
16369,Sigogne,2.6
16370,Sireuil,2.0
16372,Souffrignac,2.6
16373,Souvigné,3.4
16374,Soyaux,3.1
16375,Suaux,3.1
16377,La Tâche,3.4
16378,Taizé-Aizie,3.6
16379,Taponnat-Fleurignac,2.9
16380,Le Tâtre,2.4
16381,Theil-Rabier,2.7
16382,Torsac,2.5
16383,Tourriers,4.6
16384,Touvérac,2.4
16385,Touvre,3.4
16387,Triac-Lautrait,3.9
16388,Trois-Palis,2.8
16389,Turgon,2.1
16390,Tusson,4.3
16392,Valence,3.3
16393,Vars,2.7
16394,Vaux-Lavalette,2.1
16395,Vaux-Rouillac,2.7
16396,Ventouse,2.9
16397,Verdille,2.9
16398,Verneuil,2.3
16399,Verrières,2.5
16400,Verteuil-sur-Charente,4.0
16401,Vervant,3.8
16402,Vibrac,2.9
16403,Le Vieux-Cérier,1.9
16404,Vieux-Ruffec,1.9
16405,Vignolles,2.1
16406,Moulins-sur-Tardoire,3.3
16408,Villebois-Lavalette,2.2
16409,Villefagnan,3.3
16412,Villejoubert,3.8
16413,Villiers-le-Roux,2.5
16414,Villognon,3.9
16415,Vindelle,2.9
16416,Vitrac-Saint-Vincent,1.9
16418,Vœuil-et-Giget,2.9
16419,Vouharte,3.7
16420,Voulgézac,2.8
16421,Vouthon,3.4
16422,Vouzan,2.3
16423,Xambes,3.5
16424,Yviers,1.1
16425,Yvrac-et-Malleyrand,3.2
17002,Agudelle,3.1
17003,Aigrefeuille-d'Aunis,3.2
17004,Île-d'Aix,14.0
17005,Allas-Bocage,3.3
17006,Allas-Champagne,3.5
17007,Anais,3.7
17008,Andilly,5.0
17009,Angliers,5.3
17010,Angoulins,5.6
17011,Annepont,3.4
17012,Annezay,2.3
17013,Antezant-la-Chapelle,2.9
17015,Arces,2.2
17016,Archiac,3.3
17017,Archingeay,2.3
17018,Ardillières,2.6
17019,Ars-en-Ré,3.9
17020,Arthenac,3.3
17021,Arvert,2.6
17022,Asnières-la-Giraud,3.4
17023,Aujac,2.6
17024,Aulnay,2.2
17025,Aumagne,3.3
17026,Authon-Ébéon,3.3
17027,Avy,4.1
17028,Aytré,7.5
17029,Bagnizeau,2.9
17030,Balanzac,3.0
17031,Ballans,2.6
17032,Ballon,3.5
17033,La Barde,2.4
17034,Barzan,1.8
17035,Bazauges,2.9
17036,Beaugeay,3.0
17037,Beauvais-sur-Matha,3.1
17038,Bedenac,2.8
17039,Belluire,4.9
17041,Benon,3.8
17042,Bercloux,2.7
17043,Bernay-Saint-Martin,1.9
17044,Berneuil,5.5
17045,Beurlay,2.8
17046,Bignay,2.8
17047,Biron,4.2
17048,Blanzac-lès-Matha,3.4
17049,Blanzay-sur-Boutonne,3.3
17050,Bois,3.7
17051,Le Bois-Plage-en-Ré,5.4
17052,Boisredon,3.6
17053,Bords,2.5
17054,Boresse-et-Martron,1.5
17055,Boscamnant,2.1
17056,Bougneau,3.3
17057,Bouhet,4.7
17058,Bourcefranc-le-Chapus,4.1
17059,Bourgneuf,4.1
17060,Boutenac-Touvent,2.9
17061,Bran,2.3
17062,Bresdon,3.0
17063,Breuil-la-Réorte,2.9
17064,Breuillet,4.4
17065,Breuil-Magné,5.7
17066,Brie-sous-Archiac,2.8
17067,Brie-sous-Matha,2.0
17068,Brie-sous-Mortagne,2.8
17069,Brives-sur-Charente,3.5
17070,Brizambourg,3.3
17071,La Brousse,2.7
17072,Burie,3.2
17073,Bussac-sur-Charente,4.0
17074,Bussac-Forêt,3.8
17075,Cabariot,3.4
17076,Celles,4.2
17077,Cercoux,2.1
17078,Chadenac,4.5
17079,Chaillevette,3.0
17080,Chambon,4.4
17081,Chamouillac,3.0
17082,Champagnac,2.8
17083,Champagne,3.2
17084,Champagnolles,3.6
17085,Champdolent,1.6
17086,Chaniers,4.2
17087,Chantemerle-sur-la-Soie,1.9
17089,La Chapelle-des-Pots,4.4
17091,Charron,2.1
17092,Chartuzac,3.0
17093,Le Château-d'Oléron,3.6
17094,Châtelaillon-Plage,4.1
17095,Chatenet,3.3
17096,Chaunac,2.7
17097,Le Chay,3.4
17098,Chenac-Saint-Seurin-d'Uzet,2.0
17099,Chepniers,4.2
17100,Chérac,3.3
17101,Cherbonnières,2.8
17102,Chermignac,4.1
17104,Chevanceaux,4.1
17105,Chives,2.1
17106,Cierzac,3.5
17107,Ciré-d'Aunis,3.6
17108,Clam,4.0
17109,Clavette,4.6
17110,Clérac,2.5
17111,Clion,3.2
17112,La Clisse,4.6
17113,La Clotte,2.3
17114,Coivert,2.4
17115,Colombiers,3.8
17116,Consac,3.3
17117,Contré,1.7
17118,Corignac,3.0
17119,Corme-Écluse,3.0
17120,Corme-Royal,3.4
17121,La Couarde-sur-Mer,5.5
17122,Coulonges,3.2
17124,Courant,2.2
17125,Courcelles,3.0
17126,Courcerac,3.2
17127,Courçon,3.7
17128,Courcoury,4.2
17129,Courpignac,2.4
17130,Coux,2.2
17131,Cozes,2.7
17132,Cram-Chaban,3.9
17133,Cravans,3.1
17134,Crazannes,3.7
17135,Cressé,2.7
17136,Croix-Chapeau,3.2
17137,La Croix-Comtesse,2.2
17138,Dampierre-sur-Boutonne,2.0
17139,Dœuil-sur-le-Mignon,1.7
17140,Dolus-d'Oléron,4.5
17141,Dompierre-sur-Charente,4.4
17142,Dompierre-sur-Mer,6.9
17143,Le Douhet,2.9
17145,Échebrune,2.6
17146,Échillais,4.2
17147,Écoyeux,2.6
17148,Écurat,4.4
17149,Les Éduts,2.0
17150,Les Églises-d'Argenteuil,2.6
17151,L'Éguille,4.5
17152,Épargnes,2.6
17153,Esnandes,2.3
17154,Les Essards,3.7
17155,Étaules,2.9
17156,Expiremont,2.6
17157,Fenioux,2.8
17158,Ferrières,4.0
17159,Fléac-sur-Seugne,3.9
17160,Floirac,2.3
17161,La Flotte,4.1
17162,Fontaine-Chalendray,2.8
17163,Fontaines-d'Ozillac,2.6
17164,Fontcouverte,4.5
17165,Fontenet,4.3
17166,Forges,3.8
17167,Le Fouilloux,1.8
17168,Fouras,2.7
17171,Geay,2.7
17172,Gémozac,3.7
17173,La Genétouze,1.5
17174,Genouillé,4.1
17175,Germignac,3.4
17176,Gibourne,2.8
17177,Le Gicq,3.0
17178,Givrezac,3.6
17179,Les Gonds,5.6
17180,Gourvillette,2.2
17181,Grandjean,3.0
17182,La Grève-sur-Mignon,2.8
17183,Grézac,2.7
17184,La Gripperie-Saint-Symphorien,2.4
17185,Le Gua,3.9
17186,Le Gué-d'Alleré,4.5
17187,Guitinières,3.4
17188,Haimps,2.7
17190,L'Houmeau,3.6
17191,La Jard,5.2
17192,Jarnac-Champagne,3.6
17193,La Jarne,6.5
17194,La Jarrie,4.5
17195,La Jarrie-Audouin,2.6
17196,Jazennes,3.9
17197,Jonzac,3.4
17198,Juicq,2.2
17199,Jussas,3.3
17200,Lagord,6.7
17201,La Laigne,4.1
17202,Landes,2.9
17203,Landrais,3.7
17204,Léoville,2.9
17205,Loire-les-Marais,4.2
17206,Loiré-sur-Nie,2.8
17207,Loix,4.8
17208,Longèves,5.6
17209,Lonzac,3.6
17210,Lorignac,2.6
17211,Loulay,2.4
17212,Louzignac,2.8
17213,Lozay,2.2
17214,Luchat,4.9
17215,Lussac,3.5
17216,Lussant,4.1
17217,Macqueville,2.1
17218,Marans,3.1
17219,Marennes-Hiers-Brouage,3.9
17220,Marignac,4.3
17221,Marsais,2.5
17222,Marsilly,3.3
17223,Massac,2.1
17224,Matha,3.1
17225,Les Mathes,2.2
17226,Mazeray,3.4
17227,Mazerolles,3.1
17228,Médis,5.4
17229,Mérignac,2.9
17230,Meschers-sur-Gironde,2.1
17231,Messac,2.3
17232,Meursac,4.1
17233,Meux,4.0
17234,Migré,2.1
17235,Migron,2.8
17236,Mirambeau,3.6
17237,Moëze,3.0
17239,Mons,2.8
17240,Montendre,3.1
17241,Montguyon,2.7
17242,Montils,2.4
17243,Montlieu-la-Garde,4.3
17244,Montpellier-de-Médillan,2.5
17245,Montroy,2.9
17246,Moragne,2.8
17247,Mornac-sur-Seudre,4.4
17248,Mortagne-sur-Gironde,2.0
17249,Mortiers,2.9
17250,Mosnac,4.5
17252,Le Mung,3.2
17253,Muron,4.3
17254,Nachamps,2.8
17255,Nancras,2.7
17256,Nantillé,2.8
17257,Néré,2.2
17258,Neuillac,3.5
17259,Neulles,4.1
17260,Neuvicq,2.5
17261,Neuvicq-le-Château,2.7
17262,Nieul-lès-Saintes,4.6
17263,Nieul-le-Virouil,3.3
17264,Nieul-sur-Mer,5.3
17265,Nieulle-sur-Seudre,2.0
17266,Les Nouillers,2.4
17267,Nuaillé-d'Aunis,5.1
17268,Nuaillé-sur-Boutonne,2.8
17269,Orignolles,3.6
17270,Ozillac,2.6
17271,Paillé,2.9
17273,Pérignac,3.6
17274,Périgny,5.8
17275,Pessines,4.4
17276,Le Pin,3.3
17277,Essouvert,3.6
17278,Pisany,5.4
17279,Plassac,3.4
17280,Plassay,3.4
17281,Polignac,3.3
17282,Pommiers-Moulons,2.6
17283,Pons,3.7
17284,Pont-l'Abbé-d'Arnoult,2.6
17285,Port-d'Envaux,3.4
17286,Les Portes-en-Ré,2.8
17287,Pouillac,3.7
17288,Poursay-Garnaud,4.0
17289,Préguillac,5.3
17290,Prignac,3.3
17291,Puilboreau,6.6
17292,Puy-du-Lac,2.6
17293,Puyravault,4.9
17294,Puyrolland,2.9
17295,Réaux sur Trèfle,3.8
17296,Rétaud,4.8
17297,Rivedoux-Plage,5.2
17298,Rioux,3.8
17299,Rochefort,4.6
17300,La Rochelle,5.7
17301,Romazières,2.0
17302,Romegoux,2.5
17303,La Ronde,2.9
17304,Rouffiac,3.9
17305,Rouffignac,2.6
17306,Royan,3.9
17307,Sablonceaux,3.1
17308,Saint-Agnant,4.3
17309,Saint-Aigulin,2.5
17310,Saint-André-de-Lidon,2.4
17311,Saint-Augustin,3.8
17312,Saint-Bonnet-sur-Gironde,2.0
17313,Saint-Bris-des-Bois,3.3
17314,Saint-Césaire,3.3
17315,Saint-Christophe,3.2
17316,Saint-Ciers-Champagne,3.7
17317,Saint-Ciers-du-Taillon,2.7
17318,Saint-Clément-des-Baleines,3.8
17319,Sainte-Colombe,3.0
17320,Saint-Coutant-le-Grand,2.7
17321,Saint-Crépin,2.3
17322,Saint-Cyr-du-Doret,3.1
17323,Saint-Denis-d'Oléron,2.7
17324,Saint-Dizant-du-Bois,3.2
17325,Saint-Dizant-du-Gua,2.1
17326,Saint-Eugène,3.5
17327,Saint-Félix,3.1
17328,Saint-Fort-sur-Gironde,2.6
17329,Saint-Froult,1.4
17330,Sainte-Gemme,2.5
17331,Saint-Genis-de-Saintonge,4.8
17332,Saint-Georges-Antignac,4.6
17333,Saint-Georges-de-Didonne,3.8
17334,Saint-Georges-de-Longuepierre,2.3
17335,Saint-Georges-des-Agoûts,2.2
17336,Saint-Georges-des-Coteaux,4.4
17337,Saint-Georges-d'Oléron,3.3
17338,Saint-Georges-du-Bois,3.9
17339,Saint-Germain-de-Lusignan,3.6
17340,Saint-Pierre-La-Noue,3.9
17341,Saint-Germain-de-Vibrac,2.9
17342,Saint-Germain-du-Seudre,3.8
17343,Saint-Grégoire-d'Ardennes,4.0
17344,Saint-Hilaire-de-Villefranche,3.1
17345,Saint-Hilaire-du-Bois,3.3
17346,Saint-Hippolyte,3.3
17347,Saint-Jean-d'Angély,3.3
17348,Saint-Jean-d'Angle,3.6
17349,Saint-Jean-de-Liversay,3.4
17350,Saint-Julien-de-l'Escap,3.8
17351,Saint-Just-Luzac,2.4
17353,Saint-Laurent-de-la-Prée,4.5
17354,Saint-Léger,4.6
17355,Sainte-Lheurine,3.0
17356,Saint-Loup,2.5
17357,Saint-Maigrin,3.0
17358,Saint-Mandé-sur-Brédoire,1.8
17359,Saint-Mard,3.6
17360,Sainte-Marie-de-Ré,4.2
17361,Saint-Martial,2.7
17362,Saint-Martial-de-Mirambeau,2.4
17363,Saint-Martial-de-Vitaterne,3.3
17364,Saint-Martial-sur-Né,3.8
17365,Saint-Martin-d'Ary,2.7
17366,Saint-Martin-de-Coux,2.7
17367,Saint-Martin-de-Juillers,3.2
17369,Saint-Martin-de-Ré,5.0
17372,Saint-Médard,2.3
17373,Saint-Médard-d'Aunis,3.1
17374,Sainte-Même,3.6
17375,Saint-Nazaire-sur-Charente,2.0
17376,Saint-Ouen-d'Aunis,4.9
17377,Saint-Ouen-la-Thène,2.6
17378,Saint-Palais-de-Négrignac,3.0
17379,Saint-Palais-de-Phiolin,3.2
17380,Saint-Palais-sur-Mer,2.7
17381,Saint-Pardoult,2.8
17382,Saint-Pierre-d'Amilly,4.1
17383,Saint-Pierre-de-Juillers,2.9
17384,Saint-Pierre-de-l'Isle,2.3
17385,Saint-Pierre-d'Oléron,3.9
17386,Saint-Pierre-du-Palais,2.1
17387,Saint-Porchaire,2.4
17388,Saint-Quantin-de-Rançanne,3.3
17389,Sainte-Radegonde,3.0
17390,Sainte-Ramée,2.5
17391,Saint-Rogatien,4.3
17393,Saint-Romain-de-Benet,4.9
17394,Saint-Saturnin-du-Bois,3.6
17395,Saint-Sauvant,3.8
17396,Saint-Sauveur-d'Aunis,4.3
17397,Saint-Savinien,4.2
17398,Saint-Seurin-de-Palenne,3.2
17400,Saint-Sever-de-Saintonge,3.2
17401,Saint-Séverin-sur-Boutonne,2.0
17402,Saint-Sigismond-de-Clermont,3.6
17403,Saint-Simon-de-Bordes,2.7
17404,Saint-Simon-de-Pellouaille,2.9
17405,Saint-Sorlin-de-Conac,2.0
17406,Saint-Sornin,2.9
17407,Sainte-Soulle,5.1
17408,Saint-Sulpice-d'Arnoult,2.4
17409,Saint-Sulpice-de-Royan,4.3
17410,Saint-Thomas-de-Conac,2.2
17411,Saint-Trojan-les-Bains,3.0
17412,Saint-Vaize,4.4
17413,Saint-Vivien,6.1
17414,Saint-Xandre,6.0
17415,Saintes,5.0
17416,Saleignes,2.3
17417,Salignac-de-Mirambeau,3.1
17418,Salignac-sur-Charente,3.9
17420,Salles-sur-Mer,5.0
17421,Saujon,3.3
17422,Seigné,2.5
17423,Semillac,3.4
17424,Semoussac,2.2
17425,Semussac,4.0
17426,Le Seure,3.3
17427,Siecq,3.1
17428,Sonnac,2.8
17429,Soubise,3.4
17430,Soubran,3.0
17431,Soulignonne,3.6
17432,Souméras,2.8
17433,Sousmoulins,2.4
17434,Surgères,3.8
17435,Taillant,3.2
17436,Taillebourg,3.4
17437,Talmont-sur-Gironde,1.6
17438,Tanzac,3.4
17439,Taugon,2.8
17440,Ternant,2.6
17441,Tesson,4.7
17442,Thaims,2.3
17443,Thairé,4.3
17444,Thénac,5.1
17445,Thézac,3.7
17446,Thors,2.8
17447,Le Thou,3.3
17448,Tonnay-Boutonne,2.5
17449,Tonnay-Charente,4.4
17450,Torxé,2.7
17451,Les Touches-de-Périgny,3.2
17452,La Tremblade,2.9
17453,Trizay,3.4
17454,Tugéras-Saint-Maurice,2.8
17455,La Vallée,2.5
17457,La Devise,3.7
17458,Vanzac,2.7
17459,Varaize,3.9
17460,Varzay,4.4
17461,Vaux-sur-Mer,3.6
17462,Vénérand,4.3
17463,Vergeroux,6.2
17464,Vergné,2.0
17465,La Vergne,3.1
17466,Vérines,5.0
17467,Vervant,2.9
17468,Vibrac,3.0
17469,Villars-en-Pons,3.9
17470,Villars-les-Bois,2.5
17471,La Villedieu,2.7
17472,Villedoux,4.5
17473,Villemorin,1.7
17474,Villeneuve-la-Comtesse,1.6
17476,Villexavier,2.8
17477,Villiers-Couture,1.5
17478,Vinax,2.2
17479,Virollet,3.3
17480,Virson,3.9
17481,Voissay,3.0
17482,Vouhé,4.8
17483,Yves,6.4
17484,Port-des-Barques,1.1
17485,Le Grand-Village-Plage,4.2
17486,La Brée-les-Bains,2.7
18001,Achères,2.0
18002,Ainay-le-Vieil,2.5
18003,Les Aix-d'Angillon,1.5
18004,Allogny,2.6
18005,Allouis,1.7
18006,Annoix,1.6
18007,Apremont-sur-Allier,1.5
18008,Arçay,3.2
18009,Arcomps,1.3
18010,Ardenais,1.7
18011,Argent-sur-Sauldre,2.7
18012,Argenvières,1.3
18013,Arpheuilles,1.7
18014,Assigny,1.9
18015,Aubigny-sur-Nère,3.2
18016,Aubinges,1.5
18017,Augy-sur-Aubois,1.5
18018,Avord,1.3
18019,Azy,0.9
18020,Bannay,2.9
18021,Bannegon,1.6
18022,Barlieu,2.1
18023,Baugy,1.4
18024,Beddes,1.4
18025,Beffes,1.2
18026,Belleville-sur-Loire,2.8
18027,Bengy-sur-Craon,1.5
18028,Berry-Bouy,3.6
18029,Bessais-le-Fromental,2.8
18030,Blancafort,2.6
18031,Blet,1.0
18032,Boulleret,2.9
18033,Bourges,3.1
18034,Bouzais,1.5
18035,Brécy,1.9
18036,Brinay,2.1
18037,Brinon-sur-Sauldre,0.8
18038,Bruère-Allichamps,1.6
18039,Bué,2.5
18040,Bussy,0.7
18041,La Celette,1.9
18042,La Celle,1.6
18043,La Celle-Condé,1.2
18044,Cerbois,1.2
18045,Chalivoy-Milon,0.4
18046,Chambon,1.1
18047,La Chapelle-d'Angillon,2.7
18048,La Chapelle-Hugon,2.4
18049,La Chapelle-Montlinard,1.4
18050,La Chapelle-Saint-Ursin,2.4
18051,La Chapelotte,1.4
18052,Charenton-du-Cher,2.8
18053,Charentonnay,1.5
18054,Charly,1.0
18055,Chârost,2.1
18056,Chassy,1.2
18057,Châteaumeillant,2.5
18058,Châteauneuf-sur-Cher,2.8
18059,Le Châtelet,1.8
18060,Chaumont,0.7
18061,Chaumoux-Marcilly,1.3
18062,Le Chautay,2.1
18063,Chavannes,2.6
18064,Chéry,1.4
18065,Chezal-Benoît,1.0
18066,Civray,0.7
18067,Clémont,1.7
18068,Cogny,0.6
18069,Colombiers,1.8
18070,Concressault,2.0
18071,Contres,1.9
18072,Cornusse,0.9
18073,Corquoy,2.2
18074,Couargues,1.8
18075,Cours-les-Barres,2.8
18076,Coust,2.6
18077,Couy,0.8
18078,Crézançay-sur-Cher,1.6
18079,Crézancy-en-Sancerre,2.0
18080,Croisy,1.4
18081,Crosses,1.9
18082,Cuffy,2.4
18083,Culan,1.8
18084,Dampierre-en-Crot,1.9
18085,Dampierre-en-Graçay,1.8
18086,Drevant,1.9
18087,Dun-sur-Auron,1.2
18088,Ennordres,2.8
18089,Épineuil-le-Fleuriel,1.7
18090,Étréchy,1.1
18091,Farges-Allichamps,1.6
18092,Farges-en-Septaine,2.0
18093,Faverdines,1.2
18094,Feux,1.6
18095,Flavigny,1.4
18096,Foëcy,2.5
18097,Fussy,2.2
18098,Gardefort,2.5
18099,Garigny,1.3
18100,Genouilly,1.7
18101,Germigny-l'Exempt,2.6
18102,Givardon,1.0
18103,Graçay,1.5
18104,Groises,1.5
18105,Gron,1.2
18106,Grossouvre,2.4
18107,La Groutte,1.9
18108,La Guerche-sur-l'Aubois,2.4
18109,Henrichemont,1.7
18110,Herry,1.4
18111,Humbligny,0.9
18112,Ids-Saint-Roch,1.1
18113,Ignol,0.9
18114,Ineuil,1.7
18115,Ivoy-le-Pré,1.6
18116,Jalognes,1.3
18117,Jars,1.8
18118,Jouet-sur-l'Aubois,1.6
18119,Jussy-Champagne,1.6
18120,Jussy-le-Chaudrier,1.2
18121,Lantan,0.6
18122,Lapan,2.5
18124,Lazenay,0.9
18125,Léré,2.4
18126,Levet,3.1
18127,Lignières,1.0
18128,Limeux,0.9
18129,Lissay-Lochy,2.6
18130,Loye-sur-Arnon,1.4
18132,Lugny-Champagne,0.9
18133,Lunery,2.1
18134,Lury-sur-Arnon,1.4
18135,Maisonnais,1.7
18136,Marçais,1.4
18137,Mareuil-sur-Arnon,1.6
18138,Marmagne,2.8
18139,Marseilles-lès-Aubigny,1.1
18140,Massay,2.2
18141,Mehun-sur-Yèvre,2.1
18142,Meillant,0.8
18143,Menetou-Couture,1.5
18144,Menetou-Râtel,2.8
18145,Menetou-Salon,1.8
18146,Ménétréol-sous-Sancerre,2.7
18147,Ménétréol-sur-Sauldre,2.9
18148,Méreau,1.9
18149,Méry-ès-Bois,2.3
18150,Méry-sur-Cher,1.7
18151,Montigny,1.0
18152,Montlouis,1.5
18153,Morlac,1.3
18154,Mornay-Berry,1.5
18155,Mornay-sur-Allier,2.7
18156,Morogues,1.5
18157,Morthomiers,1.6
18158,Moulins-sur-Yèvre,1.5
18159,Nançay,2.1
18160,Nérondes,2.0
18161,Neuilly-en-Dun,1.2
18162,Neuilly-en-Sancerre,1.7
18163,Neuvy-Deux-Clochers,1.7
18164,Neuvy-le-Barrois,2.1
18165,Neuvy-sur-Barangeon,2.1
18166,Nohant-en-Goût,1.9
18167,Nohant-en-Graçay,1.6
18168,Le Noyer,1.9
18169,Nozières,1.5
18170,Oizon,2.6
18171,Orcenais,1.8
18172,Orval,1.5
18173,Osmery,0.9
18174,Osmoy,1.3
18175,Ourouer-les-Bourdelins,1.4
18176,Parassy,1.6
18177,Parnay,0.6
18178,La Perche,1.9
18179,Pigny,2.2
18180,Plaimpied-Givaudins,2.0
18181,Plou,1.4
18182,Poisieux,1.3
18183,Le Pondy,1.6
18184,Précy,1.1
18185,Presly,2.7
18186,Preuilly,1.5
18187,Préveranges,2.0
18188,Primelles,1.0
18189,Quantilly,1.8
18190,Quincy,2.2
18191,Raymond,1.3
18192,Reigny,1.8
18193,Rezay,1.3
18194,Rians,1.1
18195,Sagonne,1.0
18196,Saint-Aignan-des-Noyers,1.9
18197,Saint-Amand-Montrond,1.5
18198,Saint-Ambroix,2.2
18199,Saint-Baudel,1.7
18200,Saint-Bouize,1.8
18201,Saint-Caprais,2.6
18202,Saint-Céols,1.1
18203,Saint-Christophe-le-Chaudry,1.5
18204,Saint-Denis-de-Palin,2.2
18205,Saint-Doulchard,3.5
18206,Saint-Éloy-de-Gy,3.0
18207,Saint-Florent-sur-Cher,2.2
18208,Sainte-Gemme-en-Sancerrois,2.8
18209,Saint-Georges-de-Poisieux,1.4
18210,Saint-Georges-sur-la-Prée,2.0
18211,Saint-Georges-sur-Moulon,1.4
18212,Saint-Germain-des-Bois,2.6
18213,Saint-Germain-du-Puy,2.2
18214,Saint-Hilaire-de-Court,2.3
18215,Saint-Hilaire-de-Gondilly,1.3
18216,Saint-Hilaire-en-Lignières,1.0
18217,Saint-Jeanvrin,1.7
18218,Saint-Just,1.9
18219,Saint-Laurent,2.7
18220,Saint-Léger-le-Petit,1.5
18221,Saint-Loup-des-Chaumes,2.2
18223,Saint-Martin-d'Auxigny,1.9
18224,Saint-Martin-des-Champs,1.4
18225,Saint-Maur,2.1
18226,Saint-Michel-de-Volangis,1.7
18227,Sainte-Montaine,2.4
18228,Saint-Outrille,1.4
18229,Saint-Palais,1.8
18230,Saint-Pierre-les-Bois,1.7
18231,Saint-Pierre-les-Étieux,2.1
18232,Saint-Priest-la-Marche,1.8
18233,Saint-Satur,3.4
18234,Saint-Saturnin,1.6
18235,Sainte-Solange,1.7
18236,Saint-Symphorien,1.6
18237,Sainte-Thorette,1.8
18238,Saint-Vitte,1.3
18240,Sancergues,1.1
18241,Sancerre,3.0
18242,Sancoins,2.4
18243,Santranges,2.5
18244,Saugy,1.4
18245,Saulzais-le-Potier,0.9
18246,Savigny-en-Sancerre,2.8
18247,Savigny-en-Septaine,2.1
18248,Senneçay,2.9
18249,Sens-Beaujeu,2.2
18250,Serruelles,2.9
18251,Sévry,0.9
18252,Sidiailles,1.2
18253,Soulangis,1.6
18254,Soye-en-Septaine,2.3
18255,Le Subdray,2.6
18256,Subligny,2.4
18257,Sury-près-Léré,3.1
18258,Sury-en-Vaux,3.5
18259,Sury-ès-Bois,1.8
18260,Tendron,1.4
18261,Thaumiers,1.1
18262,Thauvenay,2.7
18263,Thénioux,2.1
18264,Thou,1.4
18265,Torteron,1.7
18266,Touchay,1.3
18267,Trouy,2.5
18268,Uzay-le-Venon,1.8
18269,Vailly-sur-Sauldre,1.2
18270,Vallenay,1.7
18271,Vasselay,2.1
18272,Veaugues,1.8
18273,Venesmes,2.3
18274,Verdigny,3.0
18275,Vereaux,2.5
18276,Vernais,2.1
18277,Verneuil,1.0
18278,Vesdun,0.9
18279,Vierzon,1.6
18280,Vignoux-sous-les-Aix,2.0
18281,Vignoux-sur-Barangeon,2.6
18282,Villabon,1.7
18283,Villecelin,1.5
18284,Villegenon,1.5
18285,Villeneuve-sur-Cher,1.4
18286,Villequiers,1.4
18287,Vinon,2.4
18288,Vorly,2.6
18289,Vornay,1.2
18290,Vouzeron,2.9
19001,Affieux,1.0
19002,Aix,2.3
19003,Albignac,3.1
19004,Albussac,3.5
19005,Allassac,2.8
19006,Alleyrat,1.8
19007,Altillac,3.3
19008,Ambrugeat,0.0
19009,Les Angles-sur-Corrèze,2.8
19010,Argentat-sur-Dordogne,6.0
19011,Arnac-Pompadour,4.2
19012,Astaillac,2.6
19013,Aubazines,2.3
19014,Auriac,2.3
19015,Ayen,2.8
19016,Bar,3.4
19017,Bassignac-le-Bas,1.8
19018,Bassignac-le-Haut,2.2
19019,Beaulieu-sur-Dordogne,2.6
19020,Beaumont,2.0
19021,Bellechassagne,2.1
19022,Benayes,2.5
19023,Beynat,4.5
19024,Beyssac,2.9
19025,Beyssenac,2.5
19026,Bilhac,3.1
19027,Bonnefond,2.7
19028,Bort-les-Orgues,3.9
19029,Branceilles,3.5
19030,Brignac-la-Plaine,2.5
19031,Brive-la-Gaillarde,3.3
19033,Bugeat,4.0
19034,Camps-Saint-Mathurin-Léobazel,0.6
19035,Chabrignac,3.1
19036,Chamberet,2.6
19037,Chamboulive,2.8
19038,Chameyrat,1.8
19039,Champagnac-la-Noaille,6.0
19040,Champagnac-la-Prune,1.5
19041,Chanac-les-Mines,2.5
19042,Chanteix,2.8
19043,La Chapelle-aux-Brocs,2.0
19044,La Chapelle-aux-Saints,2.9
19045,La Chapelle-Saint-Géraud,3.7
19046,Chapelle-Spinasse,8.2
19047,Chartrier-Ferrière,0.8
19048,Le Chastang,3.8
19049,Chasteaux,2.0
19050,Chauffour-sur-Vell,4.3
19051,Chaumeil,0.6
19052,Chavanac,0.0
19053,Chaveroche,1.8
19054,Chenailler-Mascheix,0.8
19055,Chirac-Bellevue,2.4
19056,Clergoux,3.5
19057,Collonges-la-Rouge,2.7
19058,Combressol,3.5
19059,Concèze,2.9
19060,Condat-sur-Ganaveix,1.3
19061,Cornil,1.8
19062,Corrèze,2.0
19063,Cosnac,2.4
19064,Couffy-sur-Sarsonne,1.5
19065,Courteix,2.8
19066,Cublac,2.4
19067,Curemonte,3.1
19068,Dampniat,1.0
19069,Darazac,3.7
19070,Darnets,5.6
19071,Davignac,2.6
19072,Donzenac,3.6
19073,Égletons,9.2
19074,L'Église-aux-Bois,2.1
19075,Espagnac,1.3
19076,Espartignac,2.2
19077,Estivals,0.6
19078,Estivaux,0.8
19079,Eyburie,1.2
19080,Eygurande,3.3
19081,Eyrein,5.7
19082,Favars,2.7
19083,Feyt,2.9
19084,Forgès,3.3
19085,Gimel-les-Cascades,2.1
19086,Goulles,0.3
19087,Gourdon-Murat,2.7
19088,Grandsaigne,0.0
19089,Gros-Chastang,3.2
19090,Gumond,3.2
19091,Hautefage,6.5
19093,Jugeals-Nazareth,3.1
19094,Juillac,3.0
19095,Lacelle,3.3
19096,Ladignac-sur-Rondelles,2.3
19097,Lafage-sur-Sombre,5.5
19098,Lagarde-Marc-la-Tour,2.4
19099,Lagleygeolle,3.7
19100,Lagraulière,3.0
19101,Laguenne-sur-Avalouze,3.3
19102,Lamazière-Basse,1.5
19103,Lamazière-Haute,2.5
19104,Lamongerie,2.2
19105,Lanteuil,3.5
19106,Lapleau,0.8
19107,Larche,3.0
19108,Laroche-près-Feyt,1.6
19109,Lascaux,2.9
19110,Latronche,1.5
19111,Laval-sur-Luzège,0.8
19112,Lestards,1.3
19113,Liginiac,1.5
19114,Lignareix,2.9
19115,Ligneyrac,3.0
19116,Liourdres,3.6
19117,Lissac-sur-Couze,2.3
19118,Le Lonzac,2.1
19119,Lostanges,3.9
19120,Louignac,1.7
19121,Lubersac,3.2
19122,Madranges,1.4
19123,Malemort,3.8
19124,Mansac,3.0
19125,Marcillac-la-Croisille,3.5
19126,Marcillac-la-Croze,3.4
19128,Margerides,0.7
19129,Masseret,3.0
19130,Maussac,5.2
19131,Meilhards,2.5
19132,Ménoire,3.4
19133,Mercœur,3.7
19134,Merlines,3.6
19135,Mestes,3.4
19136,Meymac,0.0
19137,Meyrignac-l'Église,2.0
19138,Meyssac,2.9
19139,Millevaches,0.0
19140,Monceaux-sur-Dordogne,4.9
19141,Monestier-Merlines,3.7
19142,Monestier-Port-Dieu,0.0
19143,Montaignac-sur-Doustre,8.0
19144,Montgibaud,3.2
19145,Moustier-Ventadour,8.7
19146,Naves,4.0
19147,Nespouls,4.0
19148,Neuvic,2.2
19149,Neuville,4.7
19150,Noailhac,2.9
19151,Noailles,4.8
19152,Nonards,2.8
19153,Objat,3.3
19154,Orgnac-sur-Vézère,1.4
19155,Orliac-de-Bar,1.4
19156,Palazinges,3.4
19157,Palisse,1.5
19158,Pandrignes,1.1
19159,Péret-Bel-Air,3.1
19160,Pérols-sur-Vézère,4.0
19161,Perpezac-le-Blanc,2.7
19162,Perpezac-le-Noir,2.6
19163,Le Pescher,3.9
19164,Peyrelevade,2.4
19165,Peyrissac,2.6
19166,Pierrefitte,2.2
19167,Confolent-Port-Dieu,0.0
19168,Pradines,1.3
19169,Puy-d'Arnac,2.4
19170,Queyssac-les-Vignes,2.7
19171,Reygade,2.7
19172,Rilhac-Treignac,2.0
19173,Rilhac-Xaintrie,4.8
19174,La Roche-Canillac,2.3
19175,Roche-le-Peyroux,0.0
19176,Rosiers-d'Égletons,10.0
19177,Rosiers-de-Juillac,2.6
19178,Sadroc,2.1
19179,Saillac,3.9
19180,Saint-Angel,1.8
19181,Saint-Augustin,1.8
19182,Saint-Aulaire,2.6
19184,Saint-Bazile-de-Meyssac,1.6
19186,Saint-Bonnet-Elvert,2.5
19187,Saint-Bonnet-la-Rivière,3.3
19188,Saint-Bonnet-l'Enfantier,1.5
19189,Saint-Bonnet-les-Tours-de-Merle,0.0
19190,Saint-Bonnet-près-Bort,0.9
19191,Saint-Cernin-de-Larche,1.9
19192,Saint-Chamant,4.9
19193,Saint-Cirgues-la-Loutre,3.8
19194,Saint-Clément,3.2
19195,Saint-Cyprien,2.7
19196,Saint-Cyr-la-Roche,3.2
19198,Saint-Éloy-les-Tuileries,2.6
19199,Saint-Étienne-aux-Clos,0.7
19200,Saint-Étienne-la-Geneste,1.6
19201,Saint-Exupéry-les-Roches,1.8
19202,Sainte-Féréole,2.7
19203,Sainte-Fortunade,3.8
19204,Saint-Fréjoux,1.8
19205,Saint-Geniez-ô-Merle,3.0
19206,Saint-Germain-Lavolps,1.5
19207,Saint-Germain-les-Vergnes,3.7
19208,Saint-Hilaire-Foissac,7.3
19209,Saint-Hilaire-les-Courbes,3.4
19210,Saint-Hilaire-Luc,1.5
19211,Saint-Hilaire-Peyroux,1.2
19212,Saint-Hilaire-Taurieux,1.5
19213,Saint-Jal,3.7
19214,Saint-Julien-aux-Bois,5.8
19215,Saint-Julien-le-Pèlerin,1.1
19216,Saint-Julien-le-Vendômois,3.4
19217,Saint-Julien-Maumont,3.4
19219,Sainte-Marie-Lapanouze,1.6
19220,Saint-Martial-de-Gimel,1.3
19221,Saint-Martial-Entraygues,3.2
19222,Saint-Martin-la-Méanne,3.9
19223,Saint-Martin-Sepert,3.4
19225,Saint-Merd-de-Lapleau,2.5
19226,Saint-Merd-les-Oussines,1.3
19227,Saint-Mexant,2.7
19228,Saint-Pantaléon-de-Lapleau,1.5
19229,Saint-Pantaléon-de-Larche,3.7
19230,Saint-Pardoux-Corbier,3.4
19231,Saint-Pardoux-la-Croisille,3.5
19232,Saint-Pardoux-le-Neuf,3.1
19233,Saint-Pardoux-le-Vieux,2.4
19234,Saint-Pardoux-l'Ortigier,2.4
19235,Saint-Paul,2.0
19236,Saint-Priest-de-Gimel,4.0
19237,Saint-Privat,5.4
19238,Saint-Rémy,2.6
19239,Saint-Robert,2.8
19240,Saint-Salvadour,2.2
19241,Saint-Setiers,0.6
19242,Saint-Solve,2.8
19243,Saint-Sornin-Lavolps,3.2
19244,Saint-Sulpice-les-Bois,0.0
19245,Saint-Sylvain,2.6
19246,Saint-Viance,3.6
19247,Saint-Victour,1.4
19248,Saint-Ybard,3.6
19249,Saint-Yrieix-le-Déjalat,5.6
19250,Salon-la-Tour,3.0
19251,Sarran,6.7
19252,Sarroux - Saint Julien,1.4
19253,Segonzac,2.8
19254,Ségur-le-Château,2.7
19255,Seilhac,3.2
19256,Sérandon,1.9
19257,Sérilhac,2.1
19258,Servières-le-Château,5.7
19259,Sexcles,3.1
19260,Sioniac,2.6
19261,Sornac,1.2
19262,Soudaine-Lavinadière,2.2
19263,Soudeilles,8.2
19264,Soursac,0.7
19265,Tarnac,7.4
19266,Thalamy,0.0
19268,Toy-Viam,6.4
19269,Treignac,2.0
19270,Troche,2.9
19271,Tudeils,3.4
19272,Tulle,2.6
19273,Turenne,3.0
19274,Ussac,5.3
19275,Ussel,2.7
19276,Uzerche,2.3
19277,Valiergues,2.5
19278,Varetz,4.7
19279,Vars-sur-Roseix,2.8
19280,Végennes,3.1
19281,Veix,1.3
19283,Veyrières,2.3
19284,Viam,4.0
19285,Vigeois,3.1
19286,Vignols,2.7
19287,Vitrac-sur-Montane,7.4
19288,Voutezac,2.6
19289,Yssandon,2.3
21001,Agencourt,4.2
21002,Agey,3.3
21003,Ahuy,3.1
21004,Aignay-le-Duc,1.2
21005,Aiserey,3.5
21006,Aisey-sur-Seine,1.9
21007,Aisy-sous-Thil,3.1
21008,Alise-Sainte-Reine,2.0
21009,Allerey,3.0
21010,Aloxe-Corton,5.0
21011,Ampilly-les-Bordes,3.3
21012,Ampilly-le-Sec,3.1
21013,Ancey,3.0
21014,Antheuil,1.0
21015,Antigny-la-Ville,6.5
21016,Arceau,3.6
21017,Arcenant,2.2
21018,Arcey,3.1
21020,Arconcey,2.8
21021,Arc-sur-Tille,3.6
21022,Argilly,1.9
21023,Arnay-le-Duc,4.6
21024,Arnay-sous-Vitteaux,2.2
21025,Arrans,2.4
21026,Asnières-en-Montagne,2.6
21027,Asnières-lès-Dijon,4.4
21028,Athée,2.5
21029,Athie,4.4
21030,Aubaine,1.8
21031,Aubigny-en-Plaine,4.1
21032,Aubigny-la-Ronce,1.9
21033,Aubigny-lès-Sombernon,2.7
21034,Autricourt,1.7
21035,Auvillars-sur-Saône,2.7
21036,Auxant,4.2
21037,Auxey-Duresses,4.2
21038,Auxonne,2.0
21039,Avelanges,2.5
21040,Avosnes,2.1
21041,Avot,2.0
21042,Bagnot,2.2
21043,Baigneux-les-Juifs,2.7
21044,Balot,2.7
21045,Barbirey-sur-Ouche,2.4
21046,Bard-le-Régulier,1.5
21047,Bard-lès-Époisses,2.3
21048,Barges,3.7
21049,Barjon,0.7
21050,Baubigny,2.8
21051,Baulme-la-Roche,1.3
21052,Beaulieu,0.6
21053,Beaumont-sur-Vingeanne,3.0
21054,Beaune,5.0
21055,Beaunotte,1.2
21056,Beire-le-Châtel,2.9
21057,Beire-le-Fort,2.6
21058,Belan-sur-Ource,1.6
21059,Bellefond,3.8
21060,Belleneuve,2.8
21061,Bellenod-sur-Seine,2.1
21062,Bellenot-sous-Pouilly,3.1
21063,Beneuvre,2.4
21064,Benoisey,2.0
21065,Bessey-en-Chaume,4.4
21066,Bessey-la-Cour,4.4
21067,Bessey-lès-Cîteaux,2.9
21068,Beurey-Bauguay,1.9
21069,Beurizot,3.4
21070,Bévy,2.2
21071,Bèze,4.3
21072,Bézouotte,2.6
21074,Billey,3.8
21075,Billy-lès-Chanceaux,2.6
21076,Binges,2.8
21077,Bissey-la-Côte,2.3
21078,Bissey-la-Pierre,3.8
21079,Blagny-sur-Vingeanne,2.9
21080,Blaisy-Bas,3.2
21081,Blaisy-Haut,3.3
21082,Blancey,2.5
21083,Blanot,1.5
21084,Source-Seine,2.0
21085,Bligny-le-Sec,3.9
21086,Bligny-lès-Beaune,5.1
21087,Bligny-sur-Ouche,4.2
21088,Boncourt-le-Bois,4.1
21089,Bonnencontre,2.9
21090,Boudreville,2.7
21091,Bouhey,1.7
21092,Bouilland,1.4
21093,Bouix,4.2
21094,Bourberain,3.2
21095,Bousselange,3.4
21096,Boussenois,1.7
21097,Boussey,2.8
21098,Boux-sous-Salmaise,0.9
21099,Bouze-lès-Beaune,5.5
21100,Brain,2.2
21101,Braux,3.4
21102,Brazey-en-Morvan,1.1
21103,Brazey-en-Plaine,3.3
21104,Brémur-et-Vaurois,0.6
21105,Bressey-sur-Tille,2.4
21106,Bretenière,4.5
21107,Bretigny,2.5
21108,Brianny,2.5
21109,Brion-sur-Ource,3.2
21110,Brochon,3.8
21111,Brognon,2.2
21112,Broin,2.8
21113,Broindon,2.9
21114,Buffon,3.6
21115,Buncey,2.6
21116,Bure-les-Templiers,1.6
21117,Busseaut,0.7
21118,Busserotte-et-Montenaille,2.1
21119,Bussières,2.1
21120,La Bussière-sur-Ouche,1.9
21121,Bussy-la-Pesle,0.6
21122,Bussy-le-Grand,2.0
21123,Buxerolles,0.9
21124,Censerey,1.8
21125,Cérilly,4.9
21126,Cessey-sur-Tille,2.6
21127,Chaignay,3.7
21128,Chailly-sur-Armançon,2.7
21129,Chambain,0.9
21130,Chambeire,2.3
21131,Chamblanc,2.6
21132,Chambœuf,2.9
21133,Chambolle-Musigny,3.6
21134,Chamesson,2.2
21135,Champagne-sur-Vingeanne,2.5
21136,Champagny,3.9
21137,Champ-d'Oiseau,4.7
21138,Champdôtre,3.6
21139,Champeau-en-Morvan,2.3
21140,Champignolles,6.1
21141,Champrenault,0.3
21142,Chanceaux,3.9
21143,Channay,2.7
21144,Charencey,1.5
21145,Charigny,1.2
21146,Charmes,2.6
21147,Charny,2.2
21148,Charrey-sur-Saône,3.7
21149,Charrey-sur-Seine,2.8
21150,Chassagne-Montrachet,3.7
21151,Chassey,2.3
21152,Châteauneuf,1.7
21153,Châtellenot,1.7
21154,Châtillon-sur-Seine,2.8
21155,Chaudenay-la-Ville,3.9
21156,Chaudenay-le-Château,2.8
21157,Chaugey,1.2
21158,Chaume-et-Courchamp,3.5
21159,La Chaume,1.0
21160,Chaume-lès-Baigneux,3.1
21161,Chaumont-le-Bois,2.5
21162,Chaux,3.0
21163,Chazeuil,3.5
21164,Chazilly,5.1
21165,Chemin-d'Aisey,1.7
21166,Chenôve,5.9
21167,Cheuge,2.4
21168,Chevannay,1.1
21169,Chevannes,1.9
21170,Chevigny-en-Valière,1.9
21171,Chevigny-Saint-Sauveur,3.7
21172,Chivres,2.9
21173,Chorey-les-Beaune,4.5
21175,Cirey-lès-Pontailler,2.3
21176,Civry-en-Montagne,4.3
21177,Clamerey,3.4
21178,Valforêt,1.6
21179,Clénay,2.1
21180,Cléry,3.0
21181,Clomot,4.1
21182,Collonges-lès-Bévy,2.2
21183,Collonges-et-Premières,2.3
21184,Colombier,1.9
21185,Combertault,4.6
21186,Comblanchien,2.9
21187,Commarin,2.5
21189,Corberon,2.6
21190,Corcelles-les-Arts,3.2
21191,Corcelles-lès-Cîteaux,2.8
21192,Corcelles-les-Monts,2.8
21193,Corgengoux,2.7
21194,Corgoloin,3.7
21195,Cormot-Vauchignon,2.7
21196,Corpeau,3.6
21197,Corpoyer-la-Chapelle,1.1
21198,Corrombles,3.4
21199,Corsaint,1.9
21200,Couchey,4.7
21201,Coulmier-le-Sec,2.0
21202,Courban,2.8
21203,Courcelles-Frémoy,3.1
21204,Courcelles-lès-Montbard,3.2
21205,Courcelles-lès-Semur,3.8
21207,Courlon,2.1
21208,Courtivron,1.2
21209,Couternon,4.8
21210,Créancey,3.3
21211,Crécey-sur-Tille,5.2
21212,Crépand,4.0
21214,Crugey,2.8
21215,Cuiserey,2.4
21216,Culètre,5.2
21217,Curley,2.6
21218,Curtil-Saint-Seine,0.3
21219,Curtil-Vergy,2.2
21220,Cussey-les-Forges,1.9
21221,Cussy-la-Colonne,3.6
21222,Cussy-le-Châtel,6.1
21223,Daix,3.3
21224,Dampierre-en-Montagne,2.7
21225,Dampierre-et-Flée,3.0
21226,Darcey,1.5
21227,Darois,3.9
21228,Détain-et-Bruant,1.3
21229,Diancey,1.8
21230,Diénay,4.0
21231,Dijon,4.5
21232,Dompierre-en-Morvan,3.3
21233,Drambon,2.4
21234,Drée,2.2
21235,Duesme,1.8
21236,Ébaty,3.3
21237,Échalot,0.3
21238,Échannay,3.2
21239,Échenon,3.1
21240,Échevannes,4.4
21241,Échevronne,3.3
21242,Échigey,3.2
21243,Écutigny,4.4
21244,Éguilly,3.5
21245,Épagny,3.7
21246,Épernay-sous-Gevrey,2.4
21247,Époisses,3.0
21248,Éringes,2.6
21249,Esbarres,3.4
21250,Essarois,0.7
21251,Essey,4.0
21252,Étais,2.3
21253,Étalante,1.8
21254,L'Étang-Vergy,2.2
21255,Étaules,2.6
21256,Étevaux,2.7
21257,Étormay,3.5
21258,Étrochey,4.0
21259,Fain-lès-Montbard,4.4
21260,Fain-lès-Moutiers,2.2
21261,Fauverney,4.6
21262,Faverolles-lès-Lucey,0.6
21263,Fénay,5.4
21264,Le Fête,4.1
21265,Fixin,4.2
21266,Flacey,3.2
21267,Flagey-Echézeaux,3.3
21268,Flagey-lès-Auxonne,2.7
21269,Flammerans,3.0
21270,Flavignerot,1.1
21271,Flavigny-sur-Ozerain,1.7
21272,Le Val-Larrey,2.9
21273,Fleurey-sur-Ouche,4.1
21274,Foissy,5.7
21275,Foncegrive,2.2
21276,Fontaines-en-Duesmois,3.0
21277,Fontaine-Française,2.6
21278,Fontaine-lès-Dijon,4.9
21279,Fontaines-les-Sèches,1.8
21280,Fontangy,2.0
21281,Fontenelle,2.4
21282,Forléans,4.2
21283,Fraignot-et-Vesvrotte,1.4
21284,Francheville,2.7
21285,Franxault,2.9
21286,Frénois,1.3
21287,Fresnes,3.4
21288,Frôlois,1.3
21289,Fussey,2.8
21290,Gemeaux,3.8
21291,Genay,4.4
21292,Genlis,3.6
21293,Gergueil,1.6
21294,Gerland,1.8
21295,Gevrey-Chambertin,4.1
21296,Gevrolles,2.7
21297,Gilly-lès-Cîteaux,3.4
21298,Gissey-le-Vieil,2.5
21299,Gissey-sous-Flavigny,0.4
21300,Gissey-sur-Ouche,2.4
21301,Glanon,2.6
21302,Gomméville,2.6
21303,Les Goulles,0.3
21304,Grancey-le-Château-Neuvelle,2.1
21305,Grancey-sur-Ource,1.6
21306,Grenant-lès-Sombernon,3.2
21307,Grésigny-Sainte-Reine,2.5
21308,Grignon,2.0
21309,Griselles,2.9
21310,Grosbois-en-Montagne,3.0
21311,Grosbois-lès-Tichey,3.0
21312,Gurgy-la-Ville,0.6
21313,Gurgy-le-Château,0.6
21314,Hauteroche,1.3
21315,Hauteville-lès-Dijon,3.3
21316,Heuilley-sur-Saône,1.6
21317,Is-sur-Tille,5.1
21319,Izeure,3.0
21320,Izier,2.4
21321,Jailly-les-Moulins,1.8
21322,Jallanges,2.7
21323,Jancigny,1.7
21324,Jeux-lès-Bard,2.4
21325,Jouey,3.5
21326,Jours-lès-Baigneux,3.3
21327,Val-Mont,3.6
21328,Juillenay,2.7
21329,Juilly,3.1
21330,Labergement-Foigney,1.9
21331,Labergement-lès-Auxonne,2.8
21332,Labergement-lès-Seurre,2.8
21333,Labruyère,3.0
21334,Lacanche,5.4
21335,Lacour-d'Arcenay,3.0
21336,Laignes,2.9
21337,Lamarche-sur-Saône,1.6
21338,Lamargelle,1.3
21339,Lantenay,2.2
21340,Lanthes,2.6
21341,Lantilly,4.0
21342,Laperrière-sur-Saône,4.2
21343,Larrey,2.9
21344,Lechâtelet,3.5
21345,Léry,1.3
21346,Leuglay,0.9
21347,Levernois,5.3
21348,Licey-sur-Vingeanne,3.0
21349,Liernais,1.3
21350,Lignerolles,1.4
21351,Longchamp,2.2
21352,Longeault-Pluvault,3.1
21353,Longecourt-en-Plaine,3.1
21354,Longecourt-lès-Culêtre,6.3
21355,Longvic,6.5
21356,Losne,3.9
21357,Louesme,2.1
21358,Lucenay-le-Duc,2.9
21359,Lucey,1.3
21360,Lusigny-sur-Ouche,3.1
21361,Lux,4.9
21362,Maconge,4.2
21363,Magnien,3.7
21364,Magny-Lambert,3.2
21365,Magny-la-Ville,2.3
21366,Magny-lès-Aubigny,2.9
21367,Magny-Montarlot,2.3
21368,Magny-lès-Villers,4.1
21369,Magny-Saint-Médard,2.7
21370,Magny-sur-Tille,3.6
21371,Les Maillys,3.8
21372,Maisey-le-Duc,1.7
21373,Mâlain,3.0
21374,Maligny,5.6
21375,Manlay,1.5
21376,Marandeuil,2.4
21377,Marcellois,2.4
21378,Marcenay,3.8
21379,Marcheseuil,1.1
21380,Marcigny-sous-Thil,3.1
21381,Marcilly-et-Dracy,2.7
21382,Marcilly-Ogny,0.0
21383,Marcilly-sur-Tille,4.6
21384,Marey-lès-Fussey,2.8
21385,Marey-sur-Tille,3.8
21386,Marigny-le-Cahouët,1.6
21387,Marigny-lès-Reullée,2.7
21388,Marliens,3.3
21389,Marmagne,4.6
21390,Marsannay-la-Côte,4.8
21391,Marsannay-le-Bois,3.8
21392,Martrois,2.5
21393,Massingy,3.1
21394,Massingy-lès-Semur,3.5
21395,Massingy-lès-Vitteaux,2.7
21396,Mauvilly,0.5
21397,Mavilly-Mandelot,3.7
21398,Maxilly-sur-Saône,1.6
21399,Meilly-sur-Rouvres,5.1
21400,Le Meix,0.7
21401,Meloisey,4.7
21402,Menesble,0.9
21403,Ménessaire,1.5
21404,Ménétreux-le-Pitois,2.4
21405,Merceuil,3.4
21406,Mesmont,4.0
21407,Messanges,2.2
21408,Messigny-et-Vantoux,3.4
21409,Meuilley,3.3
21410,Meulson,1.2
21411,Meursanges,3.0
21412,Meursault,4.0
21413,Millery,4.6
21414,Mimeure,4.3
21415,Minot,0.9
21416,Mirebeau-sur-Bèze,3.2
21417,Missery,1.5
21418,Moitron,0.5
21419,Molesme,2.0
21420,Molinot,3.4
21421,Moloy,0.6
21422,Molphey,3.6
21423,Montagny-lès-Beaune,5.9
21424,Montagny-lès-Seurre,3.9
21425,Montbard,3.6
21426,Montberthault,2.5
21427,Montceau-et-Écharnant,3.4
21428,Monthelie,4.3
21429,Montigny-Montfort,4.8
21430,Montigny-Saint-Barthélemy,2.7
21431,Montigny-sur-Armançon,3.7
21432,Montigny-sur-Aube,2.1
21433,Montigny-Mornay-Villeneuve-sur-Vingeanne,3.8
21434,Montlay-en-Auxois,3.0
21435,Montliot-et-Courcelles,3.1
21436,Montmain,2.0
21437,Montmançon,2.2
21438,Montmoyen,0.6
21439,Montoillot,3.0
21440,Montot,3.5
21441,Mont-Saint-Jean,0.4
21442,Morey-Saint-Denis,3.2
21444,Mosson,2.5
21445,La Motte-Ternant,2.2
21446,Moutiers-Saint-Jean,2.5
21447,Musigny,5.2
21448,Mussy-la-Fosse,2.0
21449,Nan-sous-Thil,2.2
21450,Nantoux,4.1
21451,Nesle-et-Massoult,2.2
21452,Neuilly-Crimolois,4.3
21454,Nicey,2.7
21455,Nod-sur-Seine,1.9
21456,Nogent-lès-Montbard,4.4
21457,Noidan,2.6
21458,Noiron-sous-Gevrey,3.2
21459,Noiron-sur-Bèze,3.1
21460,Noiron-sur-Seine,2.1
21461,Nolay,2.9
21462,Norges-la-Ville,4.1
21463,Normier,2.7
21464,Nuits-Saint-Georges,4.6
21465,Obtrée,2.7
21466,Oigny,1.5
21467,Oisilly,2.7
21468,Orain,4.4
21469,Orgeux,3.9
21470,Origny,2.1
21471,Orret,2.3
21472,Orville,4.2
21473,Ouges,5.5
21474,Pagny-la-Ville,3.4
21475,Pagny-le-Château,4.2
21476,Painblanc,4.8
21477,Panges,3.3
21478,Pasques,3.6
21479,Pellerey,2.6
21480,Pernand-Vergelesses,3.5
21481,Perrigny-lès-Dijon,5.1
21482,Perrigny-sur-l'Ognon,2.6
21483,Pichanges,4.2
21484,Planay,1.5
21485,Plombières-lès-Dijon,3.8
21487,Pluvet,4.0
21488,Poinçon-lès-Larrey,4.0
21489,Poiseul-la-Grange,0.2
21490,Poiseul-la-Ville-et-Laperrière,2.0
21491,Poiseul-lès-Saulx,1.9
21492,Pommard,5.4
21493,Poncey-lès-Athée,1.8
21494,Poncey-sur-l'Ignon,2.6
21495,Pont,3.5
21496,Pontailler-sur-Saône,2.5
21497,Pont-et-Massène,3.2
21498,Posanges,2.7
21499,Pothières,2.7
21500,Pouillenay,3.6
21501,Pouilly-en-Auxois,3.3
21502,Pouilly-sur-Saône,2.7
21503,Pouilly-sur-Vingeanne,4.5
21504,Prâlon,3.3
21505,Précy-sous-Thil,3.4
21506,Premeaux-Prissey,3.0
21508,Prenois,2.2
21510,Prusly-sur-Ource,1.8
21511,Puits,1.1
21512,Puligny-Montrachet,3.8
21514,Quemigny-sur-Seine,2.2
21515,Quetigny,7.5
21516,Quincerot,2.7
21517,Quincey,3.7
21518,Quincy-le-Vicomte,2.7
21519,Recey-sur-Ource,0.9
21520,Remilly-en-Montagne,3.4
21521,Remilly-sur-Tille,2.9
21522,Renève,2.7
21523,Reulle-Vergy,2.4
21524,Riel-les-Eaux,1.7
21525,La Roche-en-Brenil,3.1
21526,Rochefort-sur-Brévon,0.5
21527,La Rochepot,2.2
21528,La Roche-Vanneau,2.2
21529,Roilly,2.1
21530,Rougemont,2.4
21531,Rouvray,3.5
21532,Rouvres-en-Plaine,4.2
21533,Rouvres-sous-Meilly,4.9
21534,Ruffey-lès-Beaune,3.4
21535,Ruffey-lès-Echirey,5.7
21536,Sacquenay,1.8
21537,Saffres,2.8
21538,Saint-Andeux,2.0
21539,Saint-Anthot,2.7
21540,Saint-Apollinaire,7.0
21541,Saint-Aubin,2.6
21542,Saint-Bernard,2.0
21543,Saint-Broing-les-Moines,0.6
21544,Sainte-Colombe-en-Auxois,1.3
21545,Sainte-Colombe-sur-Seine,4.0
21546,Saint-Didier,3.1
21547,Saint-Euphrône,3.1
21548,Saint-Germain-de-Modéon,1.7
21549,Saint-Germain-le-Rocheux,0.0
21550,Saint-Germain-lès-Senailly,4.6
21552,Saint-Hélier,0.6
21553,Saint-Jean-de-Bœuf,1.3
21554,Saint-Jean-de-Losne,3.1
21555,Saint-Julien,2.7
21556,Saint-Léger-Triey,2.0
21557,Saint-Marc-sur-Seine,2.1
21558,Sainte-Marie-la-Blanche,3.8
21559,Sainte-Marie-sur-Ouche,3.4
21560,Saint-Martin-de-la-Mer,2.0
21561,Saint-Martin-du-Mont,4.0
21562,Saint-Maurice-sur-Vingeanne,3.7
21563,Saint-Mesmin,2.7
21564,Saint-Nicolas-lès-Cîteaux,1.5
21565,Saint-Philibert,3.5
21566,Saint-Pierre-en-Vaux,5.2
21567,Saint-Prix-lès-Arnay,4.8
21568,Saint-Rémy,3.6
21569,Saint-Romain,2.8
21570,Sainte-Sabine,4.9
21571,Saint-Sauveur,2.2
21572,Saint-Seine-en-Bâche,4.2
21573,Saint-Seine-l'Abbaye,4.0
21574,Saint-Seine-sur-Vingeanne,3.5
21575,Saint-Symphorien-sur-Saône,3.1
21576,Saint-Thibault,3.9
21577,Saint-Usage,3.0
21578,Saint-Victor-sur-Ouche,1.0
21579,Salives,0.7
21580,Salmaise,1.3
21581,Samerey,3.1
21582,Santenay,3.0
21583,Santosse,2.6
21584,Saulieu,2.8
21585,Saulon-la-Chapelle,3.9
21586,Saulon-la-Rue,4.5
21587,Saulx-le-Duc,2.5
21588,Saussey,5.2
21589,Saussy,0.4
21590,Savigny-lès-Beaune,3.1
21591,Savigny-le-Sec,3.3
21592,Savigny-sous-Mâlain,2.4
21593,Savilly,0.8
21594,Savoisy,3.2
21595,Savolles,2.4
21596,Savouges,1.9
21597,Segrois,2.4
21598,Seigny,3.6
21599,Selongey,3.5
21600,Semarey,2.4
21601,Semezanges,2.1
21602,Semond,1.7
21603,Semur-en-Auxois,3.4
21604,Senailly,3.7
21605,Sennecey-lès-Dijon,7.3
21606,Ladoix-Serrigny,3.5
21607,Seurre,2.6
21608,Sincey-lès-Rouvray,2.5
21609,Soirans,4.0
21610,Soissons-sur-Nacey,2.9
21611,Sombernon,4.0
21612,Souhey,2.3
21613,Soussey-sur-Brionne,3.4
21614,Spoy,4.0
21615,Sussey,0.7
21616,Tailly,4.1
21617,Talant,3.5
21618,Talmay,1.6
21619,Tanay,2.9
21620,Tarsul,1.8
21622,Tart-le-Bas,3.3
21623,Tart,3.2
21624,Tellecey,2.0
21625,Ternant,1.9
21626,Terrefondrée,0.9
21627,Thenissey,0.0
21628,Thoires,1.6
21629,Thoisy-la-Berchère,1.7
21630,Thoisy-le-Désert,4.0
21631,Thomirey,5.4
21632,Thorey-en-Plaine,3.8
21633,Thorey-sous-Charny,3.0
21634,Thorey-sur-Ouche,2.9
21635,Thoste,3.5
21636,Thury,5.2
21637,Tichey,3.1
21638,Til-Châtel,5.4
21639,Tillenay,2.5
21640,Torcy-et-Pouligny,3.0
21641,Touillon,3.5
21642,Toutry,2.9
21643,Tréclun,3.0
21644,Trochères,3.0
21645,Trouhans,3.3
21646,Trouhaut,4.1
21647,Trugny,2.7
21648,Turcey,1.5
21649,Uncey-le-Franc,2.8
21650,Urcy,1.7
21651,Val-Suzon,3.8
21652,Vandenesse-en-Auxois,4.7
21653,Vannaire,2.7
21655,Vanvey,1.9
21656,Varanges,3.4
21657,Varois-et-Chaignot,5.2
21659,Vaux-Saules,3.9
21660,Veilly,5.3
21661,Velars-sur-Ouche,4.2
21662,Velogny,2.7
21663,Venarey-les-Laumes,2.0
21664,Verdonnet,0.9
21665,Vernois-lès-Vesvres,1.0
21666,Vernot,1.3
21667,Véronnes,4.3
21669,Verrey-sous-Drée,1.8
21670,Verrey-sous-Salmaise,2.4
21671,Vertault,2.9
21672,Vesvres,2.7
21673,Veuvey-sur-Ouche,2.2
21674,Veuxhaulles-sur-Aube,2.7
21675,Vianges,2.2
21676,Vic-de-Chassenay,4.0
21677,Vic-des-Prés,4.2
21678,Vic-sous-Thil,2.4
21679,Vieilmoulin,3.0
21680,Vielverge,2.9
21681,Vieux-Château,2.5
21682,Viévigne,3.1
21683,Viévy,3.4
21684,Vignoles,4.1
21685,Villaines-en-Duesmois,2.4
21686,Villaines-les-Prévôtes,3.8
21687,Villargoix,2.0
21688,Villars-Fontaine,2.5
21689,Villars-et-Villenotte,3.1
21690,Villeberny,0.9
21691,Villebichot,1.8
21692,Villecomte,3.3
21693,Villedieu,2.9
21694,Villeferry,2.2
21695,La Villeneuve-les-Convers,2.3
21696,Villeneuve-sous-Charigny,3.3
21698,Villers-la-Faye,4.0
21699,Villers-les-Pots,2.5
21700,Villers-Patras,2.7
21701,Villers-Rotin,3.5
21702,Villey-sur-Tille,4.8
21703,Villiers-en-Morvan,1.5
21704,Villiers-le-Duc,1.0
21705,Villotte-Saint-Seine,2.6
21706,Villotte-sur-Ource,2.3
21707,Villy-en-Auxois,1.8
21708,Villy-le-Moutier,2.7
21709,Viserny,4.8
21710,Vitteaux,2.7
21711,Vix,4.3
21712,Volnay,5.2
21713,Vonges,2.2
21714,Vosne-Romanée,3.4
21715,Voudenay,2.8
21716,Vougeot,3.5
21717,Voulaines-les-Templiers,0.6
22001,Allineuc,1.4
22002,Andel,3.3
22003,Aucaleuc,4.1
22004,Bégard,3.6
22005,Belle-Isle-en-Terre,2.6
22006,Berhet,3.0
22008,Bobital,3.2
22009,Le Bodéo,1.8
22011,Boqueho,1.9
22012,La Bouillie,3.6
22013,Bourbriac,1.8
22014,Bourseul,2.2
22015,Bréhand,2.8
22016,Île-de-Bréhat,11.1
22018,Brélidy,2.7
22019,Bringolo,2.2
22020,Broons,3.1
22021,Brusvily,3.1
22023,Bulat-Pestivien,2.4
22024,Calanhel,2.5
22025,Callac,3.0
22026,Calorguen,3.0
22027,Le Cambout,1.7
22028,Camlez,4.4
22029,Canihuel,2.1
22030,Caouënnec-Lanvézéac,4.5
22031,Carnoët,2.6
22032,Caulnes,3.7
22033,Caurel,1.2
22034,Cavan,4.4
22035,Les Champs-Géraux,2.5
22036,La Chapelle-Blanche,4.6
22037,La Chapelle-Neuve,2.3
22039,La Chèze,2.8
22040,Coadout,2.9
22041,Coatascorn,2.0
22042,Coatréven,4.4
22043,Coëtlogon,2.7
22044,Coëtmieux,4.4
22045,Cohiniac,1.7
22046,Le Mené,2.6
22047,Corlay,2.2
22048,Corseul,4.4
22049,Créhen,3.1
22050,Dinan,4.1
22052,Duault,4.3
22053,Éréac,2.7
22054,Erquy,3.5
22055,Binic-Étables-sur-Mer,3.1
22056,Évran,2.3
22057,Le Faouët,2.6
22059,Le Fœil,1.7
22060,Gausson,1.6
22061,Glomel,4.8
22062,Gomené,2.4
22063,Gommenec'h,2.9
22064,Gouarec,3.1
22065,Goudelin,2.2
22067,Grâces,3.5
22068,Grâce-Uzel,1.9
22069,Guenroc,2.9
22070,Guingamp,3.4
22071,Guitté,3.1
22072,Gurunhuel,1.9
22073,La Harmoye,1.8
22074,Le Haut-Corlay,2.2
22075,Hémonstoir,2.3
22076,Hénanbihen,3.1
22077,Hénansal,3.3
22079,Hénon,1.4
22081,Hillion,3.7
22082,Le Hinglé,2.7
22083,Illifaut,3.6
22084,Jugon-les-Lacs,3.5
22085,Kerbors,2.0
22086,Kerfot,3.9
22087,Kergrist-Moëlou,2.9
22088,Kerien,1.0
22090,Kermaria-Sulard,4.7
22091,Kermoroc'h,2.6
22092,Kerpert,1.1
22093,Lamballe-Armor,2.9
22094,Lancieux,3.2
22095,Landebaëron,2.4
22096,Landébia,1.9
22097,La Landec,3.6
22098,Landéhen,3.4
22099,Lanfains,1.9
22101,Langoat,4.3
22103,Langrolay-sur-Rance,4.1
22104,Languédias,2.9
22105,Languenan,4.4
22106,Langueux,4.8
22107,Bon Repos sur Blavet,2.7
22108,Lanleff,3.2
22109,Lanloup,2.6
22110,Lanmérin,3.7
22111,Lanmodez,1.3
22112,Lannebert,2.7
22113,Lannion,4.5
22114,Lanrelas,3.2
22115,Lanrivain,1.5
22116,Lanrodec,3.0
22117,Lantic,3.4
22118,Lanvallay,3.3
22119,Lanvellec,2.1
22121,Lanvollon,3.1
22122,Laurenan,3.0
22124,Lescouët-Gouarec,2.4
22126,Le Leslay,1.2
22127,Lézardrieux,4.6
22128,Locarn,3.9
22129,Loc-Envel,1.9
22131,Loguivy-Plougras,1.9
22132,Lohuec,2.0
22133,Loscouët-sur-Meu,3.2
22134,Louannec,4.6
22135,Louargat,2.8
22136,Loudéac,3.4
22137,Maël-Carhaix,4.7
22138,Maël-Pestivien,1.4
22139,Magoar,1.3
22140,La Malhoure,2.8
22141,Mantallot,3.5
22143,Matignon,3.5
22144,La Méaugon,2.8
22145,Mégrit,2.7
22146,Mellionnec,2.4
22147,Merdrignac,3.4
22148,Mérillac,2.2
22149,Merléac,1.2
22150,Le Merzer,2.2
22152,Minihy-Tréguier,4.2
22153,Moncontour,2.5
22155,La Motte,2.0
22156,Moustéru,2.3
22157,Le Moustoir,4.1
22158,Guerlédan,2.3
22160,Noyal,3.3
22161,Pabu,3.3
22162,Paimpol,3.6
22163,Paule,5.0
22164,Pédernec,3.6
22165,Penguily,2.2
22166,Penvénan,3.4
22168,Perros-Guirec,3.2
22169,Peumerit-Quintin,0.4
22170,Plaine-Haute,2.8
22171,Plaintel,2.8
22172,Plancoët,2.9
22174,Pléboulle,2.9
22175,Plédéliac,1.8
22176,Plédran,2.6
22177,Pléguien,3.3
22178,Pléhédel,3.6
22179,Fréhel,3.5
22180,Plélan-le-Petit,3.9
22181,Plélauff,1.6
22182,Plélo,3.0
22183,Plémet,3.2
22184,Plémy,1.4
22185,Plénée-Jugon,2.7
22186,Pléneuf-Val-André,3.1
22187,Plérin,4.1
22188,Plerneuf,3.1
22189,Plésidy,1.6
22190,Pleslin-Trigavou,4.7
22193,Plestan,3.6
22194,Plestin-les-Grèves,3.1
22195,Pleubian,2.3
22196,Pleudaniel,4.0
22197,Pleudihen-sur-Rance,3.1
22198,Pleumeur-Bodou,3.3
22199,Pleumeur-Gautier,4.2
22200,Pléven,1.7
22201,Plévenon,1.9
22202,Plévin,3.9
22203,Plœuc-L'Hermitage,1.4
22204,Ploëzal,2.7
22205,Plorec-sur-Arguenon,1.4
22206,Châtelaudren-Plouagat,3.2
22207,Plouaret,2.4
22208,Plouasne,2.9
22209,Beaussais-sur-Mer,4.5
22210,Ploubazlanec,2.5
22211,Ploubezre,3.3
22212,Plouëc-du-Trieux,2.2
22213,Plouër-sur-Rance,4.5
22214,Plouézec,2.7
22215,Ploufragan,2.9
22216,Plougonver,2.5
22217,Plougras,1.9
22218,Plougrescant,2.5
22219,Plouguenast-Langast,1.3
22220,Plouguernével,3.8
22221,Plouguiel,3.2
22222,Plouha,3.0
22223,Plouisy,3.1
22224,Ploulec'h,2.8
22225,Ploumagoar,3.9
22226,Ploumilliau,2.7
22227,Plounérin,4.2
22228,Plounévez-Moëdec,3.0
22229,Plounévez-Quintin,3.9
22231,Plourac'h,2.6
22232,Plourhan,3.6
22233,Plourivo,3.5
22234,Plouvara,2.4
22235,Plouzélambre,2.2
22236,Pludual,3.4
22237,Pluduno,2.6
22238,Plufur,2.3
22239,Plumaudan,2.5
22240,Plumaugat,4.1
22241,Plumieux,2.3
22242,Plurien,3.7
22243,Plusquellec,4.3
22244,Plussulien,2.3
22245,Pluzunet,3.0
22246,Pommeret,4.5
22248,Pommerit-le-Vicomte,2.3
22249,Pont-Melvez,1.7
22250,Pontrieux,2.6
22251,Pordic,3.1
22254,Prat,3.3
22255,La Prénessaye,2.2
22256,Quemper-Guézennec,3.0
22257,Quemperven,3.3
22258,Quessoy,2.3
22259,Quévert,3.7
22260,Le Quillio,1.5
22261,Quintenic,2.5
22262,Quintin,1.9
22263,Le Quiou,2.7
22264,La Roche-Jaudy,4.3
22265,Rospez,4.7
22266,Rostrenen,4.7
22267,Rouillac,2.3
22268,Ruca,2.9
22269,Runan,3.0
22271,Saint-Adrien,2.3
22272,Saint-Agathon,3.4
22273,Saint-Alban,3.0
22274,Saint-André-des-Eaux,2.7
22275,Saint-Barnabé,2.8
22276,Saint-Bihy,1.4
22277,Saint-Brandan,1.9
22278,Saint-Brieuc,3.5
22279,Saint-Caradec,1.9
22280,Saint-Carné,3.5
22281,Saint-Carreuc,1.6
22282,Saint-Cast-le-Guildo,2.5
22283,Saint-Clet,1.9
22284,Saint-Connan,1.1
22285,Saint-Connec,1.3
22286,Saint-Denoual,1.9
22287,Saint-Donan,2.0
22288,Saint-Étienne-du-Gué-de-l'Isle,2.3
22289,Saint-Fiacre,1.4
22291,Saint-Gildas,1.3
22293,Saint-Gilles-les-Bois,2.5
22294,Saint-Gilles-Pligeaux,1.1
22295,Saint-Gilles-Vieux-Marché,1.6
22296,Saint-Glen,2.8
22299,Saint-Hélen,3.6
22300,Saint-Hervé,1.7
22302,Saint-Jacut-de-la-Mer,3.0
22304,Saint-Jean-Kerdaniel,2.4
22305,Saint-Jouan-de-l'Isle,5.1
22306,Saint-Judoce,1.8
22307,Saint-Julien,3.4
22308,Saint-Juvat,2.2
22309,Saint-Launeuc,3.2
22310,Saint-Laurent,2.7
22311,Saint-Lormel,3.2
22312,Saint-Maden,2.3
22313,Saint-Martin-des-Prés,1.8
22314,Saint-Maudan,2.8
22315,Saint-Maudez,3.6
22316,Saint-Mayeux,1.5
22317,Saint-Méloir-des-Bois,2.3
22318,Saint-Michel-de-Plélan,3.1
22319,Saint-Michel-en-Grève,2.9
22320,Saint-Nicodème,2.2
22321,Saint-Nicolas-du-Pélem,2.7
22322,Saint-Péver,2.0
22323,Saint-Pôtan,2.9
22324,Saint-Quay-Perros,4.1
22325,Saint-Quay-Portrieux,2.8
22326,Saint-Rieul,2.3
22327,Saint-Samson-sur-Rance,4.8
22328,Saint-Servais,3.0
22330,Saint-Thélo,1.6
22331,Sainte-Tréphine,2.7
22332,Saint-Trimoël,2.9
22333,Saint-Vran,2.9
22334,Saint-Igeaux,1.9
22335,Senven-Léhart,1.1
22337,Sévignac,2.9
22338,Squiffiec,2.5
22339,Taden,4.2
22340,Tonquédec,2.5
22341,Tramain,3.3
22342,Trébédan,3.3
22343,Trébeurden,2.1
22344,Trébrivan,4.7
22345,Trébry,2.4
22346,Trédaniel,2.8
22347,Trédarzec,4.0
22348,Trédias,2.9
22349,Trédrez-Locquémeau,2.2
22350,Tréduder,1.9
22351,Treffrin,3.7
22352,Tréfumel,2.4
22353,Trégastel,2.8
22354,Tréglamus,2.7
22356,Trégomeur,3.8
22358,Trégonneau,2.3
22359,Trégrom,2.1
22360,Trégueux,4.1
22361,Tréguidel,3.2
22362,Tréguier,4.3
22363,Trélévern,3.2
22364,Trélivan,3.6
22365,Trémargat,0.8
22366,Trémel,3.1
22368,Tréméreuc,5.5
22369,Trémeur,3.3
22370,Tréméven,3.2
22371,Trémorel,3.6
22372,Trémuson,3.4
22373,Tréogan,2.8
22375,Tressignaux,2.6
22376,Trévé,2.4
22377,Tréveneuc,3.5
22378,Trévérec,3.0
22379,Trévou-Tréguignec,3.1
22380,Trévron,3.2
22381,Trézény,4.1
22383,Troguéry,4.1
22384,Uzel,1.6
22385,La Vicomté-sur-Rance,3.8
22386,Le Vieux-Bourg,1.4
22387,Le Vieux-Marché,1.8
22388,Vildé-Guingalan,3.8
22389,Yffiniac,4.6
22390,Yvias,3.0
22391,Yvignac-la-Tour,3.2
23001,Ahun,3.9
23002,Ajain,3.1
23003,Alleyrat,3.5
23004,Anzême,1.7
23005,Arfeuille-Châtain,1.6
23006,Arrènes,1.8
23007,Ars,3.5
23008,Aubusson,5.7
23009,Auge,1.1
23010,Augères,0.7
23011,Aulon,1.2
23012,Auriat,0.0
23013,Auzances,2.5
23014,Azat-Châtenet,0.6
23015,Azerables,3.1
23016,Banize,1.5
23017,Basville,3.4
23018,Bazelat,2.2
23019,Beissat,1.2
23020,Bellegarde-en-Marche,2.1
23021,Bénévent-l'Abbaye,1.9
23022,Bétête,2.6
23023,Blaudeix,2.5
23024,Blessac,5.0
23025,Bonnat,3.0
23026,Bord-Saint-Georges,1.9
23027,Bosmoreau-les-Mines,2.9
23028,Bosroger,2.7
23029,Le Bourg-d'Hem,2.2
23030,Bourganeuf,4.1
23031,Boussac,2.6
23032,Boussac-Bourg,2.6
23033,La Brionne,2.5
23034,Brousse,2.7
23035,Budelière,2.6
23036,Bussière-Dunoise,2.6
23037,Bussière-Nouvelle,2.6
23038,Bussière-Saint-Georges,3.1
23039,La Celle-Dunoise,3.2
23040,La Celle-sous-Gouzon,1.3
23041,La Cellette,2.7
23042,Ceyroux,0.9
23043,Chamberaud,3.2
23044,Chambon-Sainte-Croix,3.8
23045,Chambon-sur-Voueize,3.3
23046,Chambonchard,5.5
23047,Chamborand,2.7
23048,Champagnat,1.6
23049,Champsanglard,2.4
23050,La Chapelle-Baloue,1.3
23051,La Chapelle-Saint-Martial,3.5
23052,La Chapelle-Taillefert,2.4
23053,Chard,2.6
23054,Charron,0.6
23055,Châtelard,3.0
23056,Châtelus-le-Marcheix,0.9
23057,Châtelus-Malvaleix,3.3
23058,Le Chauchet,2.1
23059,La Chaussade,3.3
23060,Chavanat,2.1
23061,Chénérailles,3.5
23062,Chéniers,2.1
23063,Clairavaux,1.4
23064,Clugnat,3.4
23065,Colondannes,3.1
23066,Le Compas,2.7
23067,La Courtine,1.7
23068,Cressat,3.0
23069,Crocq,3.4
23070,Crozant,1.7
23071,Croze,2.8
23072,Domeyrot,2.3
23073,Dontreix,2.9
23074,Le Donzeil,3.7
23075,Dun-le-Palestel,2.5
23076,Évaux-les-Bains,3.2
23077,Faux-la-Montagne,7.1
23078,Faux-Mazuras,4.2
23079,Felletin,5.2
23080,Féniers,0.6
23081,Flayat,3.3
23082,Fleurat,4.3
23083,Fontanières,2.6
23084,La Forêt-du-Temple,2.0
23086,Fransèches,3.2
23087,Fresselines,1.1
23088,Gartempe,1.7
23089,Genouillac,3.1
23090,Gentioux-Pigerolles,7.1
23091,Gioux,0.8
23092,Glénic,2.8
23093,Gouzon,2.4
23095,Le Grand-Bourg,1.8
23096,Guéret,3.0
23097,Issoudun-Létrieix,3.1
23098,Jalesches,2.5
23099,Janaillat,1.1
23100,Jarnages,3.7
23101,Jouillat,2.7
23102,Ladapeyre,3.4
23103,Lafat,1.5
23104,Lavaufranche,2.9
23105,Lavaveix-les-Mines,3.4
23106,Lépaud,2.3
23107,Lépinas,3.1
23108,Leyrat,2.8
23109,Linard-Malval,2.6
23110,Lioux-les-Monges,2.2
23111,Lizières,3.2
23112,Lourdoueix-Saint-Pierre,2.5
23113,Lupersat,1.2
23114,Lussat,3.1
23115,Magnat-l'Étrange,0.6
23116,Mainsat,2.0
23117,Maison-Feyne,2.1
23118,Maisonnisses,2.6
23119,Malleret,1.9
23120,Malleret-Boussac,3.5
23122,Mansat-la-Courrière,4.1
23123,Les Mars,2.7
23124,Marsac,2.0
23125,Le Mas-d'Artige,1.7
23127,Mautes,2.2
23128,Mazeirat,2.3
23129,La Mazière-aux-Bons-Hommes,4.0
23130,Méasnes,1.9
23131,Mérinchal,4.0
23132,Montaigut-le-Blanc,1.7
23133,Montboucher,1.9
23134,Le Monteil-au-Vicomte,0.7
23136,Mortroux,2.1
23137,Mourioux-Vieilleville,1.6
23138,Moutier-d'Ahun,3.7
23139,Moutier-Malcard,3.0
23140,Moutier-Rozeille,6.3
23141,Naillat,2.8
23142,Néoux,5.5
23143,Noth,3.3
23144,La Nouaille,0.8
23145,Nouhant,0.9
23146,Nouzerines,2.2
23147,Nouzerolles,2.1
23148,Nouziers,2.4
23149,Parsac-Rimondeix,1.6
23150,Peyrabout,3.0
23151,Peyrat-la-Nonière,2.1
23152,Pierrefitte,2.2
23154,Pionnat,2.5
23155,Pontarion,4.9
23156,Pontcharraud,3.8
23157,La Pouge,2.4
23158,Poussanges,2.0
23159,Puy-Malsignat,3.7
23160,Reterre,2.5
23162,Roches,2.8
23164,Rougnat,1.8
23165,Royère-de-Vassivière,3.0
23166,Sagnat,1.2
23167,Sannat,2.4
23168,Sardent,2.1
23169,La Saunière,2.8
23170,Savennes,2.4
23171,Sermur,1.4
23172,La Serre-Bussière-Vieille,1.3
23173,Soubrebost,4.1
23174,Soumans,2.0
23175,Sous-Parsat,3.2
23176,La Souterraine,3.7
23177,Saint-Agnant-de-Versillat,3.3
23178,Saint-Agnant-près-Crocq,2.7
23179,Saint-Alpinien,3.8
23180,Saint-Amand,5.2
23181,Saint-Amand-Jartoudeix,1.9
23182,Saint-Avit-de-Tardes,3.5
23183,Saint-Avit-le-Pauvre,3.7
23184,Saint-Bard,3.8
23185,Saint-Chabrais,2.6
23186,Saint-Christophe,2.5
23187,Saint-Dizier-la-Tour,2.5
23188,Saint-Dizier-les-Domaines,2.6
23189,Saint-Dizier-Masbaraud,2.5
23190,Saint-Domet,1.7
23191,Saint-Éloi,1.8
23192,Fursac,3.1
23193,Sainte-Feyre,2.7
23194,Sainte-Feyre-la-Montagne,5.4
23195,Saint-Fiel,2.5
23196,Saint-Frion,3.1
23197,Saint-Georges-la-Pouge,3.1
23198,Saint-Georges-Nigremont,2.8
23199,Saint-Germain-Beaupré,2.9
23200,Saint-Goussaud,1.6
23201,Saint-Hilaire-la-Plaine,2.5
23202,Saint-Hilaire-le-Château,3.7
23203,Saint-Julien-la-Genête,2.9
23204,Saint-Julien-le-Châtel,2.6
23205,Saint-Junien-la-Bregère,3.2
23206,Saint-Laurent,2.8
23207,Saint-Léger-Bridereix,2.8
23208,Saint-Léger-le-Guérétois,2.3
23209,Saint-Loup,2.9
23210,Saint-Maixant,5.5
23211,Saint-Marc-à-Frongier,3.2
23212,Saint-Marc-à-Loubaud,2.4
23213,Saint-Marien,2.2
23214,Saint-Martial-le-Mont,4.4
23215,Saint-Martial-le-Vieux,1.7
23216,Saint-Martin-Château,2.5
23217,Saint-Martin-Sainte-Catherine,0.6
23218,Saint-Maurice-près-Crocq,2.4
23219,Saint-Maurice-la-Souterraine,4.6
23220,Saint-Médard-la-Rochette,3.8
23221,Saint-Merd-la-Breuille,2.4
23222,Saint-Michel-de-Veisse,3.3
23223,Saint-Moreil,1.0
23224,Saint-Oradoux-de-Chirouze,1.7
23225,Saint-Oradoux-près-Crocq,3.4
23226,Saint-Pardoux-d'Arnet,2.4
23227,Saint-Pardoux-Morterolles,3.5
23228,Saint-Pardoux-le-Neuf,4.7
23229,Saint-Pardoux-les-Cards,3.3
23230,Saint-Pierre-Chérignat,1.0
23232,Saint-Pierre-Bellevue,1.0
23233,Saint-Pierre-le-Bost,1.7
23234,Saint-Priest,2.2
23235,Saint-Priest-la-Feuille,3.1
23236,Saint-Priest-la-Plaine,3.0
23237,Saint-Priest-Palus,0.0
23238,Saint-Quentin-la-Chabanne,4.3
23239,Saint-Sébastien,2.0
23240,Saint-Silvain-Bas-le-Roc,2.6
23241,Saint-Silvain-Bellegarde,2.9
23242,Saint-Silvain-Montaigut,1.3
23243,Saint-Silvain-sous-Toulx,1.8
23244,Saint-Sulpice-le-Dunois,3.6
23245,Saint-Sulpice-le-Guérétois,3.5
23246,Saint-Sulpice-les-Champs,4.4
23247,Saint-Vaury,4.6
23248,Saint-Victor-en-Marche,1.4
23249,Saint-Yrieix-la-Montagne,0.0
23250,Saint-Yrieix-les-Bois,2.2
23251,Tardes,2.8
23252,Tercillat,2.2
23253,Thauron,2.7
23254,Toulx-Sainte-Croix,2.0
23255,Trois-Fonds,1.4
23257,Vallière,2.4
23258,Vareilles,3.7
23259,Verneiges,1.6
23260,Vidaillat,1.8
23261,Viersat,2.0
23262,Vigeville,2.2
23263,Villard,1.8
23264,La Villedieu,7.1
23265,La Villeneuve,3.6
23266,La Villetelle,3.2
24001,Abjat-sur-Bandiat,2.1
24002,Agonac,2.9
24004,Ajat,2.9
24005,Alles-sur-Dordogne,3.1
24006,Allas-les-Mines,2.7
24007,Allemans,3.3
24008,Angoisse,3.1
24009,Anlhiac,4.1
24010,Annesse-et-Beaulieu,2.9
24011,Antonne-et-Trigonant,3.7
24012,Archignac,1.2
24014,Aubas,3.6
24015,Audrix,2.6
24016,Augignac,3.0
24018,Auriac-du-Périgord,3.9
24019,Azerat,4.5
24020,La Bachellerie,4.9
24021,Badefols-d'Ans,3.2
24022,Badefols-sur-Dordogne,3.0
24023,Baneuil,3.3
24024,Bardou,1.7
24025,Bars,4.1
24026,Bassillac et Auberoche,3.2
24027,Bayac,3.6
24028,Beaumontois en Périgord,2.1
24029,Beaupouyet,3.6
24030,Beauregard-de-Terrasson,3.7
24031,Beauregard-et-Bassac,2.5
24032,Beauronne,2.9
24034,Beleymas,1.5
24035,Pays de Belvès,2.8
24036,Berbiguières,3.1
24037,Bergerac,3.4
24038,Bertric-Burée,2.2
24039,Besse,3.7
24040,Beynac-et-Cazenac,3.9
24042,Biras,2.5
24043,Biron,2.6
24045,Boisse,1.7
24046,Boisseuilh,3.7
24048,Bonneville-et-Saint-Avit-de-Fumadières,2.1
24050,Borrèze,2.6
24051,Bosset,1.3
24052,Bouillac,1.5
24053,Boulazac Isle Manoire,3.3
24054,Bouniagues,2.0
24055,Bourdeilles,2.4
24056,Le Bourdeix,3.1
24057,Bourg-des-Maisons,2.3
24058,Bourg-du-Bost,2.9
24059,Bourgnac,3.0
24060,Bourniquel,3.1
24061,Bourrou,1.8
24062,Bouteilles-Saint-Sébastien,0.9
24063,Bouzic,2.1
24064,Brantôme en Périgord,2.9
24066,Brouchaud,1.7
24067,Le Bugue,3.9
24068,Le Buisson-de-Cadouin,2.8
24069,Bussac,1.2
24070,Busserolles,2.5
24071,Bussière-Badil,3.1
24073,Calès,3.1
24074,Calviac-en-Périgord,4.0
24075,Campagnac-lès-Quercy,2.3
24076,Campagne,3.9
24077,Campsegret,1.3
24080,Capdrot,0.6
24081,Carlux,3.5
24082,Carsac-Aillac,4.9
24083,Carsac-de-Gurson,1.7
24084,Carves,2.5
24085,La Cassagne,0.9
24086,Castelnaud-la-Chapelle,4.3
24087,Castels et Bézenac,4.4
24088,Cause-de-Clérans,1.7
24090,Celles,2.2
24091,Cénac-et-Saint-Julien,3.9
24094,Chalagnac,2.0
24095,Chalais,4.1
24096,Champagnac-de-Belair,3.5
24097,Champagne-et-Fontaine,1.7
24098,Champcevinel,4.2
24100,Champniers-et-Reilhac,2.8
24101,Champs-Romain,3.3
24102,Chancelade,3.7
24104,Chantérac,1.8
24105,Chapdeuil,1.8
24106,La Chapelle-Aubareil,2.4
24107,La Chapelle-Faucher,3.3
24108,La Chapelle-Gonaguet,2.5
24109,La Chapelle-Grésignac,1.7
24110,La Chapelle-Montabourlet,2.5
24111,La Chapelle-Montmoreau,3.0
24113,La Chapelle-Saint-Jean,2.4
24114,Chassaignes,2.8
24115,Château-l'Évêque,4.6
24116,Châtres,2.7
24117,Les Coteaux Périgourdins,1.3
24119,Cherval,2.3
24120,Cherveix-Cubas,4.3
24121,Chourgnac,2.0
24122,Cladech,2.2
24123,Clermont-de-Beauregard,2.6
24124,Clermont-d'Excideuil,2.2
24126,Colombier,2.4
24128,Comberanche-et-Épeluche,2.9
24129,Condat-sur-Trincou,3.0
24130,Condat-sur-Vézère,3.9
24131,Connezac,1.6
24132,Conne-de-Labarde,2.3
24133,La Coquille,4.1
24134,Corgnac-sur-l'Isle,4.6
24135,Cornille,3.9
24136,Coubjours,2.4
24137,Coulaures,3.5
24138,Coulounieix-Chamiers,4.1
24139,Coursac,2.4
24140,Cours-de-Pile,3.7
24141,Coutures,2.2
24142,Coux et Bigaroque-Mouzens,4.6
24143,Couze-et-Saint-Front,3.3
24144,Creyssac,1.4
24145,Creysse,3.5
24146,Creyssensac-et-Pissot,1.7
24147,Cubjac-Auvézère-Val d'Ans,1.4
24148,Cunèges,2.3
24150,Daglan,2.2
24151,Doissat,1.9
24152,Domme,3.8
24153,La Dornac,1.4
24154,Douchapt,1.9
24155,Douville,1.7
24156,La Douze,1.8
24157,Douzillac,2.9
24158,Dussac,2.1
24159,Échourgnac,1.0
24160,Église-Neuve-de-Vergt,2.6
24161,Église-Neuve-d'Issac,2.7
24162,Escoire,3.1
24163,Étouars,3.8
24164,Excideuil,3.8
24165,Eygurande-et-Gardedeuil,1.6
24167,Eymet,2.2
24168,Plaisance,2.1
24171,Eyzerac,4.2
24172,Les Eyzies,3.8
24174,Fanlac,2.9
24175,Les Farges,3.0
24176,Faurilles,3.0
24177,Faux,2.3
24179,La Feuillade,2.0
24180,Firbeix,4.3
24182,Le Fleix,3.4
24183,Fleurac,3.1
24184,Florimont-Gaumier,3.5
24186,Fonroque,1.7
24188,Fossemagne,2.6
24189,Fougueyrolles,3.9
24190,Fouleix,3.8
24191,Fraisse,1.4
24192,Gabillou,1.1
24193,Gageac-et-Rouillac,2.8
24194,Gardonne,3.6
24195,Gaugeac,2.7
24196,Génis,3.5
24197,Ginestet,2.3
24199,Gout-Rossignol,3.0
24200,Grand-Brassac,1.3
24202,Granges-d'Ans,3.0
24205,Grignols,1.6
24206,Grives,2.3
24207,Groléjac,3.9
24208,Grun-Bordas,3.5
24209,Hautefaye,1.1
24210,Hautefort,3.7
24211,Issac,2.2
24212,Issigeac,2.7
24213,Jaure,1.2
24214,Javerlhac-et-la-Chapelle-Saint-Robert,2.9
24215,Jayac,1.1
24216,La Jemaye-Ponteyraud,1.0
24217,Journiac,2.6
24218,Jumilhac-le-Grand,2.6
24220,Lacropte,2.9
24221,Rudeau-Ladosse,1.6
24222,La Force,3.3
24223,Lalinde,2.6
24224,Lamonzie-Montastruc,2.2
24225,Lamonzie-Saint-Martin,3.3
24226,Lamothe-Montravel,3.0
24227,Lanouaille,3.7
24228,Lanquais,2.9
24229,Le Lardin-Saint-Lazare,4.3
24230,Larzac,2.6
24231,Lavalade,1.5
24232,Lavaur,4.4
24234,Les Lèches,3.5
24236,Léguillac-de-l'Auche,2.1
24237,Lembras,2.6
24238,Lempzours,2.8
24240,Limeuil,3.9
24241,Limeyrat,2.9
24242,Liorac-sur-Louyre,1.7
24243,Lisle,1.1
24244,Lolme,0.8
24245,Loubejac,2.7
24246,Lunas,1.6
24247,Lusignac,2.0
24248,Lussas-et-Nontronneau,1.7
24251,Manzac-sur-Vern,2.6
24252,Marcillac-Saint-Quentin,2.7
24253,Mareuil en Périgord,2.2
24254,Marnac,3.8
24255,Marquay,1.2
24256,Marsac-sur-l'Isle,3.9
24257,Marsalès,1.1
24259,Eyraud-Crempse-Maurens,1.3
24260,Mauzac-et-Grand-Castang,2.6
24261,Mauzens-et-Miremont,2.3
24262,Mayac,2.0
24263,Mazeyrolles,2.8
24264,Ménesplet,2.8
24266,Mensignac,1.6
24267,Mescoules,1.7
24268,Meyrals,3.2
24269,Mialet,4.1
24271,Milhac-de-Nontron,4.5
24272,Minzac,2.5
24273,Molières,2.7
24274,Monbazillac,2.5
24276,Monestier,1.4
24277,Monfaucon,2.3
24278,Monmadalès,1.2
24279,Monmarvès,1.5
24280,Monpazier,2.4
24281,Monsac,2.4
24282,Monsaguel,1.3
24284,Montagnac-d'Auberoche,1.6
24285,Montagnac-la-Crempse,1.7
24286,Montagrier,1.5
24287,Montaut,2.1
24288,Montazeau,2.2
24289,Montcaret,3.4
24290,Montferrand-du-Périgord,1.7
24291,Montignac-Lascaux,3.3
24292,Montpeyroux,2.0
24293,Monplaisant,2.8
24294,Montpon-Ménestérol,3.4
24295,Montrem,3.3
24296,Mouleydier,3.3
24297,Moulin-Neuf,2.7
24299,Mussidan,3.4
24300,Nabirat,3.8
24301,Nadaillac,0.6
24302,Nailhac,3.2
24303,Nanteuil-Auriac-de-Bourzac,1.6
24304,Nantheuil,3.5
24305,Nanthiat,2.6
24306,Nastringues,3.4
24307,Naussannes,1.5
24308,Négrondes,3.5
24309,Neuvic,2.9
24311,Nontron,2.9
24312,Sanilhac,4.6
24313,Orliac,1.9
24316,Parcoul-Chenaud,2.8
24317,Paulin,1.2
24318,Paunat,3.3
24319,Paussac-et-Saint-Vivien,1.4
24320,Payzac,2.9
24321,Pazayac,2.7
24322,Périgueux,4.0
24323,Petit-Bersac,3.2
24324,Peyrignac,4.0
24325,Pechs-de-l'Espérance,3.6
24326,Peyzac-le-Moustier,2.7
24327,Pezuls,3.2
24328,Piégut-Pluviers,3.2
24329,Le Pizou,3.0
24330,Plazac,3.1
24331,Pomport,1.7
24334,Pontours,2.9
24335,Port-Sainte-Foy-et-Ponchapt,3.7
24336,Prats-de-Carlux,3.1
24337,Prats-du-Périgord,2.5
24338,Pressignac-Vicq,2.7
24339,Preyssac-d'Excideuil,4.8
24340,Prigonrieux,2.9
24341,Proissans,2.7
24345,Queyssac,1.7
24346,Quinsac,4.4
24347,Rampieux,1.3
24348,Razac-d'Eymet,2.3
24349,Razac-de-Saussignac,2.7
24350,Razac-sur-l'Isle,2.5
24351,Ribagnac,2.1
24352,Ribérac,2.5
24353,La Rochebeaucourt-et-Argentine,2.2
24354,La Roche-Chalais,2.5
24355,La Roque-Gageac,4.5
24356,Rouffignac-Saint-Cernin-de-Reilhac,3.1
24357,Rouffignac-de-Sigoulès,2.3
24359,Sadillac,2.2
24360,Sagelat,3.6
24361,Saint-Agne,3.1
24362,Val de Louyre et Caudeau,2.2
24364,Coly-Saint-Amand,1.9
24365,Saint-Amand-de-Vergt,2.8
24366,Saint-André-d'Allas,4.0
24367,Saint-André-de-Double,0.7
24370,Saint-Antoine-de-Breuilh,3.9
24371,Saint-Aquilin,1.3
24372,Saint-Astier,1.9
24373,Saint-Aubin-de-Cadelech,2.0
24374,Saint-Aubin-de-Lanquais,2.2
24375,Saint-Aubin-de-Nabirat,3.3
24376,Saint Aulaye-Puymangou,2.4
24377,Saint-Avit-de-Vialard,3.0
24378,Saint-Avit-Rivière,1.7
24379,Saint-Avit-Sénieur,2.2
24380,Saint-Barthélemy-de-Bellegarde,2.1
24381,Saint-Barthélemy-de-Bussière,2.0
24382,Saint-Capraise-de-Lalinde,3.7
24383,Saint-Capraise-d'Eymet,2.0
24384,Saint-Cassien,1.5
24385,Saint-Cernin-de-Labarde,2.0
24386,Saint-Cernin-de-l'Herm,3.3
24388,Saint-Chamassy,2.8
24390,Saint-Crépin-d'Auberoche,3.1
24392,Saint-Crépin-et-Carlucet,2.2
24393,Sainte-Croix,0.8
24394,Sainte-Croix-de-Mareuil,2.2
24395,Saint-Cybranet,4.3
24396,Saint-Cyprien,3.8
24397,Saint-Cyr-les-Champagnes,2.6
24398,Saint-Estèphe,2.9
24399,Saint-Étienne-de-Puycorbier,1.8
24401,Sainte-Eulalie-d'Ans,1.6
24403,Saint-Félix-de-Bourdeilles,2.8
24404,Saint-Félix-de-Reillac-et-Mortemart,1.7
24405,Saint-Félix-de-Villadeix,1.4
24406,Sainte-Foy-de-Belvès,1.8
24407,Sainte-Foy-de-Longas,2.4
24408,Saint-Front-d'Alemps,2.8
24409,Saint-Front-de-Pradoux,2.8
24410,Saint-Front-la-Rivière,4.5
24411,Saint-Front-sur-Nizonne,1.0
24412,Saint-Geniès,2.8
24413,Saint-Georges-Blancaneix,2.0
24414,Saint-Georges-de-Montclard,1.7
24415,Saint-Géraud-de-Corps,1.1
24416,Saint-Germain-de-Belvès,2.5
24417,Saint-Germain-des-Prés,2.9
24418,Saint-Germain-du-Salembre,2.5
24419,Saint-Germain-et-Mons,2.9
24420,Saint-Géry,2.2
24421,Saint-Geyrac,2.8
24422,Saint-Hilaire-d'Estissac,1.5
24423,Saint-Julien-Innocence-Eulalie,1.1
24424,Saint-Jean-d'Ataux,2.5
24425,Saint-Jean-de-Côle,4.4
24426,Saint-Jean-d'Estissac,1.5
24428,Saint-Jory-de-Chalais,2.7
24429,Saint-Jory-las-Bloux,3.7
24432,Saint-Julien-de-Lampon,4.0
24434,Saint-Just,1.5
24436,Saint-Laurent-des-Hommes,3.0
24437,Saint-Laurent-des-Vignes,2.9
24438,Saint-Laurent-la-Vallée,1.8
24441,Saint-Léon-d'Issigeac,2.4
24442,Saint-Léon-sur-l'Isle,2.9
24443,Saint-Léon-sur-Vézère,2.6
24444,Saint-Louis-en-l'Isle,3.2
24445,Saint-Marcel-du-Périgord,1.9
24446,Saint-Marcory,1.0
24448,Saint-Martial-d'Albarède,2.5
24449,Saint-Martial-d'Artenset,3.9
24450,Saint-Martial-de-Nabirat,2.2
24451,Saint-Martial-de-Valette,2.9
24452,Saint-Martial-Viveyrol,2.1
24453,Saint-Martin-de-Fressengeas,3.1
24454,Saint-Martin-de-Gurson,2.3
24455,Saint-Martin-de-Ribérac,2.3
24456,Saint-Martin-des-Combes,1.9
24457,Saint-Martin-l'Astier,3.2
24458,Saint-Martin-le-Pin,1.8
24459,Saint-Mayme-de-Péreyrol,3.4
24460,Saint-Méard-de-Drône,2.0
24461,Saint-Méard-de-Gurçon,3.1
24462,Saint-Médard-de-Mussidan,3.2
24463,Saint-Médard-d'Excideuil,3.6
24464,Saint-Mesmin,2.3
24465,Saint-Michel-de-Double,2.2
24466,Saint-Michel-de-Montaigne,2.2
24468,Saint-Michel-de-Villadeix,3.5
24470,Sainte-Mondane,2.6
24471,Sainte-Nathalène,2.7
24472,Saint-Nexans,2.1
24473,Sainte-Orse,2.9
24474,Saint-Pancrace,4.1
24476,Saint-Pantaly-d'Excideuil,2.5
24477,Saint-Pardoux-de-Drône,1.9
24478,Saint-Pardoux-et-Vielvic,2.3
24479,Saint-Pardoux-la-Rivière,3.7
24480,Saint-Paul-de-Serre,1.9
24481,Saint-Paul-la-Roche,2.8
24482,Saint-Paul-Lizonne,2.2
24483,Saint-Perdoux,2.4
24484,Saint-Pierre-de-Chignac,2.3
24485,Saint-Pierre-de-Côle,3.1
24486,Saint-Pierre-de-Frugie,3.8
24487,Saint-Pierre-d'Eyraud,3.4
24488,Saint-Pompon,2.4
24489,Saint-Priest-les-Fougères,3.4
24490,Saint Privat en Périgord,2.7
24491,Saint-Rabier,4.3
24492,Sainte-Radegonde,3.1
24493,Saint-Raphaël,2.9
24494,Saint-Rémy,2.5
24495,Saint-Romain-de-Monpazier,0.4
24496,Saint-Romain-et-Saint-Clément,3.3
24498,Saint-Saud-Lacoussière,3.5
24499,Saint-Sauveur,2.6
24500,Saint-Sauveur-Lalande,2.1
24501,Saint-Seurin-de-Prats,3.5
24502,Saint-Séverin-d'Estissac,2.4
24504,Saint-Sulpice-de-Roumagnac,1.3
24505,Saint-Sulpice-d'Excideuil,2.6
24507,Sainte-Trie,2.8
24508,Saint-Victor,1.9
24509,Saint-Vincent-de-Connezac,2.7
24510,Saint-Vincent-de-Cosse,4.1
24511,Saint-Vincent-Jalmoutiers,1.7
24512,Saint-Vincent-le-Paluel,2.7
24513,Saint-Vincent-sur-l'Isle,2.0
24514,Saint-Vivien,2.1
24515,Salagnac,2.6
24516,Salignac-Eyvigues,1.6
24517,Salles-de-Belvès,1.7
24518,Salon,2.8
24519,Sarlande,3.3
24520,Sarlat-la-Canéda,4.2
24521,Sarliac-sur-l'Isle,2.5
24522,Sarrazac,3.3
24523,Saussignac,2.3
24524,Savignac-de-Miremont,3.0
24525,Savignac-de-Nontron,4.1
24526,Savignac-Lédrier,2.4
24527,Savignac-les-Églises,2.2
24528,Sceau-Saint-Angel,4.4
24529,Segonzac,1.4
24531,Sergeac,1.8
24532,Serres-et-Montguyard,2.3
24533,Servanches,1.1
24534,Sigoulès-et-Flaugeac,1.4
24535,Simeyrols,3.5
24536,Singleyrac,0.9
24537,Siorac-de-Ribérac,1.9
24538,Siorac-en-Périgord,4.7
24540,Sorges et Ligueux en Périgord,3.1
24541,Soudat,4.2
24542,Soulaures,1.1
24543,Sourzac,3.2
24544,Tamniès,0.6
24545,Teillots,2.4
24546,Temple-Laguyon,3.5
24547,Terrasson-Lavilledieu,2.5
24548,Teyjat,2.8
24549,Thénac,1.4
24550,Thenon,3.9
24551,Thiviers,5.0
24552,Thonac,2.8
24553,Tocane-Saint-Apre,1.5
24554,La Tour-Blanche-Cercles,2.2
24555,Tourtoirac,3.0
24557,Trélissac,4.3
24558,Trémolat,3.3
24559,Tursac,3.2
24560,Urval,3.3
24562,Vallereuil,2.4
24563,Valojoulx,3.0
24564,Vanxains,2.8
24565,Varaignes,3.2
24566,Varennes,3.4
24567,Vaunac,3.8
24568,Vélines,2.6
24569,Vendoire,2.4
24570,Verdon,1.7
24571,Vergt,3.0
24572,Vergt-de-Biron,3.0
24573,Verteillac,2.2
24574,Veyrignac,4.0
24575,Veyrines-de-Domme,2.8
24576,Veyrines-de-Vergt,3.9
24577,Vézac,5.6
24580,Villac,2.7
24581,Villamblard,0.9
24582,Villars,4.5
24584,Villefranche-de-Lonchat,3.0
24585,Villefranche-du-Périgord,3.4
24586,Villetoureix,2.9
24587,Vitrac,5.2
25001,Abbans-Dessous,4.2
25002,Abbans-Dessus,4.7
25003,Abbenans,3.0
25004,Abbévillers,0.9
25005,Accolans,2.6
25006,Adam-lès-Passavant,2.4
25007,Adam-lès-Vercel,5.2
25008,Aibre,3.1
25009,Aïssey,1.5
25011,Allenjoie,3.5
25012,Les Alliés,1.2
25013,Allondans,3.6
25014,Amagney,3.6
25015,Amancey,3.8
25016,Amathay-Vésigneux,3.9
25017,Amondans,4.0
25018,Anteuil,3.7
25019,Appenans,3.7
25020,Arbouans,4.5
25021,Arc-et-Senans,4.0
25022,Arcey,3.8
25024,Arçon,2.4
25025,Arc-sous-Cicon,3.5
25026,Arc-sous-Montenot,3.1
25029,Aubonne,1.4
25030,Audeux,5.1
25031,Audincourt,4.3
25032,Autechaux,7.6
25033,Autechaux-Roide,3.0
25035,Les Auxons,5.9
25036,Avanne-Aveney,4.4
25038,Avilley,3.2
25039,Avoudrey,5.8
25040,Badevel,2.1
25041,Bannans,2.9
25042,Le Barboux,2.6
25043,Bart,4.0
25044,Bartherans,1.9
25045,Battenans-les-Mines,3.2
25046,Battenans-Varin,1.3
25047,Baume-les-Dames,6.2
25048,Bavans,3.2
25049,Belfays,1.9
25050,Le Bélieu,3.2
25051,Belleherbe,1.7
25052,Belmont,2.0
25053,Belvoir,1.6
25054,Berche,3.9
25055,Berthelange,5.2
25056,Besançon,5.0
25057,Bethoncourt,3.5
25058,Beure,6.3
25059,Beutal,2.9
25060,Val-d'Usiers,3.4
25061,Bief,2.0
25062,Le Bizot,2.2
25063,Blamont,2.4
25065,Blarians,3.2
25066,Blussangeaux,2.9
25067,Blussans,3.4
25070,Bolandoz,4.6
25071,Bondeval,2.3
25072,Bonnal,4.0
25073,Bonnay,5.3
25074,Bonnétage,2.8
25075,Bonnevaux,2.2
25077,La Bosse,2.1
25078,Bouclans,2.9
25079,Boujailles,3.3
25082,Bourguignon,3.7
25083,Bournois,3.6
25084,Boussières,4.5
25085,Bouverans,1.3
25086,Braillans,4.7
25087,Branne,4.0
25088,Breconchaux,5.4
25089,Bremondans,2.1
25090,Brères,4.0
25091,Les Bréseux,2.8
25092,La Bretenière,3.5
25093,Bretigney,3.0
25094,Bretigney-Notre-Dame,4.6
25095,Bretonvillers,0.8
25096,Brey-et-Maison-du-Bois,3.0
25097,Brognard,6.1
25098,Buffard,4.2
25099,Bugny,2.9
25100,Bulle,2.4
25101,Burgille,4.7
25102,Burnevillers,0.0
25103,Busy,3.9
25104,By,1.5
25105,Byans-sur-Doubs,5.1
25106,Cademène,4.1
25107,Cendrey,3.0
25108,Cernay-l'Église,2.8
25109,Cessey,2.9
25110,Chaffois,4.5
25111,Chalèze,6.1
25112,Chalezeule,5.8
25113,Chamesey,0.8
25114,Chamesol,0.9
25115,Champagney,5.3
25116,Champlive,4.5
25117,Champoux,6.6
25119,Champvans-les-Moulins,5.1
25120,Chantrans,4.2
25121,Chapelle-des-Bois,0.4
25122,Chapelle-d'Huin,2.7
25124,Charmauvillers,0.9
25125,Charmoille,0.8
25126,Charnay,2.9
25127,Charquemont,3.4
25129,Chassagne-Saint-Denis,3.1
25130,Châteauvieux-les-Fossés,2.8
25131,Châtelblanc,4.2
25132,Châtillon-Guyotte,3.9
25133,Châtillon-le-Duc,4.5
25136,Chaucenne,4.1
25138,Les Terres-de-Chaux,1.1
25139,La Chaux,1.7
25141,Chaux-lès-Passavant,2.2
25142,Chaux-Neuve,3.5
25143,Chay,3.3
25145,Chazot,2.9
25147,Chemaudin et Vaux,5.2
25148,La Chenalotte,3.1
25149,Chenecey-Buillon,2.8
25150,Chevigney-sur-l'Ognon,3.9
25151,Chevigney-lès-Vercel,4.8
25152,La Chevillotte,3.4
25153,Chevroz,4.2
25154,Chouzelot,3.1
25155,Cléron,5.3
25156,Pays-de-Clerval,4.8
25157,La Cluse-et-Mijoux,3.8
25159,Colombier-Fontaine,3.3
25160,Les Combes,3.1
25161,Consolation-Maisonnettes,0.3
25162,Corcelles-Ferrières,5.8
25163,Corcelle-Mieslot,5.4
25164,Corcondray,6.3
25166,Côtebrune,1.9
25170,Courcelles-lès-Montbéliard,3.3
25171,Courcelles,2.9
25172,Courchapon,4.4
25173,Cour-Saint-Maurice,1.5
25174,Courtefontaine,0.7
25175,Courtetain-et-Salans,1.1
25176,Courvières,2.9
25177,Crosey-le-Grand,2.3
25178,Crosey-le-Petit,2.7
25179,Le Crouzet,2.6
25180,Crouzet-Migette,2.7
25181,Cubrial,4.3
25182,Cubry,4.1
25183,Cusance,1.7
25184,Cuse-et-Adrisans,5.5
25185,Cussey-sur-Lison,1.8
25186,Cussey-sur-l'Ognon,3.1
25187,Dambelin,2.5
25188,Dambenois,4.4
25189,Dammartin-les-Templiers,3.7
25190,Dampierre-les-Bois,3.3
25191,Dampierre-sur-le-Doubs,3.7
25192,Dampjoux,2.3
25193,Damprichard,2.1
25194,Dannemarie,0.4
25195,Dannemarie-sur-Crète,5.1
25196,Dasle,3.1
25197,Deluz,3.6
25198,Désandans,3.7
25199,Déservillers,4.4
25200,Devecey,5.1
25201,Dommartin,3.6
25202,Dompierre-les-Tilleuls,1.4
25203,Domprel,3.6
25204,Doubs,3.8
25207,Dung,3.7
25208,Durnes,3.5
25209,Échay,2.0
25210,Échenans,3.7
25211,Échevannes,1.9
25212,École-Valentin,6.1
25213,Les Écorces,3.4
25214,Écot,3.0
25215,L'Écouvotte,5.4
25216,Écurcey,2.9
25217,Émagny,3.9
25218,Épenouse,3.1
25219,Épenoy,6.2
25220,Épeugney,3.9
25221,Esnans,5.4
25222,Étalans,6.4
25223,Éternoz,3.7
25224,Étouvans,3.2
25225,Étrabonne,4.9
25226,Étrappe,3.2
25227,Étray,5.0
25228,Étupes,4.5
25229,Évillers,3.4
25230,Exincourt,4.1
25231,Eysson,3.7
25232,Faimbe,3.7
25233,Fallerans,5.0
25234,Ferrières-le-Lac,1.9
25235,Ferrières-les-Bois,5.1
25236,Fertans,4.7
25237,Fesches-le-Châtel,3.7
25238,Fessevillers,1.6
25239,Feule,2.3
25240,Les Fins,3.6
25241,Flagey,3.3
25242,Flagey-Rigney,2.7
25243,Flangebouche,4.4
25244,Fleurey,0.6
25245,Fontain,3.7
25246,Fontaine-lès-Clerval,2.2
25247,Fontenelle-Montby,4.2
25248,Les Fontenelles,2.8
25249,Fontenotte,5.9
25251,Fourbanne,6.3
25252,Fourcatier-et-Maison-Neuve,2.2
25253,Fourg,4.1
25254,Les Fourgs,2.3
25255,Fournet-Blancheroche,2.1
25256,Frambouhans,3.8
25257,Franey,5.4
25258,Franois,6.1
25259,Frasne,1.8
25261,Froidevaux,0.8
25262,Fuans,4.0
25263,Gellin,2.9
25264,Gémonval,2.7
25265,Geneuille,4.7
25266,Geney,4.1
25267,Gennes,3.8
25268,Germéfontaine,2.7
25269,Germondans,3.5
25270,Gevresin,4.3
25271,Gilley,2.8
25273,Glamondans,2.4
25274,Glay,1.1
25275,Glère,0.0
25276,Gondenans-Montby,1.7
25277,Gondenans-les-Moulins,5.4
25278,Gonsans,3.4
25279,Gouhelans,4.8
25280,Goumois,0.0
25281,Goux-lès-Dambelin,1.4
25283,Goux-sous-Landet,2.4
25284,Grand-Charmont,4.1
25285,Grand'Combe-Châteleu,4.2
25286,Grand'Combe-des-Bois,0.9
25287,Grandfontaine,4.4
25288,Fournets-Luisans,2.6
25289,Grandfontaine-sur-Creuse,4.1
25290,La Grange,1.4
25293,Granges-Narboz,3.7
25295,Les Grangettes,2.3
25296,Les Gras,2.6
25297,Le Gratteris,4.4
25298,Grosbois,5.7
25299,Guillon-les-Bains,3.4
25300,Guyans-Durnes,4.3
25301,Guyans-Vennes,2.2
25303,Hauterive-la-Fresse,1.4
25304,Hérimoncourt,2.0
25305,L'Hôpital-du-Grosbois,4.5
25306,L'Hôpital-Saint-Lieffroy,4.7
25307,Les Hôpitaux-Neufs,2.0
25308,Les Hôpitaux-Vieux,2.0
25309,Houtaud,4.8
25310,Huanne-Montmartin,5.0
25311,Hyémondans,2.7
25312,Hyèvre-Magny,5.0
25313,Hyèvre-Paroisse,4.4
25314,Indevillers,0.0
25315,L'Isle-sur-le-Doubs,4.3
25316,Issans,3.4
25317,Jallerange,4.6
25318,Jougne,1.5
25320,Labergement-Sainte-Marie,3.0
25321,Villers-le-Lac,3.7
25322,Laire,3.1
25323,Laissey,4.3
25324,Lanans,0.5
25325,Landresse,1.1
25326,Lantenne-Vertière,5.7
25327,Lanthenans,2.7
25328,Larnod,3.9
25329,Laval-le-Prieuré,0.6
25330,Lavans-Quingey,3.1
25331,Lavans-Vuillafans,2.9
25332,Lavernay,5.6
25333,Laviron,2.0
25334,Levier,4.0
25335,Liebvillers,2.0
25336,Liesle,4.3
25338,Lizine,2.8
25339,Lods,2.6
25340,Lombard,4.0
25341,Lomont-sur-Crête,3.4
25342,Longechaux,4.1
25343,Longemaison,4.3
25344,Longevelle-lès-Russey,0.8
25345,Longevelle-sur-Doubs,3.6
25346,Longeville,3.0
25347,La Longeville,1.1
25348,Longevilles-Mont-d'Or,3.0
25349,Loray,4.4
25350,Lougres,3.5
25351,Le Luhier,2.1
25354,Luxiol,6.6
25355,Magny-Châtelard,2.2
25356,Maîche,3.4
25357,Maisons-du-Bois-Lièvremont,2.1
25359,Malans,2.7
25360,Malbrans,4.2
25361,Malbuisson,2.6
25362,Malpas,2.6
25364,Mamirolle,4.8
25365,Mancenans,3.2
25366,Mancenans-Lizerne,2.8
25367,Mandeure,2.9
25368,Marchaux-Chaudefontaine,6.8
25369,Marvelise,3.4
25370,Mathay,5.2
25371,Mazerolles-le-Salin,5.8
25372,Médière,3.8
25373,Le Mémont,1.0
25374,Mercey-le-Grand,5.3
25375,Les Monts-Ronds,4.4
25376,Mérey-Vieilley,4.8
25377,Mésandans,6.8
25378,Meslières,0.7
25379,Mesmay,3.7
25380,Métabief,2.3
25381,Miserey-Salines,5.0
25382,Moncey,6.1
25383,Moncley,3.9
25384,Mondon,3.3
25385,Montagney-Servigney,3.4
25386,Montancy,0.0
25387,Montandon,1.9
25388,Montbéliard,4.2
25389,Montbéliardot,1.2
25390,Montbenoît,1.2
25391,Mont-de-Laval,1.2
25392,Mont-de-Vougney,2.3
25393,Montécheroux,1.2
25394,Montenois,3.6
25395,Montfaucon,5.5
25397,Montferrand-le-Château,3.8
25398,Montflovin,1.2
25400,Montgesoye,4.0
25401,Montivernage,1.7
25402,Montjoie-le-Château,0.6
25403,Montlebon,3.8
25404,Montmahoux,2.7
25405,Montperreux,2.7
25406,Montrond-le-Château,3.7
25408,Montussaint,3.2
25410,Morre,7.1
25411,Morteau,4.1
25413,Mouthe,3.2
25414,Le Moutherot,3.4
25415,Mouthier-Haute-Pierre,2.9
25416,Myon,2.7
25417,Naisey-les-Granges,3.8
25418,Nancray,3.2
25419,Nans,3.4
25420,Nans-sous-Sainte-Anne,3.3
25421,Narbief,2.2
25422,Neuchâtel-Urtière,1.9
25424,Les Premiers Sapins,5.3
25425,Noël-Cerneux,3.0
25426,Noirefontaine,2.6
25427,Noironte,5.2
25428,Nommay,4.5
25429,Novillars,4.1
25430,Ollans,3.8
25431,Onans,3.2
25432,Orchamps-Vennes,4.3
25433,Orgeans-Blanchefontaine,1.3
25434,Ornans,4.1
25435,Orsans,2.0
25436,Orve,2.9
25437,Osse,2.8
25438,Osselle-Routelle,5.5
25439,Ougney-Douvot,5.8
25440,Ouhans,2.0
25441,Ouvans,1.2
25442,Oye-et-Pallet,3.7
25443,Palantine,2.8
25444,Palise,3.5
25445,Paroy,3.9
25446,Passavant,1.1
25447,Passonfontaine,3.9
25448,Pelousey,4.7
25449,Péseux,1.0
25450,Pessans,4.1
25451,Petite-Chaux,3.1
25452,Pierrefontaine-lès-Blamont,2.1
25453,Pierrefontaine-les-Varans,3.0
25454,Pirey,6.3
25455,Placey,4.6
25456,Plaimbois-du-Miroir,0.6
25457,Plaimbois-Vennes,1.4
25458,Les Plains-et-Grands-Essarts,1.6
25459,La Planée,2.2
25460,Le Val,3.1
25461,Pompierre-sur-Doubs,2.3
25462,Pontarlier,4.3
25463,Pont-de-Roide-Vermondans,2.7
25464,Les Pontets,3.0
25465,Pont-les-Moulins,5.6
25466,Pouilley-Français,5.1
25467,Pouilley-les-Vignes,4.5
25468,Pouligney-Lusans,4.7
25469,Présentevillers,3.7
25470,La Prétière,3.9
25471,Provenchère,1.9
25472,Puessans,4.0
25473,Pugey,3.9
25474,Le Puy,5.4
25475,Quingey,2.8
25476,Rahon,2.1
25477,Rancenay,3.3
25478,Randevillers,1.6
25479,Rang,4.3
25481,Raynans,3.4
25482,Recologne,5.7
25483,Reculfoz,3.4
25485,Rémondans-Vaivre,1.7
25486,Remoray-Boujeons,2.5
25487,Renédale,1.0
25488,Rennes-sur-Loue,5.2
25489,Reugney,4.3
25490,Rigney,3.4
25491,Rignosot,3.2
25492,Rillans,5.4
25493,La Rivière-Drugeon,1.9
25494,Rochejean,2.7
25495,Roche-lez-Beaupré,4.6
25496,Roche-lès-Clerval,4.0
25497,Roches-lès-Blamont,2.3
25498,Rognon,4.1
25499,Romain,6.7
25500,Ronchaux,3.1
25501,Rondefontaine,3.3
25502,Roset-Fluans,4.9
25503,Rosières-sur-Barbèche,1.1
25504,Rosureux,0.0
25505,Rougemont,3.7
25506,Rougemontot,3.9
25507,Rouhe,2.3
25508,Roulans,6.1
25510,Ruffey-le-Château,4.4
25511,Rurey,3.4
25512,Le Russey,2.2
25513,Sainte-Anne,1.9
25514,Saint-Antoine,2.3
25515,Sainte-Colombe,2.7
25516,Saint-Georges-Armont,2.6
25517,Saint-Gorgon-Main,3.2
25518,Saint-Hilaire,5.5
25519,Saint-Hippolyte,2.7
25520,Saint-Juan,2.4
25521,Saint-Julien-lès-Montbéliard,3.0
25522,Saint-Julien-lès-Russey,2.5
25523,Sainte-Marie,3.9
25524,Saint-Maurice-Colombier,3.2
25525,Saint-Point-Lac,2.2
25526,Sainte-Suzanne,3.6
25527,Saint-Vit,5.5
25528,Samson,4.3
25529,Sancey,1.9
25532,Saône,3.9
25533,Saraz,0.7
25534,Sarrageois,3.1
25535,Saules,4.5
25536,Sauvagney,3.2
25537,Scey-Maisières,5.0
25538,Séchin,6.9
25539,Seloncourt,3.6
25540,Semondans,3.5
25541,Septfontaines,3.7
25542,Serre-les-Sapins,4.2
25544,Servin,1.0
25545,Silley-Amancey,5.2
25546,Silley-Bléfond,5.6
25547,Sochaux,5.8
25548,Solemont,1.4
25550,La Sommette,3.6
25551,Soulce-Cernay,1.4
25552,Sourans,2.7
25553,Soye,3.2
25554,Surmont,2.2
25555,Taillecourt,3.7
25556,Tallans,2.9
25557,Tallenay,3.5
25558,Tarcenay-Foucherans,5.3
25559,Thiébouhans,2.5
25560,Thise,4.3
25561,Thoraise,3.7
25562,Thulay,2.3
25563,Thurey-le-Mont,5.0
25564,Torpes,5.1
25565,Touillon-et-Loutelet,2.7
25566,La Tour-de-Sçay,3.9
25567,Tournans,4.9
25569,Trépot,4.5
25570,Tressandans,3.4
25571,Trévillers,1.9
25572,Trouvans,4.4
25573,Urtière,0.9
25574,Uzelle,4.1
25575,Vaire,4.2
25578,Valdahon,5.9
25579,Val-de-Roulans,4.9
25580,Valentigney,2.9
25582,Valleroy,3.5
25583,Valonne,1.6
25584,Valoreille,0.6
25586,Vandoncourt,2.8
25588,Vaucluse,1.5
25589,Vauclusotte,0.9
25590,Vaudrivillers,1.1
25591,Vaufrey,0.6
25592,Vaux-et-Chantegrue,2.0
25594,Velesmes-Essarts,5.4
25595,Vellerot-lès-Belvoir,2.9
25596,Vellerot-lès-Vercel,2.1
25597,Vellevans,1.0
25598,Venise,5.1
25599,Vennans,5.5
25600,Vennes,3.1
25601,Vercel-Villedieu-le-Camp,5.0
25602,Vergranne,5.8
25604,Verne,5.4
25605,Vernierfontaine,4.0
25607,Vernois-lès-Belvoir,1.6
25608,Le Vernoy,2.1
25609,Verrières-de-Joux,2.2
25611,La Vèze,7.0
25612,Vieilley,6.1
25613,Viéthorey,3.4
25614,Vieux-Charmont,4.9
25615,Villars-lès-Blamont,0.8
25616,Villars-Saint-Georges,5.1
25617,Villars-sous-Dampjoux,2.6
25618,Villars-sous-Écot,1.8
25619,Les Villedieu,2.9
25620,Ville-du-Pont,1.1
25621,Villeneuve-d'Amont,3.5
25622,Villers-Buzon,4.8
25623,Villers-Chief,2.8
25624,Villers-Grélot,3.7
25625,Villers-la-Combe,2.1
25626,Villers-Saint-Martin,6.2
25627,Villers-sous-Chalamont,2.4
25629,Voillans,5.1
25630,Voires,3.4
25631,Vorges-les-Pins,3.8
25632,Voujeaucourt,5.0
25633,Vuillafans,3.2
25634,Vuillecin,3.0
25635,Vyt-lès-Belvoir,2.9
26001,Solaure en Diois,6.2
26002,Albon,2.8
26003,Aleyrac,1.6
26004,Alixan,5.0
26005,Allan,2.8
26006,Allex,3.3
26007,Ambonil,3.7
26008,Ancône,4.1
26009,Andancette,2.8
26010,Anneyron,2.5
26011,Aouste-sur-Sye,4.5
26012,Arnayon,3.4
26013,Arpavon,0.0
26014,Arthémonay,1.8
26015,Aubenasson,3.3
26016,Aubres,2.9
26017,Aucelon,0.0
26018,Aulan,5.3
26019,Aurel,1.2
26020,La Répara-Auriples,3.0
26021,Autichamp,2.4
26022,Ballons,0.5
26023,Barbières,2.9
26024,Barcelonne,2.3
26025,Barnave,3.1
26026,Barret-de-Lioure,4.3
26027,Barsac,2.7
26028,Bathernay,2.5
26030,La Bâtie-des-Fonds,0.2
26031,La Bâtie-Rolland,3.4
26032,La Baume-Cornillane,2.6
26033,La Baume-de-Transit,4.0
26034,La Baume-d'Hostun,3.9
26035,Beaufort-sur-Gervanne,1.5
26036,Beaumont-en-Diois,2.8
26037,Beaumont-lès-Valence,3.4
26038,Beaumont-Monteux,3.5
26039,Beauregard-Baret,2.7
26040,Beaurières,1.4
26041,Beausemblant,2.4
26042,Beauvallon,4.2
26043,Beauvoisin,2.3
26045,La Bégude-de-Mazenc,4.3
26046,Bellecombe-Tarendol,0.0
26047,Bellegarde-en-Diois,1.1
26048,Bénivay-Ollon,2.4
26049,Bésayes,3.7
26050,Bésignan,0.0
26051,Bézaudun-sur-Bîne,2.9
26052,Bonlieu-sur-Roubion,3.8
26054,Bouchet,3.2
26055,Boulc,0.0
26056,Bourdeaux,4.0
26057,Bourg-de-Péage,4.4
26058,Bourg-lès-Valence,4.1
26059,Bouvante,1.1
26060,Bouvières,1.0
26061,Bren,3.1
26062,Brette,0.0
26063,Buis-les-Baronnies,3.6
26064,Chabeuil,3.6
26065,Chabrillan,3.0
26066,Le Chaffal,0.0
26067,Chalancon,4.5
26068,Le Chalon,1.3
26069,Chamaloc,4.6
26070,Chamaret,3.1
26071,Chanos-Curson,3.9
26072,Chantemerle-les-Blés,3.3
26073,Chantemerle-lès-Grignan,3.0
26074,La Chapelle-en-Vercors,7.3
26075,La Charce,4.5
26076,Charens,1.4
26077,Charmes-sur-l'Herbasse,2.6
26078,Charols,2.6
26079,Charpey,3.3
26080,Chastel-Arnaud,1.9
26081,Châteaudouble,2.4
26082,Châteauneuf-de-Bordette,1.4
26083,Châteauneuf-de-Galaure,3.4
26084,Châteauneuf-sur-Isère,4.4
26085,Châteauneuf-du-Rhône,3.1
26086,Châtillon-en-Diois,3.1
26087,Châtillon-Saint-Jean,3.1
26088,Chatuzange-le-Goubet,4.0
26089,Chaudebonne,0.0
26090,La Chaudière,0.6
26091,Chauvac-Laux-Montaux,1.1
26092,Chavannes,3.1
26093,Clansayes,2.2
26094,Claveyson,3.1
26095,Cléon-d'Andran,2.7
26096,Clérieux,3.0
26097,Cliousclat,1.9
26098,Cobonne,3.0
26099,Colonzelle,2.7
26100,Combovin,1.8
26101,Comps,5.1
26102,Condillac,2.6
26103,Condorcet,1.5
26104,Cornillac,7.0
26105,Cornillon-sur-l'Oule,7.0
26106,La Coucourde,2.6
26107,Crépol,2.0
26108,Crest,3.4
26110,Crozes-Hermitage,2.7
26111,Crupies,2.9
26112,Curnier,1.5
26113,Die,4.6
26114,Dieulefit,4.3
26115,Divajeu,2.9
26116,Donzère,2.7
26117,Échevis,4.2
26118,Épinouze,3.1
26119,Érôme,2.3
26121,Espeluche,3.2
26122,Espenel,1.9
26123,Establet,2.2
26124,Étoile-sur-Rhône,3.7
26125,Eurre,3.5
26126,Eygalayes,1.0
26127,Eygaliers,3.6
26128,Eygluy-Escoulin,0.8
26129,Eymeux,3.8
26130,Eyroles,0.0
26131,Eyzahut,1.5
26133,Fay-le-Clos,2.8
26134,Félines-sur-Rimandoule,2.8
26135,Ferrassières,4.6
26136,Val-Maravel,0.6
26137,Francillon-sur-Roubion,1.9
26138,La Garde-Adhémar,3.6
26139,Génissieux,3.7
26140,Geyssans,2.2
26141,Gigors-et-Lozeron,1.1
26142,Glandage,0.0
26143,Le Grand-Serre,2.1
26144,Grane,3.5
26145,Les Granges-Gontardes,3.4
26146,Grignan,2.6
26147,Gumiane,1.1
26148,Hauterives,3.0
26149,Hostun,3.1
26150,Izon-la-Bruisse,0.5
26152,Jonchères,1.6
26153,Laborel,0.0
26154,Lachau,1.0
26155,Lapeyrouse-Mornay,2.8
26156,Larnage,3.6
26157,La Laupie,4.0
26159,Laval-d'Aix,3.9
26160,Laveyron,2.3
26161,Lemps,2.1
26162,Lens-Lestang,2.7
26163,Léoncel,0.0
26164,Lesches-en-Diois,1.0
26165,Livron-sur-Drôme,3.6
26166,Loriol-sur-Drôme,2.9
26167,Luc-en-Diois,2.6
26168,Lus-la-Croix-Haute,3.8
26169,Malataverne,3.4
26170,Malissard,2.9
26171,Manas,2.4
26172,Manthes,2.9
26173,Marches,2.9
26174,Margès,2.5
26175,Marignac-en-Diois,3.1
26176,Marsanne,3.1
26177,Marsaz,2.8
26178,Menglon,3.1
26179,Mercurol-Veaunes,3.4
26180,Mérindol-les-Oliviers,4.0
26181,Mévouillon,3.6
26182,Mirabel-aux-Baronnies,4.6
26183,Mirabel-et-Blacons,3.9
26185,Mirmande,1.4
26186,Miscon,1.6
26188,Mollans-sur-Ouvèze,4.3
26189,Montauban-sur-l'Ouvèze,2.2
26190,Montaulieu,0.8
26191,Montboucher-sur-Jabron,3.8
26192,Montbrison-sur-Lez,2.5
26193,Montbrun-les-Bains,3.9
26194,Montchenu,1.5
26195,Montclar-sur-Gervanne,2.7
26196,Montéléger,3.1
26197,Montélier,3.4
26198,Montélimar,3.5
26199,Montferrand-la-Fare,4.4
26200,Montfroc,1.0
26201,Montguers,2.2
26202,Montjoux,3.3
26203,Montjoyer,0.9
26204,Montlaur-en-Diois,3.9
26205,Montmaur-en-Diois,4.6
26206,Montmeyran,3.7
26207,Montmiral,1.0
26208,Montoison,4.1
26209,Montréal-les-Sources,0.0
26210,Valherbasse,0.9
26211,Montségur-sur-Lauzon,3.4
26212,Montvendre,3.0
26213,Moras-en-Valloire,2.7
26214,Mornans,2.9
26215,La Motte-Chalancon,5.7
26216,Saint-Jean-de-Galaure,2.9
26217,La Motte-Fanjas,3.8
26218,Mours-Saint-Eusèbe,4.1
26220,Nyons,3.4
26221,Omblèze,0.0
26222,Orcinas,4.0
26223,Oriol-en-Royans,2.3
26224,Ourches,1.7
26225,Parnans,2.0
26226,Le Pègue,1.9
26227,Pelonne,6.9
26228,Pennes-le-Sec,0.0
26229,La Penne-sur-l'Ouvèze,3.8
26231,Peyrins,3.4
26232,Peyrus,2.3
26233,Piégon,4.5
26234,Piégros-la-Clastre,3.9
26235,Pierrelatte,3.2
26236,Pierrelongue,5.3
26238,Les Pilles,2.6
26239,Plaisians,2.3
26240,Plan-de-Baix,0.5
26241,Le Poët-Célard,4.0
26242,Le Poët-en-Percip,0.0
26243,Le Poët-Laval,4.2
26244,Le Poët-Sigillat,0.0
26245,Pommerol,1.1
26246,Ponet-et-Saint-Auban,4.6
26247,Ponsas,1.5
26248,Pontaix,4.2
26249,Pont-de-Barret,2.2
26250,Pont-de-l'Isère,2.8
26251,Portes-en-Valdaine,3.3
26252,Portes-lès-Valence,4.2
26253,Poyols,2.4
26254,Pradelle,0.0
26255,Les Prés,1.2
26256,Propiac,2.6
26257,Puygiron,2.6
26258,Puy-Saint-Martin,2.9
26259,Ratières,2.3
26261,Réauville,1.9
26262,Recoubeau-Jansac,3.9
26263,Reilhanette,3.9
26264,Rémuzat,7.0
26266,Rimon-et-Savel,0.0
26267,Rioms,2.2
26268,Rochebaudin,3.6
26269,Rochebrune,1.1
26270,Rochechinard,2.6
26271,La Roche-de-Glun,2.6
26272,Rochefort-en-Valdaine,2.7
26273,Rochefort-Samson,2.5
26274,Rochefourchat,0.0
26275,Rochegude,2.9
26276,Roche-Saint-Secret-Béconne,1.8
26277,La Roche-sur-Grane,2.8
26278,La Roche-sur-le-Buis,3.4
26279,La Rochette-du-Buis,3.8
26281,Romans-sur-Isère,4.2
26282,Romeyer,4.6
26283,Rottier,5.7
26284,Roussas,2.3
26285,Rousset-les-Vignes,2.7
26286,Roussieux,1.1
26287,Roynac,2.4
26288,Sahune,2.0
26289,Saillans,2.5
26290,Saint-Agnan-en-Vercors,7.3
26291,Saint-Andéol,1.5
26292,Saint-Auban-sur-l'Ouvèze,2.2
26293,Saint-Avit,2.6
26294,Saint-Bardoux,3.7
26295,Saint-Barthélemy-de-Vals,1.9
26296,Saint-Benoit-en-Diois,1.2
26298,Saint-Christophe-et-le-Laris,1.7
26299,Sainte-Croix,3.7
26300,Saint-Dizier-en-Diois,0.0
26301,Saint-Donat-sur-l'Herbasse,3.0
26302,Sainte-Eulalie-en-Royans,2.9
26303,Sainte-Euphémie-sur-Ouvèze,3.3
26304,Saint-Ferréol-Trente-Pas,0.8
26305,Saint-Gervais-sur-Roubion,3.8
26306,Sainte-Jalle,0.0
26307,Saint-Jean-en-Royans,2.8
26308,Saint-Julien-en-Quint,1.5
26309,Saint-Julien-en-Vercors,2.4
26310,Saint-Laurent-d'Onay,1.0
26311,Saint-Laurent-en-Royans,3.4
26312,Saint-Marcel-lès-Sauzet,4.1
26313,Saint-Marcel-lès-Valence,4.8
26314,Saint-Martin-d'Août,2.8
26315,Saint-Martin-en-Vercors,4.8
26316,Saint-Martin-le-Colonel,2.0
26317,Saint-Maurice-sur-Eygues,3.8
26318,Saint-May,4.8
26319,Saint-Michel-sur-Savasse,1.1
26320,Saint-Nazaire-en-Royans,3.7
26321,Saint-Nazaire-le-Désert,0.0
26322,Saint-Pantaléon-les-Vignes,3.2
26323,Saint-Paul-lès-Romans,3.9
26324,Saint-Paul-Trois-Châteaux,3.0
26325,Saint-Rambert-d'Albon,2.3
26326,Saint-Restitut,3.3
26327,Saint-Roman,4.6
26328,Saint-Sauveur-en-Diois,3.1
26329,Saint-Sauveur-Gouvernet,0.7
26330,Saint-Sorlin-en-Valloire,3.6
26331,Saint-Thomas-en-Royans,3.8
26332,Saint-Uze,2.2
26333,Saint-Vallier,2.1
26334,Salettes,3.6
26335,Salles-sous-Bois,1.7
26336,Saou,3.4
26337,Saulce-sur-Rhône,2.1
26338,Sauzet,4.1
26339,Savasse,3.7
26340,Séderon,1.5
26341,Serves-sur-Rhône,2.1
26342,Solérieux,3.4
26343,Souspierre,4.0
26344,Soyans,2.8
26345,Suze-la-Rousse,3.2
26346,Suze,2.7
26347,Tain-l'Hermitage,3.3
26348,Taulignan,2.0
26349,Tersanne,2.8
26350,Teyssières,1.1
26351,Les Tonils,2.9
26352,La Touche,1.7
26353,Les Tourrettes,3.0
26355,Triors,3.0
26356,Truinas,4.0
26357,Tulette,3.0
26358,Upie,3.1
26359,Vachères-en-Quint,0.0
26360,Valaurie,2.5
26361,Valdrôme,0.4
26362,Valence,3.8
26363,Valouse,0.0
26364,Vassieux-en-Vercors,4.8
26365,Vaunaveys-la-Rochette,3.3
26367,Venterol,3.4
26368,Vercheny,1.2
26369,Verclause,5.7
26370,Vercoiran,3.7
26371,Véronne,1.9
26372,Vers-sur-Méouge,1.5
26373,Vesc,3.0
26374,Villebois-les-Pins,0.0
26375,Villefranche-le-Château,2.2
26376,Villeperdrix,2.5
26377,Vinsobres,3.9
26378,Volvent,1.1
26379,Granges-les-Beaumont,4.3
26380,Gervans,2.4
26381,Jaillans,1.0
26382,Saint-Vincent-la-Commanderie,2.6
27001,Aclou,2.3
27002,Acon,2.9
27003,Acquigny,3.6
27004,Aigleville,1.3
27005,Ailly,3.0
27006,Aizier,2.8
27008,Alizay,3.6
27009,Ambenay,1.7
27010,Amécourt,1.8
27011,Amfreville-Saint-Amand,3.0
27012,Amfreville-les-Champs,2.3
27013,Amfreville-sous-les-Monts,2.9
27014,Amfreville-sur-Iton,2.4
27015,Andé,3.4
27016,Les Andelys,1.8
27017,Angerville-la-Campagne,3.7
27018,Appeville-Annebault,3.0
27019,Armentières-sur-Avre,2.1
27020,Arnières-sur-Iton,1.9
27021,Asnières,2.0
27022,Le Val d'Hazey,1.9
27023,Aulnay-sur-Iton,1.1
27025,Autheuil-Authouillet,1.4
27026,Authevernes,2.3
27027,Les Authieux,1.7
27028,Authou,2.1
27031,Aviron,1.6
27032,Chambois,2.3
27033,Bacquepuis,1.7
27034,Bacqueville,2.6
27035,Bailleul-la-Vallée,1.9
27036,Bâlines,3.3
27037,Barc,2.2
27038,Les Barils,2.0
27039,Barneville-sur-Seine,2.9
27040,Barquet,1.5
27042,Barville,2.2
27043,Les Baux-de-Breteuil,1.5
27044,Les Baux-Sainte-Croix,1.7
27045,Bazincourt-sur-Epte,1.6
27046,Bazoques,2.1
27047,Beaubray,1.2
27048,Beauficel-en-Lyons,2.6
27049,Mesnil-en-Ouche,2.1
27050,Beaumontel,2.6
27051,Beaumont-le-Roger,2.8
27052,Le Bec-Hellouin,2.3
27053,Le Bec-Thomas,2.4
27054,Bémécourt,1.7
27055,Bérengeville-la-Campagne,1.1
27056,Bernay,2.8
27057,Bernienville,1.6
27059,Bernouville,2.7
27061,Berthouville,2.4
27062,Les Monts du Roumois,2.1
27063,Berville-la-Campagne,1.5
27064,Berville-sur-Mer,2.6
27065,Beuzeville,3.4
27066,Bézu-la-Forêt,1.8
27067,Bézu-Saint-Éloi,2.7
27068,Bois-Anzeray,1.2
27069,Bois-Arnault,2.3
27070,Frenelles-en-Vexin,2.5
27071,Le Bois-Hellain,3.1
27072,Bois-Jérôme-Saint-Ouen,2.2
27073,Bois-le-Roi,1.5
27074,Boisney,3.5
27075,Bois-Normand-près-Lyre,1.4
27076,Boisset-les-Prévanches,2.3
27077,Boissey-le-Châtel,2.2
27078,La Boissière,1.6
27079,Boissy-Lamberville,2.7
27081,Boncourt,1.6
27082,La Bonneville-sur-Iton,1.4
27083,Bonneville-Aptot,2.3
27085,Flancourt-Crescy-en-Roumois,2.6
27089,Thénouville,1.8
27090,Bosroumois,2.7
27091,Bosgouet,2.9
27094,Bosquentin,2.2
27095,Bosrobert,3.4
27096,Les Bottereaux,1.5
27097,Bouafles,2.2
27098,Bouchevilliers,1.8
27099,Le Boulay-Morin,2.4
27100,Boulleville,3.9
27101,Bouquelon,2.1
27102,Bouquetot,2.7
27103,Bourg-Achard,4.0
27104,Bourg-Beaudouin,3.5
27105,Grand Bourgtheroulde,2.8
27106,Bournainville-Faverolles,2.7
27107,Bourneville-Sainte-Croix,4.3
27108,Bourth,3.1
27109,Bray,3.2
27110,Brestot,2.9
27111,Bretagnolles,1.9
27112,Breteuil,2.5
27113,Brétigny,1.7
27114,Breuilpont,1.6
27115,Breux-sur-Avre,2.7
27116,Brionne,2.4
27117,Broglie,2.1
27118,Brosville,1.5
27119,Bueil,1.9
27120,Burey,1.1
27123,Caillouet-Orgeville,2.1
27124,Cailly-sur-Eure,2.1
27125,Calleville,2.6
27126,Campigny,3.1
27127,Canappeville,1.3
27129,Caorches-Saint-Nicolas,2.9
27130,Capelle-les-Grands,2.7
27132,Caugé,2.1
27133,Caumont,3.3
27134,Cauverville-en-Roumois,3.7
27135,Cesseville,2.1
27136,Chaignes,2.0
27137,Chaise-Dieu-du-Theil,3.2
27138,Chamblac,1.3
27139,Chambord,1.6
27140,Chambray,1.7
27141,Champ-Dolent,1.1
27142,Champenard,2.0
27144,Champigny-la-Futelaye,1.3
27146,La Chapelle-Bayvel,3.1
27147,La Chapelle-du-Bois-des-Faulx,1.4
27148,La Chapelle-Gauthier,1.6
27149,La Chapelle-Hareng,2.4
27151,Charleval,3.8
27152,Château-sur-Epte,2.3
27153,Chauvincourt-Provemont,2.5
27154,Chavigny-Bailleul,2.0
27155,Chennebrun,1.6
27156,Chéronvilliers,2.0
27157,Marbois,1.3
27158,Cierrey,1.9
27161,Claville,2.6
27162,Collandres-Quincarnon,1.3
27163,Colletot,3.1
27164,Combon,2.0
27165,Conches-en-Ouche,1.4
27167,Condé-sur-Risle,3.1
27168,Connelles,2.6
27169,Conteville,1.9
27170,Cormeilles,2.6
27171,Le Cormier,1.9
27173,Corneville-la-Fouquetière,3.1
27174,Corneville-sur-Risle,3.6
27176,Coudray,2.9
27177,Coudres,1.9
27179,Courbépine,3.3
27180,Courcelles-sur-Seine,2.4
27181,Courdemanche,1.4
27182,Courteilles,2.9
27183,La Couture-Boussey,2.3
27184,Crasville,2.2
27185,Crestot,2.5
27187,Criquebeuf-la-Campagne,2.2
27188,Criquebeuf-sur-Seine,6.2
27189,La Croisille,1.2
27190,Croisy-sur-Eure,1.3
27191,Clef Vallée d'Eure,2.3
27192,Crosville-la-Vieille,2.2
27193,Croth,1.9
27194,Cuverville,2.2
27196,Les Damps,5.1
27198,Mesnils-sur-Iton,1.1
27199,Dangu,2.5
27200,Dardez,2.3
27201,Daubeuf-la-Campagne,2.8
27202,Daubeuf-près-Vatteville,2.7
27203,Douains,2.1
27204,Doudeauville-en-Vexin,1.9
27205,Douville-sur-Andelle,3.4
27206,Droisy,1.1
27207,Drucourt,2.8
27208,Duranville,2.5
27209,Écaquelon,1.4
27210,Écardenville-la-Campagne,3.3
27212,Écauville,1.5
27213,Vexin-sur-Epte,1.3
27214,Écouis,3.4
27215,Ecquetot,2.1
27216,Émalleville,1.8
27217,Émanville,1.9
27218,Épaignes,3.7
27219,Épégard,2.4
27220,Épieds,2.0
27222,Épreville-en-Lieuvin,2.1
27224,Épreville-près-le-Neubourg,2.7
27226,Étrépagny,2.0
27227,Étréville,3.5
27228,Éturqueraye,3.2
27229,Évreux,2.6
27230,Ézy-sur-Eure,2.3
27231,Fains,0.9
27232,Farceaux,2.3
27233,Fatouville-Grestain,3.1
27234,Fauville,3.7
27235,Faverolles-la-Campagne,1.8
27237,Le Favril,2.5
27238,Ferrières-Haut-Clocher,2.3
27239,Ferrières-Saint-Hilaire,1.7
27240,La Ferrière-sur-Risle,1.5
27241,Feuguerolles,1.0
27242,Le Fidelaire,1.4
27243,Fiquefleur-Équainville,3.1
27245,Fleury-la-Forêt,2.2
27246,Fleury-sur-Andelle,3.6
27247,Flipou,2.6
27248,Folleville,2.5
27249,Fontaine-Bellenger,3.4
27251,Fontaine-l'Abbé,2.9
27252,Fontaine-la-Louvet,1.6
27254,Fontaine-sous-Jouy,1.6
27256,La Forêt-du-Parc,2.2
27258,Fort-Moville,2.9
27259,Foucrainville,2.0
27260,Foulbec,2.7
27261,Fouqueville,3.2
27263,Le Perrey,4.1
27266,Franqueville,1.6
27267,Freneuse-sur-Risle,1.8
27269,Fresne-Cauverville,2.1
27271,Fresney,2.9
27273,Gadencourt,1.4
27275,Gaillon,2.6
27276,Gamaches-en-Vexin,2.2
27277,La Baronnie,3.0
27278,Garennes-sur-Eure,2.1
27279,Gasny,1.9
27280,Gauciel,1.8
27281,Gaudreville-la-Rivière,1.0
27282,Gauville-la-Campagne,2.2
27284,Gisors,1.7
27285,Giverny,3.0
27286,Giverville,2.4
27287,Glisolles,1.7
27288,Glos-sur-Risle,2.3
27289,La Goulafrière,2.1
27290,Goupil-Othon,3.9
27291,Gournay-le-Guérin,2.2
27294,Val d'Orger,3.7
27295,Grand-Camp,2.2
27298,Graveron-Sémerville,2.1
27299,Gravigny,2.9
27300,Grosley-sur-Risle,1.5
27301,Grossœuvre,3.4
27302,Le Bosc du Theil,3.4
27304,Guerny,2.2
27306,Guichainville,2.5
27307,Guiseniers,1.5
27309,L'Habit,2.1
27310,Hacqueville,2.4
27311,Harcourt,3.5
27312,Hardencourt-Cocherel,1.3
27313,La Harengère,2.5
27315,Harquency,1.6
27316,Hauville,3.2
27317,La Haye-Aubrée,3.1
27318,La Haye-de-Calleville,3.0
27319,La Haye-de-Routot,2.3
27320,La Haye-du-Theil,3.8
27321,La Haye-le-Comte,2.5
27322,La Haye-Malherbe,2.5
27323,La Haye-Saint-Sylvestre,1.3
27324,Hébécourt,1.8
27325,Hecmanville,2.2
27326,Hécourt,1.4
27327,Hectomare,2.6
27329,Hennezis,1.6
27330,Herqueville,3.3
27331,Heubécourt-Haricourt,1.6
27332,Heudebouville,4.0
27333,Heudicourt,2.3
27334,Heudreville-en-Lieuvin,1.7
27335,Heudreville-sur-Eure,2.8
27336,La Heunière,2.5
27337,Heuqueville,2.9
27338,Les Hogues,3.8
27339,Hondouville,1.6
27340,Honguemare-Guenouville,4.6
27341,L'Hosmes,1.7
27342,Houetteville,1.3
27343,Houlbec-Cocherel,2.2
27345,La Houssaye,1.3
27346,Houville-en-Vexin,3.1
27347,Huest,3.5
27348,Igoville,4.3
27349,Illeville-sur-Montfort,2.1
27350,Illiers-l'Évêque,1.4
27351,Incarville,4.6
27353,Irreville,2.8
27354,Iville,2.6
27355,Ivry-la-Bataille,2.5
27358,Jouy-sur-Eure,1.5
27359,Juignettes,2.5
27360,Jumelles,2.3
27361,La Lande-Saint-Léger,3.3
27363,Le Landin,4.0
27364,Launay,2.8
27365,Léry,3.0
27366,Letteguives,3.8
27367,Lieurey,2.9
27368,Lignerolles,1.3
27369,Lilly,2.0
27370,Lisors,3.1
27371,Livet-sur-Authou,2.0
27372,Longchamps,2.5
27373,Lorleau,2.9
27374,Louversey,1.4
27375,Louviers,3.4
27376,Louye,1.7
27377,Lyons-la-Forêt,2.7
27378,La Madeleine-de-Nonancourt,1.7
27379,Mainneville,2.5
27380,Malleville-sur-le-Bec,2.5
27381,Malouy,2.4
27382,Mandeville,2.1
27383,Mandres,2.6
27384,Manneville-la-Raoult,2.6
27385,Manneville-sur-Risle,3.3
27386,Le Manoir,2.7
27388,Marais-Vernier,1.3
27389,Marbeuf,2.1
27390,Marcilly-la-Campagne,1.8
27391,Marcilly-sur-Eure,2.2
27392,Martagny,1.9
27393,Martainville,3.4
27394,Martot,5.5
27395,Mélicourt,1.5
27396,Ménesqueville,3.8
27397,Ménilles,1.1
27398,Menneval,3.2
27399,Mercey,2.0
27400,Merey,1.5
27401,Le Mesnil-Fuguet,1.0
27403,Le Mesnil-Jourdain,1.2
27404,Mesnil-Rousset,1.1
27405,Mesnil-sous-Vienne,1.8
27406,Mesnil-sur-l'Estrée,1.5
27407,Mesnil-Verclives,2.8
27408,Mézières-en-Vexin,1.5
27410,Miserey,1.9
27411,Moisville,1.8
27412,Terres de Bord,2.7
27413,Montfort-sur-Risle,3.0
27414,Montreuil-l'Argillé,1.9
27415,Morainville-Jouveaux,2.4
27417,Morgny,2.1
27418,Morsan,1.8
27419,Mouettes,1.9
27420,Mouflaines,1.9
27421,Mousseaux-Neuville,2.0
27422,Muids,2.4
27423,Muzy,2.2
27424,Nagel-Séez-Mesnil,1.3
27425,Nassandres sur Risle,3.7
27426,Neaufles-Saint-Martin,2.2
27427,Neaufles-Auvergny,1.8
27428,Le Neubourg,2.7
27429,Neuilly,1.8
27430,La Neuve-Grange,2.2
27431,La Neuve-Lyre,1.1
27432,La Neuville-du-Bosc,2.8
27433,Neuville-sur-Authou,1.9
27434,Noards,2.1
27435,La Noë-Poulain,3.0
27436,Nogent-le-Sec,1.3
27437,Nojeon-en-Vexin,2.5
27438,Nonancourt,2.3
27439,Normanville,2.4
27440,Notre-Dame-de-l'Isle,2.3
27441,Notre-Dame-d'Épine,2.3
27442,Notre-Dame-du-Hamel,1.1
27444,Le Noyer-en-Ouche,1.2
27445,Noyers,2.5
27446,Ormes,2.1
27447,Le Val-Doré,1.0
27448,Pacy-sur-Eure,1.2
27451,Parville,2.7
27453,Perriers-sur-Andelle,4.3
27454,Perruel,4.1
27455,Piencourt,1.9
27456,Pinterville,4.1
27457,Piseux,2.2
27458,Pîtres,3.4
27459,Les Places,1.6
27460,Plainville,2.6
27462,Le Planquay,2.6
27463,Plasnes,2.6
27464,Le Plessis-Grohan,2.1
27465,Le Plessis-Hébert,1.0
27466,Le Plessis-Sainte-Opportune,2.2
27467,Pont-Audemer,3.1
27468,Pont-Authou,2.5
27469,Pont-de-l'Arche,6.2
27470,Pont-Saint-Pierre,3.0
27471,Porte-de-Seine,2.7
27472,Portes,1.9
27473,Port-Mort,2.4
27474,Poses,2.7
27475,La Poterie-Mathieu,3.0
27476,Les Préaux,3.2
27477,Pressagny-l'Orgueilleux,2.5
27478,Prey,3.4
27480,Puchay,2.0
27481,Pullay,2.9
27482,La Pyle,2.6
27483,Quatremare,1.9
27485,Quillebeuf-sur-Seine,2.7
27486,Quittebeuf,2.1
27487,Radepont,3.6
27488,Renneville,4.1
27489,Reuilly,1.6
27490,Richeville,1.9
27492,Romilly-la-Puthenaye,1.6
27493,Romilly-sur-Andelle,3.1
27495,La Roquette,1.1
27496,Rosay-sur-Lieure,3.4
27497,Rougemontiers,3.0
27498,Rouge-Perriers,3.6
27500,Routot,2.6
27501,Rouvray,1.1
27502,Rugles,2.4
27504,Sacquenville,2.1
27505,Saint-Agnan-de-Cernières,1.3
27507,Saint-André-de-l'Eure,2.6
27508,Saint-Antonin-de-Sommaire,2.1
27511,Saint-Aubin-d'Écrosville,1.8
27512,Saint-Aubin-de-Scellon,2.5
27514,Saint-Aubin-du-Thenney,1.8
27516,Treis-Sants-en-Ouche,2.9
27517,Saint-Aubin-sur-Gaillon,2.8
27518,Saint-Aubin-sur-Quillebeuf,3.2
27520,Saint-Benoît-des-Ombres,1.4
27521,Saint-Christophe-sur-Avre,1.9
27522,Saint-Christophe-sur-Condé,2.0
27524,Sainte-Colombe-la-Commanderie,2.4
27525,Sainte-Colombe-près-Vernon,1.7
27527,Saint-Cyr-de-Salerne,2.2
27528,Le Vaudreuil,4.3
27529,Saint-Cyr-la-Campagne,3.0
27530,Saint-Denis-d'Augerons,1.5
27531,Saint-Denis-des-Monts,2.8
27533,Saint-Denis-le-Ferment,1.9
27534,Saint-Didier-des-Bois,2.4
27535,Saint-Élier,1.1
27536,Saint-Éloi-de-Fourques,2.7
27537,Saint-Étienne-du-Vauvray,4.2
27538,Saint-Étienne-l'Allier,2.1
27539,Saint-Étienne-sous-Bailleul,2.6
27540,Sainte-Geneviève-lès-Gasny,2.4
27541,Le Mesnil-Saint-Jean,1.8
27542,Saint-Georges-du-Vièvre,2.3
27543,Saint-Georges-Motel,2.0
27544,Saint-Germain-de-Fresney,2.6
27545,Saint-Germain-de-Pasquier,2.6
27546,Saint-Germain-des-Angles,1.0
27547,Saint-Germain-la-Campagne,2.0
27548,Saint-Germain-sur-Avre,1.8
27550,Saint-Grégoire-du-Vièvre,1.7
27552,Saint-Jean-du-Thenney,2.0
27553,Saint-Julien-de-la-Liègue,2.9
27554,La Chapelle-Longueville,3.4
27555,Saint-Laurent-des-Bois,1.7
27556,Saint-Laurent-du-Tencement,1.5
27557,Saint-Léger-de-Rôtes,2.9
27558,Saint-Léger-du-Gennetey,2.0
27560,Saint-Luc,3.1
27561,Saint-Maclou,3.8
27562,Saint-Marcel,2.4
27563,Saint-Mards-de-Blacarville,2.8
27564,Saint-Mards-de-Fresne,2.8
27565,Le Lesme,1.5
27567,Sainte-Marie-de-Vatimesnil,2.2
27568,Sainte-Marthe,1.3
27569,Saint-Martin-du-Tilleul,2.8
27570,Saint-Martin-la-Campagne,1.6
27571,Saint-Martin-Saint-Firmin,2.7
27572,Saint-Meslin-du-Bosc,2.7
27576,Sainte-Opportune-du-Bosc,2.9
27577,Sainte-Opportune-la-Mare,2.8
27578,Sainte-Marie-d'Attez,2.1
27579,Saint-Ouen-de-Pontcheuil,3.3
27580,Saint-Ouen-de-Thouberville,3.6
27582,Saint-Ouen-du-Tilleul,2.9
27584,Saint-Paul-de-Fourques,2.5
27586,Saint-Philbert-sur-Boissey,3.0
27587,Saint-Philbert-sur-Risle,2.5
27589,Saint-Pierre-de-Bailleul,2.0
27590,Saint-Pierre-de-Cernières,1.5
27591,Saint-Pierre-de-Cormeilles,2.5
27592,Saint-Pierre-de-Salerne,1.7
27593,Saint-Pierre-des-Fleurs,3.3
27594,Saint-Pierre-des-Ifs,2.2
27595,Saint-Pierre-du-Bosguérard,3.6
27597,Saint-Pierre-du-Val,2.8
27598,Saint-Pierre-du-Vauvray,3.6
27599,Saint-Pierre-la-Garenne,3.0
27601,Saint-Samson-de-la-Roque,2.0
27602,Saint-Sébastien-de-Morsent,2.2
27603,Saint-Siméon,2.6
27604,Saint-Sulpice-de-Grimbouville,2.6
27605,Saint-Sylvestre-de-Cormeilles,2.2
27606,Saint-Symphorien,3.3
27608,Saint-Victor-de-Chrétienville,3.4
27609,Saint-Victor-d'Épine,1.5
27610,Saint-Victor-sur-Avre,2.2
27611,Saint-Vigor,1.4
27612,Saint-Vincent-des-Bois,2.3
27613,Saint-Vincent-du-Boulay,2.9
27614,Sancourt,2.1
27615,Sassey,1.9
27616,La Saussaye,2.3
27617,Saussay-la-Campagne,2.2
27618,Sébécourt,1.6
27620,Selles,3.3
27621,Serez,1.6
27622,Serquigny,3.9
27623,Surtauville,2.2
27624,Surville,1.6
27625,Suzay,1.7
27627,Le Theil-Nolent,2.8
27629,Thiberville,2.6
27630,Thibouville,3.0
27631,Thierville,2.0
27632,Le Thil,2.5
27633,Les Thilliers-en-Vexin,2.3
27635,Le Thuit,2.3
27638,Le Thuit de l'Oison,3.6
27640,Tilleul-Dame-Agnès,1.0
27641,Le Tilleul-Lambert,2.0
27643,Tillières-sur-Avre,2.9
27644,Tilly,2.0
27645,Tocqueville,3.5
27646,Le Torpt,3.2
27649,Touffreville,3.0
27650,Tournedos-Bois-Hubert,2.3
27652,Tourneville,1.3
27654,Tourville-la-Campagne,3.4
27655,Tourville-sur-Pont-Audemer,3.2
27656,Toutainville,3.3
27658,Le Tremblay-Omonville,2.3
27659,La Trinité,2.9
27660,La Trinité-de-Réville,1.1
27661,La Trinité-de-Thouberville,2.9
27662,Triqueville,3.5
27663,Le Troncq,2.9
27664,Le Tronquay,3.2
27665,Trouville-la-Haule,3.2
27666,La Vacherie,1.7
27667,Valailles,2.9
27668,Le Val-David,2.0
27669,Valletot,3.9
27670,Vandrimare,3.6
27671,Vannecrocq,3.6
27672,Vascœuil,4.1
27673,Vatteville,2.1
27674,Vaux-sur-Eure,1.3
27676,Les Trois Lacs,4.6
27677,Venon,2.1
27678,Les Ventes,1.8
27679,Verneuil d'Avre et d'Iton,3.1
27680,Verneusses,1.3
27681,Vernon,2.5
27682,Vesly,2.6
27683,Vézillon,2.2
27684,Le Vieil-Évreux,3.2
27685,La Vieille-Lyre,1.1
27686,Vieux-Port,2.1
27689,Villegats,1.9
27690,Villers-en-Vexin,2.2
27691,Villers-sur-le-Roule,2.3
27692,Villettes,1.2
27693,Sylvains-Lès-Moulins,1.1
27694,Villez-sous-Bailleul,2.2
27695,Villez-sur-le-Neubourg,2.8
27696,Villiers-en-Désœuvre,1.5
27697,Vironvay,3.5
27698,Vitot,2.3
27699,Voiscreville,1.9
27700,Vraiville,2.4
27701,Val-de-Reuil,2.7
28001,Abondant,2.4
28003,Allainville,1.7
28004,Allonnes,2.6
28005,Alluyes,1.7
28006,Amilly,2.9
28007,Anet,2.5
28008,Ardelles,3.1
28009,Ardelu,1.6
28010,Argenvilliers,2.1
28012,Vald'Yerre,2.0
28013,Aunay-sous-Auneau,2.3
28014,Aunay-sous-Crécy,1.6
28015,Auneau-Bleury-Saint-Symphorien,2.2
28016,Les Autels-Villevillon,1.9
28018,Authon-du-Perche,1.8
28019,Baigneaux,1.8
28021,Bailleau-le-Pin,2.2
28022,Bailleau-l'Évêque,2.9
28023,Bailleau-Armenonville,3.1
28024,Barjouville,3.1
28025,Barmainville,2.5
28026,Baudreville,1.5
28027,La Bazoche-Gouet,1.8
28028,Bazoches-en-Dunois,1.0
28029,Bazoches-les-Hautes,1.4
28030,Beauche,3.6
28031,Beaumont-les-Autels,2.1
28032,Beauvilliers,3.2
28033,Belhomert-Guéhouville,4.4
28034,Berchères-Saint-Germain,2.1
28035,Berchères-les-Pierres,2.6
28036,Berchères-sur-Vesgre,1.9
28037,Bérou-la-Mulotière,3.0
28038,Béthonvilliers,2.2
28039,Béville-le-Comte,2.5
28040,Billancelles,2.1
28041,Blandainville,1.3
28045,Boissy-en-Drouais,2.0
28046,Boissy-lès-Perche,2.8
28047,Boisville-la-Saint-Père,2.4
28048,La Bourdinière-Saint-Loup,1.9
28049,Boncé,2.4
28050,Boncourt,2.2
28051,Bonneval,1.7
28052,Bouglainval,2.1
28053,Le Boullay-les-Deux-Églises,1.8
28054,Le Boullay-Mivoye,2.8
28055,Le Boullay-Thierry,1.9
28056,Boutigny-Prouais,1.8
28057,Bouville,1.6
28058,Bréchamps,2.0
28059,Brezolles,2.1
28060,Briconville,1.6
28061,Brou,2.1
28062,Broué,2.5
28064,Bû,1.8
28065,Bullainville,1.6
28067,Cernay,1.4
28068,Challet,2.3
28070,Champhol,2.4
28071,Champrond-en-Gâtine,1.6
28072,Champrond-en-Perchet,2.5
28073,Champseru,2.5
28074,La Chapelle-d'Aunainville,2.1
28075,La Chapelle-du-Noyer,2.6
28076,La Chapelle-Forainvilliers,2.2
28077,La Chapelle-Fortin,1.7
28078,Chapelle-Guillaume,2.0
28079,Chapelle-Royale,1.9
28080,Charbonnières,2.3
28081,Charonville,1.8
28082,Charpont,2.5
28084,Chartainvilliers,1.9
28085,Chartres,2.7
28086,Chassant,1.6
28087,Châtaincourt,2.0
28088,Châteaudun,3.0
28089,Châteauneuf-en-Thymerais,1.9
28090,Les Châtelets,2.8
28091,Les Châtelliers-Notre-Dame,1.1
28092,Châtenay,1.9
28094,Chaudon,2.3
28095,Chauffours,2.3
28096,La Chaussée-d'Ivry,2.1
28098,Cherisy,2.8
28099,Chuisnes,1.2
28100,Cintray,2.6
28102,Clévilliers,1.9
28103,Cloyes-les-Trois-Rivières,2.7
28104,Coltainville,1.9
28105,Combres,1.2
28106,Conie-Molitard,1.9
28107,Corancez,2.7
28108,Cormainville,2.0
28109,Les Corvées-les-Yys,0.8
28110,Le Coudray,3.5
28111,Coudray-au-Perche,1.9
28113,Coulombs,2.5
28114,Courbehaye,1.9
28116,Courville-sur-Eure,1.8
28117,Crécy-Couvé,1.9
28118,Croisilles,2.1
28119,La Croix-du-Perche,1.5
28120,Crucey-Villages,2.7
28121,Dambron,2.3
28122,Dammarie,2.1
28123,Dampierre-sous-Brou,2.0
28124,Dampierre-sur-Avre,1.8
28126,Dancy,1.2
28127,Dangeau,2.7
28128,Dangers,2.1
28129,Denonville,1.8
28130,Digny,3.4
28132,Donnemain-Saint-Mamès,2.7
28134,Dreux,2.3
28135,Droue-sur-Drouette,3.2
28136,Écluzelles,2.7
28137,Écrosnes,3.1
28139,Épeautrolles,1.3
28140,Épernon,2.3
28141,Ermenonville-la-Grande,1.6
28142,Ermenonville-la-Petite,1.4
28143,Escorpain,2.0
28144,Les Étilleux,2.3
28146,Faverolles,2.6
28147,Favières,2.4
28148,Le Favril,1.8
28149,La Ferté-Vidame,2.2
28151,Fessanvilliers-Mattanvilliers,2.7
28153,Flacey,2.6
28154,Fontaine-la-Guyon,1.4
28155,Fontaine-les-Ribouts,1.5
28156,Fontaine-Simon,3.9
28157,Fontenay-sur-Conie,1.6
28158,Fontenay-sur-Eure,2.6
28159,La Framboisière,2.8
28160,Francourville,2.2
28161,Frazé,1.8
28162,Fresnay-le-Comte,1.8
28163,Fresnay-le-Gilmert,2.0
28164,Fresnay-l'Évêque,2.0
28166,Friaize,1.3
28167,Fruncé,1.5
28168,Gallardon,2.2
28169,Garancières-en-Beauce,1.8
28170,Garancières-en-Drouais,1.9
28171,Garnay,1.9
28172,Gas,2.9
28173,Gasville-Oisème,1.9
28175,La Gaudaine,2.3
28176,Le Gault-Saint-Denis,2.6
28177,Gellainville,3.0
28178,Germainville,2.5
28180,Gilles,1.7
28182,Gohory,2.7
28183,Gommerville,2.0
28184,Gouillons,1.5
28185,Goussainville,2.5
28187,Guainville,1.7
28188,Le Gué-de-Longroi,2.2
28189,Guilleville,1.2
28190,Guillonville,1.8
28191,Hanches,3.3
28192,Happonvilliers,1.2
28193,Havelu,1.9
28194,Houville-la-Branche,2.5
28195,Houx,2.8
28196,Illiers-Combray,1.6
28197,Intréville,2.0
28198,Jallans,2.7
28199,Janville-en-Beauce,2.0
28200,Jaudrais,3.4
28201,Jouy,1.9
28202,Lamblore,2.3
28203,Landelles,2.1
28206,Laons,2.0
28207,Léthuin,1.6
28208,Levainville,2.7
28209,Lèves,3.1
28210,Levesville-la-Chenard,2.0
28211,Logron,2.7
28212,Loigny-la-Bataille,1.4
28213,Lormaye,2.0
28214,La Loupe,2.6
28215,Louville-la-Chenard,1.5
28216,Louvilliers-en-Drouais,1.8
28217,Louvilliers-lès-Perche,2.8
28218,Lucé,3.1
28219,Luigny,2.2
28220,Luisant,3.5
28221,Lumeau,1.7
28222,Luplanté,1.6
28223,Luray,2.5
28225,Magny,1.5
28226,Maillebois,2.5
28227,Maintenon,2.5
28229,Mainvilliers,3.5
28230,Maisons,1.8
28231,La Mancelière,2.4
28232,Manou,3.3
28233,Marboué,3.0
28234,Marchéville,1.5
28235,Marchezais,2.6
28236,Arcisses,3.1
28237,Marolles-les-Buis,1.8
28239,Marville-Moutiers-Brûlé,2.2
28240,Meaucé,3.1
28242,Méréglise,2.1
28243,Mérouville,1.5
28245,Meslay-le-Grenet,2.0
28246,Meslay-le-Vidame,1.7
28247,Le Mesnil-Simon,2.1
28248,Le Mesnil-Thomas,3.4
28249,Mévoisins,2.2
28251,Mézières-en-Drouais,2.7
28252,Miermaigne,2.0
28253,Mignières,1.7
28254,Mittainvilliers-Vérigny,1.7
28255,Moinville-la-Jeulin,2.7
28256,Moléans,2.1
28257,Mondonville-Saint-Jean,1.2
28259,Montboissier,1.5
28260,Montharville,2.8
28261,Montigny-le-Chartif,1.6
28263,Montigny-sur-Avre,2.6
28264,Montireau,1.5
28265,Montlandon,1.6
28267,Montreuil,2.8
28268,Morainville,1.7
28269,Morancez,2.9
28270,Moriers,2.0
28271,Morvilliers,2.9
28272,Mottereau,1.9
28273,Moulhard,2.2
28274,Moutiers,1.4
28275,Néron,2.3
28276,Neuvy-en-Beauce,1.7
28277,Neuvy-en-Dunois,2.3
28278,Nogent-le-Phaye,2.5
28279,Nogent-le-Roi,2.2
28280,Nogent-le-Rotrou,2.8
28281,Nogent-sur-Eure,2.4
28282,Nonvilliers-Grandhoux,1.1
28283,Nottonville,1.2
28284,Oinville-Saint-Liphard,2.4
28285,Oinville-sous-Auneau,2.5
28286,Ollé,1.8
28287,Orgères-en-Beauce,1.1
28289,Ormoy,2.4
28290,Orrouer,1.9
28291,Ouarville,2.2
28292,Ouerre,2.4
28293,Oulins,2.4
28294,Oysonville,1.5
28296,Péronville,1.3
28298,Pierres,2.6
28299,Les Pinthières,2.5
28300,Poinville,2.4
28301,Poisvilliers,2.8
28302,Pontgouin,3.1
28303,Poupry,2.0
28304,Prasville,3.3
28305,Pré-Saint-Évroult,0.8
28306,Pré-Saint-Martin,1.6
28308,Prudemanche,1.9
28309,Prunay-le-Gillon,2.9
28310,La Puisaye,2.8
28312,Puiseux,1.8
28313,Réclainville,2.0
28314,Les Ressuintes,2.3
28315,Revercourt,2.1
28316,Rohaire,2.0
28317,Roinville,2.4
28319,Rouvray-Saint-Denis,2.2
28321,Rouvres,2.3
28322,Rueil-la-Gadelière,3.2
28323,Saint-Ange-et-Torçay,2.0
28324,Saint-Arnoult-des-Bois,2.2
28325,Saint-Aubin-des-Bois,2.5
28326,Saint-Avit-les-Guespières,2.1
28327,Saint-Bomer,1.7
28329,Saint-Christophe,2.2
28330,Villemaury,1.5
28331,Saintigny,1.4
28332,Sainte-Gemme-Moronval,2.8
28333,Saint-Denis-des-Puits,1.0
28334,Saint-Denis-Lanneray,2.8
28335,Saint-Éliph,2.5
28336,Saint-Éman,1.4
28337,Saint-Georges-sur-Eure,2.4
28339,Saint-Germain-le-Gaillard,1.3
28341,Saint-Jean-de-Rebervilliers,1.6
28342,Saint-Jean-Pierre-Fixte,2.7
28343,Saint-Laurent-la-Gâtine,1.9
28344,Saint-Léger-des-Aubées,2.3
28346,Saint-Lubin-de-Cravant,2.3
28347,Saint-Lubin-de-la-Haye,1.6
28348,Saint-Lubin-des-Joncherets,1.5
28349,Saint-Lucien,2.5
28350,Saint-Luperce,2.4
28351,Saint-Maixme-Hauterive,2.7
28352,Saint-Martin-de-Nigelles,2.9
28353,Saint-Maur-sur-le-Loir,1.7
28354,Saint-Maurice-Saint-Germain,3.4
28355,Saint-Ouen-Marchefroy,2.0
28357,Saint-Piat,2.3
28358,Saint-Prest,2.2
28359,Saint-Rémy-sur-Avre,1.7
28360,Saint-Sauveur-Marville,1.8
28362,Saint-Victor-de-Buthon,2.0
28363,Sainville,2.2
28364,Sancheville,2.5
28365,Sandarville,1.5
28366,Santeuil,1.9
28367,Santilly,2.2
28368,La Saucelle,3.1
28369,Saulnières,1.6
28370,Saumeray,2.1
28371,Saussay,2.5
28372,Senantes,2.8
28373,Senonches,2.8
28374,Serazereux,2.5
28375,Serville,2.6
28377,Sorel-Moussel,2.1
28378,Souancé-au-Perche,2.3
28379,Soulaires,2.8
28380,Sours,1.6
28382,Terminiers,1.9
28383,Theuville,2.7
28385,Le Thieulin,1.0
28386,Thimert-Gâtelles,2.0
28387,Thiron-Gardais,1.6
28388,Thivars,2.8
28389,Thiville,2.2
28390,Tillay-le-Péneux,1.3
28391,Toury,2.3
28392,Trancrainville,1.4
28393,Tremblay-les-Villages,2.3
28394,Tréon,1.8
28395,Trizay-Coutretot-Saint-Serge,2.3
28396,Trizay-lès-Bonneval,2.1
28397,Umpeau,2.3
28398,Unverre,1.9
28400,Varize,1.1
28401,Vaupillon,2.6
28403,Ver-lès-Chartres,2.9
28404,Vernouillet,1.8
28405,Vert-en-Drouais,1.6
28406,Éole-en-Beauce,2.3
28407,Vichères,2.3
28408,Vierville,1.6
28409,Vieuvicq,2.2
28410,Villampuy,1.4
28411,Villars,2.4
28414,Villebon,1.2
28415,Villemeux-sur-Eure,2.1
28417,Villiers-le-Morhier,2.7
28418,Villiers-Saint-Orien,1.4
28419,Vitray-en-Beauce,1.4
28421,Voise,1.9
28422,Les Villages Vovéens,3.0
28423,Yermenonville,3.1
28424,Yèvres,2.3
28425,Ymeray,2.4
28426,Ymonville,2.4
29001,Argol,3.5
29002,Arzano,3.2
29003,Audierne,5.4
29004,Bannalec,3.3
29005,Baye,4.8
29006,Bénodet,2.6
29007,Berrien,1.0
29008,Beuzec-Cap-Sizun,4.8
29010,Bodilis,4.0
29011,Bohars,3.9
29012,Bolazec,2.1
29013,Botmeur,0.8
29014,Botsorhel,2.3
29015,Bourg-Blanc,5.0
29016,Brasparts,1.2
29017,Brélès,5.3
29018,Brennilis,0.5
29019,Brest,5.2
29020,Briec,3.7
29021,Plounéour-Brignogan-plages,2.9
29022,Camaret-sur-Mer,3.8
29023,Carantec,2.7
29024,Carhaix-Plouguer,3.8
29025,Cast,3.5
29026,Châteaulin,4.9
29027,Châteauneuf-du-Faou,3.4
29028,Cléden-Cap-Sizun,2.9
29029,Cléden-Poher,3.4
29030,Cléder,3.5
29031,Clohars-Carnoët,4.0
29032,Clohars-Fouesnant,4.2
29033,Le Cloître-Pleyben,1.8
29034,Le Cloître-Saint-Thégonnec,1.2
29035,Coat-Méal,5.1
29036,Collorec,1.7
29037,Combrit,3.8
29038,Commana,1.8
29039,Concarneau,4.4
29040,Le Conquet,3.0
29041,Coray,2.6
29042,Crozon,5.6
29043,Daoulas,4.9
29044,Dinéault,1.8
29045,Dirinon,5.2
29046,Douarnenez,3.5
29047,Le Drennec,3.4
29048,Edern,2.5
29049,Elliant,3.0
29051,Ergué-Gabéric,4.8
29053,Le Faou,4.5
29054,La Feuillée,0.7
29055,Le Folgoët,4.1
29056,La Forest-Landerneau,3.5
29057,La Forêt-Fouesnant,5.0
29058,Fouesnant,3.7
29059,Garlan,4.3
29060,Gouesnach,3.1
29061,Gouesnou,5.4
29062,Gouézec,3.2
29063,Goulien,4.0
29064,Goulven,3.5
29065,Gourlizon,3.6
29066,Guengat,3.5
29067,Guerlesquin,2.1
29068,Guiclan,3.8
29069,Guilers,5.3
29070,Guiler-sur-Goyen,5.2
29071,Guilligomarc'h,3.0
29072,Guilvinec,3.8
29073,Guimaëc,2.9
29074,Guimiliau,3.6
29075,Guipavas,5.6
29076,Milizac-Guipronvel,3.9
29077,Guissény,3.7
29078,Hanvec,4.8
29079,Henvic,5.2
29080,Hôpital-Camfrout,3.8
29081,Huelgoat,1.1
29082,Île-de-Batz,6.8
29083,Île-de-Sein,27.7
29084,Île-Molène,3.2
29085,Île-Tudy,1.7
29086,Irvillac,4.3
29087,Le Juch,3.9
29089,Kergloff,3.4
29090,Kerlaz,4.6
29091,Kerlouan,4.0
29093,Kernilis,3.4
29094,Kernouës,3.7
29095,Kersaint-Plabennec,6.1
29097,Lampaul-Guimiliau,4.0
29098,Lampaul-Plouarzel,2.8
29099,Lampaul-Ploudalmézeau,3.6
29100,Lanarvily,4.0
29101,Landéda,1.8
29102,Landeleau,3.4
29103,Landerneau,4.3
29104,Landévennec,0.7
29105,Landivisiau,4.4
29106,Landrévarzec,4.0
29107,Landudal,3.0
29108,Landudec,3.8
29109,Landunvez,2.8
29110,Langolen,2.3
29111,Lanhouarneau,3.1
29112,Lanildut,3.4
29113,Lanmeur,3.9
29114,Lannéanou,2.3
29115,Lannédern,1.2
29116,Lanneuffret,5.0
29117,Lannilis,4.1
29119,Lanrivoaré,5.0
29120,Lanvéoc,4.9
29122,Laz,3.3
29123,Lennon,4.6
29124,Lesneven,4.1
29125,Leuhan,3.7
29126,Loc-Brévalaire,4.0
29128,Loc-Eguiner,3.4
29130,Locmaria-Plouzané,3.5
29131,Locmélar,2.8
29132,Locquénolé,3.4
29133,Locquirec,2.5
29134,Locronan,4.3
29135,Loctudy,3.4
29136,Locunolé,2.6
29137,Logonna-Daoulas,2.4
29139,Lopérec,2.5
29140,Loperhet,4.7
29141,Loqueffret,0.9
29142,Lothey,3.3
29143,Mahalon,6.1
29144,La Martyre,3.4
29145,Confort-Meilars,6.4
29146,Melgven,5.1
29147,Mellac,4.2
29148,Mespaul,4.6
29150,Moëlan-sur-Mer,3.9
29151,Morlaix,4.5
29152,Motreff,3.4
29153,Névez,3.0
29155,Ouessant,7.2
29156,Pencran,4.5
29158,Penmarch,4.1
29159,Peumerit,2.4
29160,Plabennec,4.2
29161,Pleuven,4.9
29162,Pleyben,4.2
29163,Pleyber-Christ,2.7
29165,Plobannalec-Lesconil,4.4
29166,Ploéven,4.2
29167,Plogastel-Saint-Germain,2.1
29168,Plogoff,2.9
29169,Plogonnec,2.9
29170,Plomelin,3.4
29171,Plomeur,5.2
29172,Plomodiern,3.1
29173,Plonéis,3.5
29174,Plonéour-Lanvern,3.8
29175,Plonévez-du-Faou,2.5
29176,Plonévez-Porzay,4.9
29177,Plouarzel,4.3
29178,Ploudalmézeau,4.1
29179,Ploudaniel,4.1
29180,Ploudiry,3.6
29181,Plouédern,5.4
29182,Plouégat-Guérand,3.9
29183,Plouégat-Moysan,4.4
29184,Plouénan,4.2
29185,Plouescat,2.2
29186,Plouezoc'h,3.3
29187,Plougar,3.0
29188,Plougasnou,2.2
29189,Plougastel-Daoulas,4.3
29190,Plougonvelin,3.4
29191,Plougonven,2.2
29192,Plougoulm,4.4
29193,Plougourvest,3.6
29195,Plouguerneau,3.0
29196,Plouguin,4.4
29197,Plouhinec,5.7
29198,Plouider,4.1
29199,Plouigneau,4.3
29201,Ploumoguer,3.7
29202,Plounéour-Ménez,0.7
29204,Plounéventer,4.2
29205,Plounévézel,2.9
29206,Plounévez-Lochrist,2.4
29207,Plourin-lès-Morlaix,2.9
29208,Plourin,5.0
29209,Plouvien,3.9
29210,Plouvorn,3.5
29211,Plouyé,1.8
29212,Plouzané,3.7
29213,Plouzévédé,3.7
29214,Plovan,3.1
29215,Plozévet,4.4
29216,Pluguffan,4.0
29217,Pont-Aven,4.0
29218,Pont-Croix,5.5
29220,Pont-l'Abbé,5.3
29221,Porspoder,2.5
29222,Port-Launay,5.2
29224,Pouldergat,5.0
29225,Pouldreuzic,2.3
29226,Poullan-sur-Mer,4.6
29227,Poullaouen,2.1
29228,Primelin,4.4
29229,Quéménéven,2.2
29230,Querrien,3.1
29232,Quimper,4.8
29233,Quimperlé,5.0
29234,Rédené,3.3
29235,Le Relecq-Kerhuon,6.4
29236,Riec-sur-Bélon,4.2
29237,La Roche-Maurice,4.5
29238,Roscanvel,4.1
29239,Roscoff,3.0
29240,Rosnoën,2.5
29241,Rosporden,3.6
29243,Saint-Coulitz,3.2
29244,Saint-Derrien,3.1
29245,Saint-Divy,5.0
29246,Saint-Eloy,3.0
29247,Saint-Évarzec,5.9
29248,Saint-Frégant,3.7
29249,Saint-Goazec,3.5
29250,Saint-Hernin,3.8
29251,Saint-Jean-du-Doigt,2.4
29252,Saint-Jean-Trolimon,5.0
29254,Saint-Martin-des-Champs,5.5
29255,Saint-Méen,4.4
29256,Saint-Nic,2.6
29257,Saint-Pabu,3.6
29259,Saint-Pol-de-Léon,4.5
29260,Saint-Renan,5.3
29261,Saint-Rivoal,0.6
29262,Saint-Sauveur,2.5
29263,Saint-Ségal,3.1
29264,Saint-Servais,4.0
29265,Sainte-Sève,5.6
29266,Saint-Thégonnec Loc-Eguiner,4.1
29267,Saint-Thois,3.1
29268,Saint-Thonan,6.0
29269,Saint-Thurien,2.7
29270,Saint-Urbain,5.2
29271,Saint-Vougay,2.9
29272,Saint-Yvi,4.6
29273,Santec,3.8
29274,Scaër,2.6
29275,Scrignac,1.5
29276,Sibiril,4.4
29277,Sizun,2.5
29278,Spézet,4.1
29279,Taulé,4.8
29280,Telgruc-sur-Mer,3.5
29281,Tourch,3.1
29282,Trébabu,4.1
29284,Treffiagat,4.2
29285,Tréflaouénan,3.8
29286,Tréflévénez,3.2
29287,Tréflez,3.8
29288,Trégarantec,4.0
29289,Trégarvan,1.0
29290,Tréglonou,5.0
29291,Trégourez,2.7
29292,Tréguennec,3.7
29293,Trégunc,4.5
29294,Le Tréhou,3.4
29295,Trémaouézan,4.6
29296,Tréméoc,5.0
29297,Tréméven,2.9
29298,Tréogat,3.4
29299,Tréouergat,3.8
29300,Le Trévoux,3.6
29301,Trézilidé,3.7
29302,Pont-de-Buis-lès-Quimerch,4.3
2A001,Afa,1.8
2A004,Ajaccio,3.9
2A006,Alata,1.3
2A008,Albitreccia,5.4
2A011,Altagène,1.9
2A014,Ambiegna,2.6
2A017,Appietto,0.4
2A018,Arbellara,2.1
2A019,Arbori,0.0
2A021,Argiusta-Moriccio,1.1
2A022,Arro,0.0
2A024,Aullène,0.0
2A026,Azilone-Ampaza,3.0
2A027,Azzana,0.0
2A028,Balogna,6.3
2A031,Bastelica,6.0
2A032,Bastelicaccia,2.8
2A035,Belvédère-Campomoro,1.8
2A038,Bilia,2.8
2A040,Bocognano,0.0
2A041,Bonifacio,5.3
2A048,Calcatoggio,7.8
2A056,Campo,4.6
2A060,Cannelle,7.2
2A061,Carbini,1.8
2A062,Carbuccia,1.9
2A064,Cardo-Torgia,5.4
2A065,Cargèse,14.2
2A066,Cargiaca,0.0
2A070,Casaglione,5.2
2A071,Casalabriva,3.4
2A085,Cauro,3.3
2A089,Ciamannacce,3.3
2A090,Coggia,5.0
2A091,Cognocoli-Monticchi,0.0
2A092,Conca,0.7
2A094,Corrano,1.1
2A098,Coti-Chiavari,2.4
2A099,Cozzano,3.3
2A100,Cristinacce,0.0
2A103,Cuttoli-Corticchiato,1.9
2A104,Eccica-Suarella,1.6
2A108,Évisa,0.0
2A114,Figari,1.8
2A115,Foce,1.0
2A117,Forciolo,1.4
2A118,Fozzano,1.1
2A119,Frasseto,3.5
2A127,Giuncheto,1.0
2A128,Granace,2.0
2A129,Grossa,3.8
2A130,Grosseto-Prugna,6.0
2A131,Guagno,0.0
2A132,Guargualé,2.8
2A133,Guitera-les-Bains,1.1
2A139,Lecci,4.8
2A141,Letia,4.2
2A142,Levie,5.0
2A144,Lopigna,0.0
2A146,Loreto-di-Tallano,0.0
2A154,Marignana,0.0
2A158,Mela,3.9
2A160,Moca-Croce,1.1
2A163,Monacia-d'Aullène,1.5
2A174,Murzo,6.3
2A181,Ocana,0.6
2A186,Olivese,0.0
2A189,Olmeto,3.3
2A191,Olmiccia,1.9
2A196,Orto,0.0
2A197,Osani,0.0
2A198,Ota,5.8
2A200,Palneca,3.3
2A203,Partinello,0.0
2A204,Pastricciola,0.0
2A209,Peri,1.9
2A211,Petreto-Bicchisano,2.6
2A212,Piana,0.0
2A215,Pianottoli-Caldarello,1.5
2A228,Pietrosella,0.8
2A232,Pila-Canale,0.3
2A240,Poggiolo,0.0
2A247,Porto-Vecchio,6.6
2A249,Propriano,5.0
2A253,Quasquara,3.5
2A254,Quenza,2.2
2A258,Renno,4.2
2A259,Rezza,0.0
2A262,Rosazia,0.0
2A266,Salice,0.0
2A268,Sampolo,2.2
2A269,Sari-Solenzara,9.5
2A270,Sari-d'Orcino,4.6
2A271,Sarrola-Carcopino,3.2
2A272,Sartène,4.9
2A276,Serra-di-Ferro,5.6
2A278,Serra-di-Scopamène,1.1
2A279,Serriera,3.9
2A282,Soccia,0.0
2A284,Sollacaro,1.8
2A285,Sorbollano,1.1
2A288,Sotta,4.2
2A295,Sant'Andréa-d'Orcino,7.2
2A300,San-Gavino-di-Carbini,6.1
2A308,Sainte-Lucie-de-Tallano,1.9
2A310,Santa-Maria-Figaniella,0.0
2A312,Santa-Maria-Siché,5.4
2A322,Tasso,1.1
2A323,Tavaco,0.0
2A324,Tavera,0.0
2A326,Tolla,2.0
2A330,Ucciani,1.3
2A331,Urbalacone,4.4
2A336,Valle-di-Mezzana,3.2
2A345,Vero,0.0
2A348,Vico,7.2
2A349,Viggianello,3.6
2A351,Villanova,0.0
2A357,Zérubia,0.0
2A358,Zévaco,1.4
2A359,Zicavo,3.3
2A360,Zigliara,3.6
2A362,Zonza,5.1
2A363,Zoza,0.9
2B002,Aghione,1.5
2B003,Aiti,0.0
2B005,Alando,0.0
2B007,Albertacce,0.0
2B009,Aléria,5.5
2B010,Algajola,5.3
2B012,Altiani,0.0
2B013,Alzi,0.0
2B015,Ampriani,0.0
2B016,Antisanti,0.0
2B020,Aregno,2.5
2B023,Asco,0.0
2B025,Avapessa,2.5
2B029,Barbaggio,4.5
2B030,Barrettali,0.0
2B033,Bastia,4.0
2B034,Belgodère,1.4
2B036,Bigorno,2.9
2B037,Biguglia,2.0
2B039,Bisinchi,2.8
2B042,Borgo,3.4
2B043,Brando,2.2
2B045,Bustanico,0.0
2B046,Cagnano,5.8
2B047,Calacuccia,0.0
2B049,Calenzana,2.9
2B050,Calvi,4.7
2B051,Cambia,0.0
2B052,Campana,2.8
2B053,Campi,0.0
2B054,Campile,0.0
2B055,Campitello,4.3
2B057,Canale-di-Verde,0.0
2B058,Canari,0.0
2B059,Canavaggia,0.0
2B063,Carcheto-Brustico,0.0
2B067,Carpineto,0.0
2B068,Carticasi,0.0
2B069,Casabianca,0.0
2B072,Casalta,1.9
2B073,Casamaccioli,0.0
2B074,Casanova,4.0
2B075,Casevecchie,0.0
2B077,Castellare-di-Casinca,7.2
2B078,Castellare-di-Mercurio,1.6
2B079,Castello-di-Rostino,5.6
2B080,Castifao,0.0
2B081,Castiglione,0.0
2B082,Castineta,8.4
2B083,Castirla,3.2
2B084,Cateri,2.5
2B086,Centuri,8.6
2B087,Cervione,3.9
2B088,Chiatra,1.4
2B093,Corbara,5.4
2B095,Corscia,0.0
2B096,Corte,5.0
2B097,Costa,0.0
2B101,Croce,2.8
2B102,Crocicchia,0.0
2B105,Erbajolo,0.0
2B106,Érone,0.0
2B107,Ersa,10.3
2B109,Farinole,2.7
2B110,Favalello,0.0
2B111,Felce,0.0
2B112,Feliceto,1.8
2B113,Ficaja,0.0
2B116,Focicchia,0.0
2B120,Furiani,3.0
2B121,Galéria,0.0
2B122,Gavignano,5.6
2B123,Ghisonaccia,4.5
2B124,Ghisoni,0.0
2B125,Giocatojo,0.0
2B126,Giuncaggio,0.0
2B134,L'Île-Rousse,4.7
2B135,Isolaccio-di-Fiumorbo,6.5
2B136,Lama,0.0
2B137,Lano,0.0
2B138,Lavatoggio,3.9
2B140,Lento,2.9
2B143,Linguizzetta,0.0
2B145,Loreto-di-Casinca,4.4
2B147,Lozzi,0.0
2B148,Lucciana,4.5
2B149,Lugo-di-Nazza,0.0
2B150,Lumio,5.5
2B152,Luri,5.2
2B153,Manso,0.0
2B155,Matra,0.0
2B156,Mausoléo,0.0
2B157,Mazzola,0.0
2B159,Meria,5.1
2B161,Moïta,0.0
2B162,Moltifao,0.0
2B164,Monacia-d'Orezza,0.0
2B165,Moncale,2.9
2B166,Monte,0.0
2B167,Montegrosso,1.4
2B168,Monticello,4.7
2B169,Morosaglia,8.4
2B170,Morsiglia,6.9
2B171,Muracciole,0.3
2B172,Murato,1.3
2B173,Muro,2.1
2B175,Nessa,0.4
2B176,Nocario,2.8
2B177,Noceta,0.3
2B178,Nonza,0.9
2B179,Novale,0.0
2B180,Novella,0.0
2B182,Occhiatana,0.0
2B183,Ogliastro,0.0
2B184,Olcani,0.0
2B185,Oletta,5.7
2B187,Olmeta-di-Capocorso,0.0
2B188,Olmeta-di-Tuda,4.7
2B190,Olmi-Cappella,0.0
2B192,Olmo,1.9
2B193,Omessa,1.6
2B194,Ortale,0.0
2B195,Ortiporio,0.0
2B199,Palasca,0.0
2B201,Pancheraccia,0.0
2B202,Parata,0.0
2B205,Patrimonio,6.1
2B206,Penta-Acquatella,0.0
2B207,Penta-di-Casinca,7.0
2B208,Perelli,0.0
2B210,Pero-Casevecchie,0.0
2B213,Pianello,0.0
2B214,Piano,3.8
2B216,Piazzali,0.0
2B217,Piazzole,0.0
2B218,Piedicorte-di-Gaggio,0.0
2B219,Piedicroce,0.0
2B220,Piedigriggio,0.0
2B221,Piedipartino,0.0
2B222,Pie-d'Orezza,0.0
2B223,Pietralba,0.0
2B224,Pietracorbara,2.1
2B225,Pietra-di-Verde,0.3
2B226,Pietraserena,0.0
2B227,Pietricaggio,0.0
2B229,Pietroso,0.0
2B230,Piève,0.6
2B231,Pigna,3.9
2B233,Pino,0.0
2B234,Piobetta,0.0
2B235,Pioggiola,0.0
2B236,Poggio-di-Nazza,0.0
2B238,Poggio-di-Venaco,4.0
2B239,Poggio-d'Oletta,3.9
2B241,Poggio-Marinaccio,0.0
2B242,Poggio-Mezzana,1.4
2B243,Polveroso,2.8
2B244,Popolasca,0.0
2B245,Porri,6.3
2B246,La Porta,2.8
2B248,Prato-di-Giovellina,0.0
2B250,Prunelli-di-Casacconi,2.3
2B251,Prunelli-di-Fiumorbo,6.5
2B252,Pruno,0.0
2B255,Quercitello,5.6
2B256,Rapaggio,0.0
2B257,Rapale,0.6
2B260,Riventosa,4.0
2B261,Rogliano,7.4
2B263,Rospigliani,0.0
2B264,Rusio,0.0
2B265,Rutali,1.3
2B267,Saliceto,2.8
2B273,Scata,0.0
2B274,Scolca,4.3
2B275,Sermano,0.0
2B277,Serra-di-Fiumorbo,0.0
2B280,Silvareccio,4.4
2B281,Sisco,0.8
2B283,Solaro,7.4
2B286,Sorbo-Ocagnano,7.7
2B287,Sorio,0.0
2B289,Soveria,3.2
2B290,Speloncato,0.0
2B291,Stazzona,0.0
2B292,Sant'Andréa-di-Bozio,0.0
2B293,Sant'Andréa-di-Cotone,3.2
2B296,Sant'Antonino,2.5
2B297,San-Damiano,0.0
2B298,Saint-Florent,7.4
2B299,San-Gavino-d'Ampugnani,0.0
2B301,San-Gavino-di-Tenda,0.6
2B302,San-Giovanni-di-Moriani,2.3
2B303,San-Giuliano,3.9
2B304,San-Lorenzo,0.0
2B305,San-Martino-di-Lota,3.6
2B306,Santa-Lucia-di-Mercurio,0.0
2B307,Santa-Lucia-di-Moriani,3.7
2B309,Santa-Maria-di-Lota,1.8
2B311,Santa-Maria-Poggio,4.6
2B313,San-Nicolao,3.7
2B314,Santo-Pietro-di-Tenda,0.6
2B315,Santo-Pietro-di-Venaco,4.0
2B316,Santa-Reparata-di-Balagna,5.0
2B317,Santa-Reparata-di-Moriani,0.0
2B318,Taglio-Isolaccio,0.0
2B319,Talasani,1.4
2B320,Tallone,0.0
2B321,Tarrano,0.0
2B327,Tomino,5.1
2B328,Tox,0.0
2B329,Tralonca,1.6
2B332,Urtaca,0.0
2B333,Vallecalle,2.9
2B334,Valle-d'Alesani,0.0
2B335,Valle-di-Campoloro,4.6
2B337,Valle-di-Rostino,5.6
2B338,Valle-d'Orezza,0.0
2B339,Vallica,0.0
2B340,Velone-Orneto,0.0
2B341,Venaco,2.4
2B342,Ventiseri,1.4
2B343,Venzolasca,6.0
2B344,Verdèse,0.0
2B346,Vescovato,6.9
2B347,Vezzani,0.0
2B350,Vignale,4.4
2B352,Ville-di-Paraso,0.0
2B353,Ville-di-Pietrabugno,2.6
2B354,Vivario,0.6
2B355,Volpajola,4.3
2B356,Zalana,0.0
2B361,Zilia,1.9
2B364,Zuani,0.0
2B365,San-Gavino-di-Fiumorbo,2.2
2B366,Chisa,0.0
30001,Aigaliers,2.9
30002,Aigremont,3.6
30003,Aigues-Mortes,3.6
30004,Aigues-Vives,5.1
30005,Aiguèze,1.3
30006,Aimargues,5.6
30007,Alès,3.6
30008,Allègre-les-Fumades,2.6
30009,Alzon,0.2
30010,Anduze,3.0
30011,Les Angles,3.7
30012,Aramon,4.1
30013,Argilliers,4.0
30014,Arpaillargues-et-Aureillac,4.4
30015,Arphy,2.5
30016,Arre,2.7
30017,Arrigas,1.7
30018,Aspères,2.1
30019,Aubais,4.0
30020,Aubord,3.5
30021,Aubussargues,3.7
30022,Aujac,1.1
30023,Aujargues,3.1
30024,Aulas,3.6
30025,Aumessas,1.7
30026,Avèze,3.8
30027,Bagard,4.0
30028,Bagnols-sur-Cèze,2.8
30029,Barjac,2.9
30030,Baron,2.5
30031,La Bastide-d'Engras,2.2
30032,Beaucaire,2.6
30033,Beauvoisin,2.9
30034,Bellegarde,3.6
30035,Belvézet,1.5
30036,Bernis,3.5
30037,Bessèges,4.6
30038,Bez-et-Esparon,2.7
30039,Bezouce,4.4
30040,Blandas,0.0
30041,Blauzac,3.8
30042,Boisset-et-Gaujac,2.8
30043,Boissières,4.2
30044,Bonnevaux,0.0
30045,Bordezac,2.3
30046,Boucoiran-et-Nozières,3.5
30047,Bouillargues,4.4
30048,Bouquet,0.7
30049,Bourdic,4.1
30050,Bragassargues,4.4
30051,Branoux-les-Taillades,2.6
30052,Bréau-Mars,3.6
30053,Brignon,3.0
30054,Brouzet-lès-Quissac,4.6
30055,Brouzet-lès-Alès,1.0
30056,La Bruguière,2.5
30057,Cabrières,2.9
30058,La Cadière-et-Cambo,5.5
30059,Le Cailar,4.0
30060,Caissargues,5.1
30061,La Calmette,3.7
30062,Calvisson,4.0
30064,Campestre-et-Luc,0.0
30065,Canaules-et-Argentières,4.3
30066,Cannes-et-Clairan,3.4
30067,La Capelle-et-Masmolène,2.6
30068,Cardet,3.0
30069,Carnas,3.2
30070,Carsan,2.0
30071,Cassagnoles,2.9
30072,Castelnau-Valence,3.4
30073,Castillon-du-Gard,3.7
30074,Causse-Bégon,0.8
30075,Caveirac,2.9
30076,Cavillargues,2.6
30077,Cendras,3.3
30079,Chambon,4.4
30080,Chamborigaud,3.4
30081,Chusclan,2.3
30082,Clarensac,3.2
30083,Codognan,5.5
30084,Codolet,2.0
30085,Collias,3.3
30086,Collorgues,4.1
30087,Colognac,0.0
30088,Combas,3.0
30089,Comps,4.2
30090,Concoules,4.2
30091,Congénies,3.9
30092,Connaux,2.8
30093,Conqueyrac,5.0
30094,Corbès,3.5
30095,Corconne,5.5
30096,Cornillon,3.5
30097,Courry,3.8
30098,Crespian,2.9
30099,Cros,2.3
30100,Cruviers-Lascours,2.6
30101,Deaux,2.3
30102,Dions,3.7
30103,Domazan,2.5
30104,Domessargues,2.8
30105,Dourbies,0.0
30106,Durfort-et-Saint-Martin-de-Sossenac,4.5
30107,Estézargues,3.0
30108,L'Estréchure,1.0
30109,Euzet,1.2
30110,Flaux,3.3
30111,Foissac,3.1
30112,Fons,3.3
30113,Fons-sur-Lussan,0.9
30114,Fontanès,3.1
30115,Fontarèches,2.5
30116,Fournès,4.0
30117,Fourques,4.7
30119,Fressac,3.5
30120,Gagnières,4.3
30121,Gailhan,3.7
30122,Gajan,3.3
30123,Gallargues-le-Montueux,5.6
30124,Le Garn,0.6
30125,Garons,4.1
30126,Garrigues-Sainte-Eulalie,4.0
30127,Gaujac,2.1
30128,Générac,3.0
30129,Générargues,2.3
30130,Génolhac,2.2
30131,Goudargues,3.5
30132,La Grand-Combe,3.1
30133,Le Grau-du-Roi,3.7
30134,Issirac,0.2
30135,Jonquières-Saint-Vincent,2.9
30136,Junas,3.1
30137,Lamelouze,0.1
30138,Langlade,3.3
30139,Lanuéjols,3.0
30140,Lasalle,0.7
30141,Laudun-l'Ardoise,2.5
30142,Laval-Pradel,2.5
30143,Laval-Saint-Roman,1.0
30144,Lecques,3.9
30145,Lédenon,3.7
30146,Lédignan,3.8
30147,Lézan,3.7
30148,Liouc,4.5
30149,Lirac,1.6
30150,Logrian-Florian,5.2
30151,Lussan,1.2
30152,Les Mages,3.0
30153,Malons-et-Elze,1.5
30154,Mandagout,1.5
30155,Manduel,3.6
30156,Marguerittes,3.4
30158,Martignargues,2.3
30159,Le Martinet,5.8
30160,Maruéjols-lès-Gardon,3.4
30161,Massanes,3.0
30162,Massillargues-Attuech,2.3
30163,Mauressargues,2.6
30164,Méjannes-le-Clap,1.5
30165,Méjannes-lès-Alès,2.7
30166,Meynes,4.2
30167,Meyrannes,4.3
30168,Mialet,2.7
30169,Milhaud,4.9
30170,Molières-Cavaillac,3.6
30171,Molières-sur-Cèze,4.9
30172,Monoblet,2.1
30173,Mons,2.4
30174,Montaren-et-Saint-Médiers,4.3
30175,Montclus,3.3
30176,Montdardier,2.3
30177,Monteils,2.3
30178,Montfaucon,2.6
30179,Montfrin,3.6
30180,Montignargues,2.9
30181,Montmirat,3.2
30182,Montpezat,3.0
30183,Moulézan,2.4
30184,Moussac,3.3
30185,Mus,5.1
30186,Nages-et-Solorgues,3.7
30187,Navacelles,1.5
30188,Ners,2.9
30189,Nîmes,4.1
30191,Orsan,2.5
30192,Orthoux-Sérignac-Quilhan,4.0
30193,Parignargues,3.3
30194,Peyremale,3.3
30195,Peyrolles,2.9
30196,Le Pin,2.2
30197,Les Plans,1.8
30198,Les Plantiers,0.0
30199,Pommiers,2.3
30200,Pompignan,2.7
30201,Ponteils-et-Brésis,1.5
30202,Pont-Saint-Esprit,2.8
30203,Portes,4.1
30204,Potelières,2.3
30205,Pougnadoresse,2.4
30206,Poulx,2.2
30207,Pouzilhac,1.8
30208,Puechredon,3.8
30209,Pujaut,2.4
30210,Quissac,5.1
30211,Redessan,3.8
30212,Remoulins,4.6
30213,Revens,0.0
30214,Ribaute-les-Tavernes,2.4
30215,Rivières,2.6
30216,Robiac-Rochessadoule,4.8
30217,Rochefort-du-Gard,2.8
30218,Rochegude,2.8
30219,Rogues,0.0
30220,Roquedur,5.0
30221,Roquemaure,2.5
30222,La Roque-sur-Cèze,3.3
30223,Rousson,2.9
30224,La Rouvière,3.5
30225,Sabran,1.0
30226,Saint-Alexandre,2.6
30227,Saint-Ambroix,4.1
30228,Sainte-Anastasie,3.2
30229,Saint-André-de-Majencoules,4.4
30230,Saint-André-de-Roquepertuis,3.9
30231,Saint-André-de-Valborgne,0.0
30232,Saint-André-d'Olérargues,3.8
30233,Saint-Bauzély,3.1
30234,Saint-Bénézet,3.5
30235,Saint-Bonnet-du-Gard,3.9
30236,Saint-Bonnet-de-Salendrinque,1.0
30237,Saint-Brès,3.6
30238,Saint-Bresson,2.1
30239,Sainte-Cécile-d'Andorge,2.5
30240,Saint-Césaire-de-Gauzignan,2.2
30241,Saint-Chaptes,3.9
30242,Saint-Christol-de-Rodières,1.7
30243,Saint-Christol-lez-Alès,3.9
30244,Saint-Clément,2.9
30245,Saint-Côme-et-Maruéjols,3.5
30246,Sainte-Croix-de-Caderle,1.0
30247,Saint-Denis,3.0
30248,Saint-Dézéry,3.5
30249,Saint-Dionisy,3.5
30250,Saint-Étienne-de-l'Olm,2.1
30251,Saint-Étienne-des-Sorts,1.2
30252,Saint-Félix-de-Pallières,1.8
30253,Saint-Florent-sur-Auzonnet,4.0
30254,Saint-Geniès-de-Comolas,2.7
30255,Saint-Geniès-de-Malgoirès,3.4
30256,Saint-Gervais,3.9
30257,Saint-Gervasy,4.0
30258,Saint-Gilles,2.4
30259,Saint-Hilaire-de-Brethmas,3.8
30260,Saint-Hilaire-d'Ozilhan,2.8
30261,Saint-Hippolyte-de-Caton,1.7
30262,Saint-Hippolyte-de-Montaigu,3.3
30263,Saint-Hippolyte-du-Fort,4.1
30264,Saint-Jean-de-Ceyrargues,1.7
30265,Saint-Jean-de-Crieulon,6.0
30266,Saint-Jean-de-Maruéjols-et-Avéjan,3.1
30267,Saint-Jean-de-Serres,3.6
30268,Saint-Jean-de-Valériscle,3.4
30269,Saint-Jean-du-Gard,3.2
30270,Saint-Jean-du-Pin,3.3
30271,Saint-Julien-de-Cassagnas,2.1
30272,Saint-Julien-de-la-Nef,6.7
30273,Saint-Julien-de-Peyrolas,1.4
30274,Saint-Julien-les-Rosiers,3.9
30275,Saint-Just-et-Vacquières,0.9
30276,Saint-Laurent-d'Aigouze,5.0
30277,Saint-Laurent-de-Carnols,4.4
30278,Saint-Laurent-des-Arbres,3.0
30279,Saint-Laurent-la-Vernède,3.4
30280,Saint-Laurent-le-Minier,3.9
30281,Saint-Mamert-du-Gard,2.5
30282,Saint-Marcel-de-Careiret,4.2
30283,Saint-Martial,0.0
30284,Saint-Martin-de-Valgalgues,3.5
30285,Saint-Maurice-de-Cazevieille,2.2
30286,Saint-Maximin,5.0
30287,Saint-Michel-d'Euzet,4.3
30288,Saint-Nazaire,2.7
30289,Saint-Nazaire-des-Gardies,4.8
30290,Saint-Paulet-de-Caisson,1.7
30291,Saint-Paul-la-Coste,0.1
30292,Saint-Pons-la-Calm,2.1
30293,Saint-Privat-de-Champclos,2.0
30294,Saint-Privat-des-Vieux,3.0
30295,Saint-Quentin-la-Poterie,3.2
30296,Saint-Roman-de-Codières,0.7
30297,Saint-Sauveur-Camprieu,0.0
30298,Saint-Sébastien-d'Aigrefeuille,2.2
30299,Saint-Siffret,3.5
30300,Saint-Théodorit,3.6
30301,Saint-Victor-des-Oules,3.0
30302,Saint-Victor-la-Coste,1.5
30303,Saint-Victor-de-Malcap,2.9
30304,Salazac,3.0
30305,Salindres,2.5
30306,Salinelles,2.3
30307,Les Salles-du-Gardon,3.2
30308,Sanilhac-Sagriès,3.6
30309,Sardan,4.0
30310,Saumane,0.0
30311,Sauve,5.6
30312,Sauveterre,2.2
30313,Sauzet,4.1
30314,Savignargues,4.5
30315,Saze,3.2
30316,Sénéchas,2.1
30317,Sernhac,4.0
30318,Servas,2.4
30319,Serviers-et-Labaume,4.0
30320,Seynes,0.9
30321,Sommières,3.0
30322,Soudorgues,0.0
30323,Soustelle,0.9
30324,Souvignargues,3.4
30325,Sumène,3.9
30326,Tavel,2.8
30327,Tharaux,2.2
30328,Théziers,2.9
30329,Thoiras,2.7
30330,Tornac,3.8
30331,Tresques,2.7
30332,Trèves,0.0
30333,Uchaud,3.5
30334,Uzès,4.6
30335,Vabres,1.3
30336,Vallabrègues,2.2
30337,Vallabrix,3.1
30338,Vallérargues,1.3
30339,Val-d'Aigoual,3.9
30340,Valliguières,2.4
30341,Vauvert,3.6
30342,Vénéjan,1.9
30343,Verfeuil,3.9
30344,Vergèze,4.4
30345,La Vernarède,3.4
30346,Vers-Pont-du-Gard,4.9
30347,Vestric-et-Candiac,3.3
30348,Vézénobres,3.2
30349,Vic-le-Fesq,3.3
30350,Le Vigan,4.0
30351,Villeneuve-lès-Avignon,4.1
30352,Villevieille,2.7
30353,Vissec,0.0
30354,Montagnac,2.1
30355,Saint-Paul-les-Fonts,2.2
30356,Rodilhan,3.7
31001,Agassac,2.8
31002,Aignes,3.1
31003,Aigrefeuille,3.6
31004,Ayguesvives,4.9
31005,Alan,3.6
31006,Albiac,1.9
31007,Ambax,2.9
31008,Anan,2.2
31009,Antichan-de-Frontignes,1.8
31010,Antignac,6.4
31011,Arbas,0.9
31012,Arbon,2.4
31013,Ardiège,3.2
31014,Arguenos,0.8
31015,Argut-Dessous,2.0
31017,Arlos,2.0
31018,Arnaud-Guilhem,3.3
31019,Artigue,3.1
31020,Aspet,2.3
31021,Aspret-Sarrat,3.9
31022,Aucamville,5.1
31023,Aulon,3.0
31024,Auragne,4.4
31025,Aureville,4.5
31026,Auriac-sur-Vendinelle,2.3
31027,Auribail,3.4
31028,Aurignac,2.9
31029,Aurin,2.5
31030,Ausseing,2.1
31031,Ausson,3.6
31032,Aussonne,5.1
31033,Auterive,4.2
31034,Auzas,3.5
31035,Auzeville-Tolosane,3.5
31036,Auzielle,4.3
31037,Avignonet-Lauragais,5.4
31038,Azas,3.8
31039,Bachas,3.2
31040,Bachos,3.8
31041,Bagiry,2.1
31042,Bagnères-de-Luchon,6.2
31043,Balesta,1.0
31044,Balma,7.7
31045,Barbazan,3.6
31046,Baren,2.4
31047,Bax,2.5
31048,Baziège,4.2
31049,Bazus,5.0
31050,Beauchalot,3.7
31051,Beaufort,2.2
31052,Beaumont-sur-Lèze,4.8
31053,Beaupuy,5.1
31054,Beauteville,5.4
31055,Beauville,3.3
31056,Beauzelle,4.0
31057,Belberaud,4.9
31058,Belbèze-de-Lauragais,4.6
31059,Belbèze-en-Comminges,2.5
31060,Bélesta-en-Lauragais,3.1
31061,Bellegarde-Sainte-Marie,3.1
31062,Bellesserre,1.3
31063,Benque,1.7
31064,Benque-Dessous-et-Dessus,5.3
31065,Bérat,3.6
31066,Bessières,2.6
31067,Bezins-Garraux,2.1
31068,Billière,4.9
31069,Blagnac,4.2
31070,Blajan,3.1
31071,Bois-de-la-Pierre,3.2
31072,Boissède,3.6
31073,Bondigoux,2.5
31074,Bonrepos-Riquet,4.1
31075,Bonrepos-sur-Aussonnelle,2.6
31076,Bordes-de-Rivière,3.2
31077,Le Born,2.4
31078,Boudrac,1.1
31079,Bouloc,3.7
31080,Boulogne-sur-Gesse,3.6
31081,Bourg-d'Oueil,0.9
31082,Bourg-Saint-Bernard,3.0
31083,Boussan,2.5
31084,Boussens,5.4
31085,Boutx,2.0
31086,Bouzin,3.3
31087,Bragayrac,3.9
31088,Brax,3.1
31089,Bretx,3.8
31090,Brignemont,2.7
31091,Bruguières,5.2
31092,Burgalays,3.1
31093,Le Burgaud,2.6
31094,Buzet-sur-Tarn,3.5
31095,Cabanac-Cazaux,3.4
31096,Cabanac-Séguenville,2.1
31097,Le Cabanial,2.5
31098,Cadours,2.8
31099,Caignac,4.0
31100,Calmont,4.1
31101,Cambernard,3.2
31102,Cambiac,2.9
31103,Canens,3.4
31104,Capens,6.1
31105,Caragoudes,2.6
31106,Caraman,2.3
31107,Carbonne,4.6
31108,Cardeilhac,1.8
31109,Cassagnabère-Tournas,3.0
31110,Cassagne,3.5
31111,Castagnac,3.9
31112,Castagnède,2.2
31113,Castanet-Tolosan,4.7
31114,Castelbiague,1.9
31115,Castelgaillard,1.4
31116,Castelginest,3.8
31117,Castelmaurou,4.0
31118,Castelnau-d'Estrétefonds,3.9
31119,Castelnau-Picampeau,1.1
31120,Le Castéra,3.1
31121,Castéra-Vignoles,2.4
31122,Casties-Labrande,0.4
31123,Castillon-de-Larboust,5.3
31124,Castillon-de-Saint-Martory,3.2
31125,Cathervielle,3.6
31126,Caubiac,2.3
31127,Caubous,2.7
31128,Caujac,3.6
31129,Cazarilh-Laspènes,5.3
31130,Cazaril-Tambourès,0.0
31131,Cazaunous,1.5
31132,Cazaux-Layrisse,4.5
31133,Cazeaux-de-Larboust,4.9
31134,Cazeneuve-Montaut,2.9
31135,Cazères,3.9
31136,Cépet,3.7
31137,Cessales,3.9
31138,Charlas,2.7
31139,Chaum,2.2
31140,Chein-Dessus,1.7
31141,Ciadoux,2.7
31142,Cier-de-Luchon,6.0
31143,Cier-de-Rivière,3.7
31144,Cierp-Gaud,3.9
31145,Cintegabelle,3.5
31146,Cirès,2.7
31147,Clarac,3.6
31148,Clermont-le-Fort,5.5
31149,Colomiers,4.9
31150,Cornebarrieu,4.5
31151,Corronsac,4.8
31152,Coueilles,2.2
31153,Couladère,3.8
31155,Couret,3.3
31156,Cox,1.2
31157,Cugnaux,3.5
31158,Cuguron,2.4
31159,Le Cuing,2.3
31160,Daux,4.5
31161,Deyme,3.5
31162,Donneville,4.5
31163,Drémil-Lafage,3.4
31164,Drudas,2.2
31165,Eaunes,4.1
31166,Empeaux,2.1
31167,Encausse-les-Thermes,4.2
31168,Eoux,1.4
31169,Escalquens,4.4
31170,Escanecrabe,3.4
31171,Espanès,3.9
31172,Esparron,2.0
31173,Esperce,2.8
31174,Estadens,2.5
31175,Estancarbon,2.8
31176,Esténos,2.2
31177,Eup,2.1
31178,Fabas,1.4
31179,Le Faget,1.6
31180,Falga,2.6
31181,Le Fauga,4.9
31182,Fenouillet,4.9
31183,Figarol,3.0
31184,Flourens,3.8
31185,Folcarde,3.4
31186,Fonbeauzard,3.6
31187,Fonsorbes,3.6
31188,Fontenilles,3.2
31189,Forgues,2.6
31190,Fos,2.0
31191,Fougaron,0.0
31192,Fourquevaux,3.8
31193,Le Fousseret,2.9
31194,Francarville,2.3
31195,Francazal,1.7
31196,Francon,1.8
31197,Franquevielle,1.6
31198,Le Fréchet,4.6
31199,Fronsac,2.3
31200,Frontignan-de-Comminges,1.8
31201,Frontignan-Savès,4.4
31202,Fronton,3.1
31203,Frouzins,4.4
31204,Fustignac,0.7
31205,Gagnac-sur-Garonne,4.4
31206,Gaillac-Toulza,2.1
31207,Galié,2.2
31208,Ganties,3.0
31209,Garac,2.6
31210,Gardouch,6.0
31211,Gargas,4.1
31212,Garidech,6.7
31213,Garin,4.9
31215,Gauré,3.4
31216,Gémil,5.7
31217,Génos,2.1
31218,Gensac-de-Boulogne,3.6
31219,Gensac-sur-Garonne,3.8
31220,Gibel,4.0
31221,Gouaux-de-Larboust,3.2
31222,Gouaux-de-Luchon,3.5
31223,Goudex,2.9
31224,Gourdan-Polignan,2.9
31225,Goutevernisse,3.1
31226,Gouzens,3.0
31227,Goyrans,3.6
31228,Gragnague,6.6
31229,Gratens,3.0
31230,Gratentour,3.3
31231,Grazac,3.7
31232,Grenade,4.0
31233,Grépiac,4.5
31234,Le Grès,2.6
31235,Guran,3.1
31236,Herran,0.0
31237,His,2.6
31238,Huos,3.0
31239,L'Isle-en-Dodon,3.6
31240,Issus,3.9
31241,Izaut-de-l'Hôtel,3.4
31242,Jurvielle,3.6
31243,Juzes,3.5
31244,Juzet-de-Luchon,6.2
31245,Juzet-d'Izaut,2.1
31246,Labarthe-Inard,2.8
31247,Labarthe-Rivière,3.9
31248,Labarthe-sur-Lèze,5.3
31249,Labastide-Beauvoir,3.9
31250,Labastide-Clermont,2.4
31251,Labastide-Paumès,0.8
31252,Labastide-Saint-Sernin,3.1
31253,Labastidette,3.8
31254,Labège,6.1
31255,Labroquère,2.8
31256,Labruyère-Dorsa,4.3
31258,Lacaugne,3.5
31259,Lacroix-Falgarde,4.2
31260,Laffite-Toupière,3.3
31261,Lafitte-Vigordane,5.5
31262,Lagarde,4.8
31263,Lagardelle-sur-Lèze,4.6
31264,Lagrâce-Dieu,3.8
31265,Lagraulet-Saint-Nicolas,1.2
31266,Lahage,3.1
31267,Lahitère,2.5
31268,Lalouret-Laffiteau,1.5
31269,Lamasquère,4.0
31270,Landorthe,2.3
31271,Lanta,3.8
31272,Lapeyrère,2.9
31273,Lapeyrouse-Fossat,4.0
31274,Larcan,1.6
31275,Laréole,1.9
31276,Larroque,1.0
31277,Lasserre-Pradère,3.2
31278,Latoue,3.0
31279,Latour,2.9
31280,Latrape,2.9
31281,Launac,3.1
31282,Launaguet,4.5
31283,Lautignac,1.2
31284,Lauzerville,4.2
31285,Lavalette,4.1
31286,Lavelanet-de-Comminges,6.5
31287,Lavernose-Lacasse,4.6
31288,Layrac-sur-Tarn,2.5
31289,Lécussan,1.8
31290,Lège,4.9
31291,Léguevin,4.0
31292,Lescuns,3.0
31293,Lespinasse,4.6
31294,Lespiteau,4.1
31295,Lespugue,2.0
31296,Lestelle-de-Saint-Martory,4.2
31297,Lévignac,3.9
31299,Lherm,3.4
31300,Lieoux,2.5
31301,Lilhac,2.0
31302,Lodes,1.6
31303,Longages,5.0
31304,Loubens-Lauragais,2.3
31305,Loudet,1.4
31306,Lourde,1.9
31308,Luscan,2.4
31309,Lussan-Adeilhac,1.2
31310,Lux,4.5
31311,La Magdelaine-sur-Tarn,2.8
31312,Mailholas,2.6
31313,Malvezie,2.9
31314,Mancioux,4.2
31315,Mane,3.0
31316,Marignac,3.5
31317,Marignac-Lasclares,2.7
31318,Marignac-Laspeyres,3.6
31319,Marliac,1.5
31320,Marquefave,5.1
31321,Marsoulas,2.2
31322,Martisserre,4.2
31323,Martres-de-Rivière,3.4
31324,Martres-Tolosane,4.9
31325,Mascarville,1.8
31326,Massabrac,5.1
31327,Mauran,3.8
31328,Mauremont,5.1
31329,Maurens,3.3
31330,Mauressac,4.2
31331,Maureville,2.5
31332,Mauvaisin,3.4
31333,Mauvezin,2.9
31334,Mauzac,6.4
31335,Mayrègne,3.1
31336,Mazères-sur-Salat,3.8
31337,Melles,1.4
31338,Menville,3.7
31339,Mérenvielle,2.9
31340,Mervilla,4.6
31341,Merville,3.4
31342,Milhas,2.1
31343,Mirambeau,4.2
31344,Miramont-de-Comminges,3.9
31345,Miremont,4.4
31346,Mirepoix-sur-Tarn,2.5
31347,Molas,2.8
31348,Moncaup,0.8
31349,Mondavezan,4.5
31350,Mondilhan,3.8
31351,Mondonville,4.5
31352,Mondouzil,4.5
31353,Monès,1.8
31354,Monestrol,4.6
31355,Mons,4.2
31356,Montaigut-sur-Save,4.0
31357,Montastruc-de-Salies,2.3
31358,Montastruc-la-Conseillère,3.8
31359,Montastruc-Savès,0.6
31360,Montauban-de-Luchon,6.2
31361,Montaut,4.3
31362,Montberaud,1.5
31363,Montbernard,2.5
31364,Montberon,3.7
31365,Montbrun-Bocage,2.2
31366,Montbrun-Lauragais,4.7
31367,Montclar-de-Comminges,2.9
31368,Montclar-Lauragais,5.4
31369,Mont-de-Galié,0.9
31370,Montégut-Bourjac,1.9
31371,Montégut-Lauragais,3.4
31372,Montespan,2.8
31373,Montesquieu-Guittaut,2.5
31374,Montesquieu-Lauragais,5.0
31375,Montesquieu-Volvestre,3.3
31376,Montgaillard-de-Salies,2.5
31377,Montgaillard-Lauragais,4.9
31378,Montgaillard-sur-Save,2.7
31379,Montgazin,3.8
31380,Montgeard,4.3
31381,Montgiscard,3.9
31382,Montgras,2.8
31383,Montjoire,3.0
31384,Montlaur,4.7
31385,Montmaurin,2.0
31386,Montoulieu-Saint-Bernard,2.7
31387,Montoussin,2.1
31388,Montpitol,3.8
31389,Montrabé,6.2
31390,Montréjeau,2.9
31391,Montsaunès,3.1
31392,Mourvilles-Basses,3.4
31393,Mourvilles-Hautes,3.4
31394,Moustajon,6.9
31395,Muret,5.9
31396,Nailloux,4.9
31397,Nénigan,2.8
31398,Nizan-Gesse,2.0
31399,Noé,5.4
31400,Nogaret,3.3
31401,Noueilles,4.6
31402,Odars,4.2
31403,Ondes,4.3
31404,Oô,4.9
31405,Ore,2.3
31406,Palaminy,2.8
31407,Paulhac,3.6
31408,Payssous,3.2
31409,Péchabou,4.8
31410,Pechbonnieu,4.1
31411,Pechbusque,4.3
31412,Péguilhan,2.8
31413,Pelleport,2.7
31414,Peyrissas,1.4
31415,Peyrouzet,2.3
31416,Peyssies,4.5
31417,Pibrac,5.2
31418,Pin-Balma,4.9
31419,Le Pin-Murelet,2.1
31420,Pinsaguel,4.6
31421,Pins-Justaret,4.9
31422,Plagne,1.5
31423,Plagnole,1.2
31424,Plaisance-du-Touch,3.6
31425,Le Plan,2.7
31426,Pointis-de-Rivière,3.7
31427,Pointis-Inard,3.9
31428,Polastron,0.1
31429,Pompertuzat,4.6
31430,Ponlat-Taillebourg,3.3
31431,Portet-d'Aspet,0.0
31432,Portet-de-Luchon,4.5
31433,Portet-sur-Garonne,5.5
31434,Poubeau,3.6
31435,Poucharramet,2.9
31436,Pouy-de-Touges,0.8
31437,Pouze,4.4
31439,Préserville,3.9
31440,Proupiary,2.7
31441,Prunet,2.5
31442,Puydaniel,3.4
31443,Puymaurin,3.2
31444,Puysségur,1.6
31445,Quint-Fonsegrives,5.9
31446,Ramonville-Saint-Agne,5.0
31447,Razecueillé,1.9
31448,Rebigue,4.8
31449,Régades,3.7
31450,Renneville,5.6
31451,Revel,4.2
31452,Rieucazé,4.0
31453,Rieumajou,3.2
31454,Rieumes,2.5
31455,Rieux-Volvestre,4.0
31456,Riolas,1.4
31457,Roquefort-sur-Garonne,4.8
31458,Roques,5.2
31459,Roquesérière,4.2
31460,Roquettes,4.2
31461,Rouède,2.6
31462,Rouffiac-Tolosan,4.5
31463,Roumens,2.9
31464,Sabonnères,3.0
31465,Saccourvielle,4.4
31466,Saiguède,2.5
31467,Saint-Alban,3.3
31468,Saint-André,1.3
31469,Saint-Araille,0.5
31470,Saint-Aventin,5.3
31471,Saint-Béat-Lez,2.1
31472,Saint-Bertrand-de-Comminges,1.9
31473,Saint-Cézert,2.9
31474,Saint-Christaud,2.4
31475,Saint-Clar-de-Rivière,4.1
31476,Saint-Élix-le-Château,5.9
31477,Saint-Élix-Séglan,2.5
31478,Saint-Félix-Lauragais,3.4
31479,Saint-Ferréol-de-Comminges,3.5
31480,Sainte-Foy-d'Aigrefeuille,3.2
31481,Sainte-Foy-de-Peyrolières,2.6
31482,Saint-Frajou,1.4
31483,Saint-Gaudens,3.5
31484,Saint-Geniès-Bellevue,4.4
31485,Saint-Germier,3.6
31486,Saint-Hilaire,3.7
31487,Saint-Ignan,2.4
31488,Saint-Jean,5.2
31489,Saint-Jean-Lherm,4.1
31490,Saint-Jory,4.0
31491,Saint-Julia,3.2
31492,Saint-Julien-sur-Garonne,4.8
31493,Saint-Lary-Boujean,1.7
31494,Saint-Laurent,3.2
31495,Saint-Léon,4.6
31496,Sainte-Livrade,2.9
31497,Saint-Loup-Cammas,3.8
31498,Saint-Loup-en-Comminges,2.6
31499,Saint-Lys,3.3
31500,Saint-Mamet,5.7
31501,Saint-Marcel-Paulel,4.6
31502,Saint-Marcet,1.4
31503,Saint-Martory,4.3
31504,Saint-Médard,2.2
31505,Saint-Michel,2.1
31506,Saint-Orens-de-Gameville,4.9
31507,Saint-Paul-sur-Save,4.5
31508,Saint-Paul-d'Oueil,4.9
31509,Saint-Pé-d'Ardet,1.9
31510,Saint-Pé-Delbosc,3.1
31511,Saint-Pierre,3.9
31512,Saint-Pierre-de-Lages,3.9
31513,Saint-Plancard,0.3
31514,Saint-Rome,4.9
31515,Saint-Rustice,3.7
31516,Saint-Sauveur,3.5
31517,Saint-Sulpice-sur-Lèze,4.3
31518,Saint-Thomas,2.0
31519,Saint-Vincent,4.3
31520,Sajas,0.8
31521,Saleich,1.4
31522,Salerm,1.4
31523,Salies-du-Salat,2.9
31524,Salles-et-Pratviel,6.4
31525,Salles-sur-Garonne,4.5
31526,La Salvetat-Saint-Gilles,4.5
31527,La Salvetat-Lauragais,2.0
31528,Saman,1.7
31529,Samouillan,1.8
31530,Sana,3.0
31531,Sarrecave,1.0
31532,Sarremezan,1.8
31533,Saubens,3.5
31534,Saussens,3.0
31535,Sauveterre-de-Comminges,3.8
31536,Saux-et-Pomarède,2.4
31537,Savarthès,2.7
31538,Savères,2.3
31539,Sédeilhac,0.6
31540,Ségreville,2.8
31541,Seilh,5.2
31542,Seilhan,2.6
31543,Sénarens,0.8
31544,Sengouagnet,2.1
31545,Sepx,3.0
31546,Seyre,5.4
31547,Seysses,4.8
31548,Signac,3.5
31549,Sode,4.9
31550,Soueich,3.2
31551,Tarabel,3.0
31552,Terrebasse,2.4
31553,Thil,3.6
31554,Touille,2.4
31555,Toulouse,4.6
31556,Les Tourreilles,2.2
31557,Tournefeuille,4.9
31558,Toutens,3.5
31559,Trébons-de-Luchon,5.3
31560,Trébons-sur-la-Grasse,5.3
31561,L'Union,6.3
31562,Urau,1.7
31563,Vacquiers,4.3
31564,Valcabrère,2.8
31565,Valentine,4.3
31566,Vallègue,4.9
31567,Vallesvilles,3.7
31568,Varennes,4.0
31569,Vaudreuille,4.2
31570,Vaux,3.4
31571,Vendine,2.6
31572,Venerque,4.7
31573,Verfeil,2.9
31574,Vernet,4.5
31575,Vieille-Toulouse,4.1
31576,Vieillevigne,6.2
31577,Vignaux,2.6
31578,Vigoulet-Auzil,4.9
31579,Villariès,4.4
31580,Villate,4.3
31581,Villaudric,3.9
31582,Villefranche-de-Lauragais,5.9
31583,Villematier,3.1
31584,Villemur-sur-Tarn,2.7
31585,Villeneuve-de-Rivière,3.5
31586,Villeneuve-Lécussan,1.8
31587,Villeneuve-lès-Bouloc,3.6
31588,Villeneuve-Tolosane,4.2
31589,Villenouvelle,5.5
31590,Binos,2.7
31591,Escoulis,1.7
31592,Larra,3.6
31593,Cazac,0.8
32001,Aignan,2.4
32002,Ansan,2.1
32003,Antras,1.8
32004,Arblade-le-Bas,3.2
32005,Arblade-le-Haut,3.4
32007,Ardizas,2.8
32008,Armentieux,3.6
32009,Armous-et-Cau,2.7
32010,Arrouède,4.4
32012,Aubiet,2.8
32013,Auch,3.6
32014,Augnax,2.5
32015,Aujan-Mournède,3.9
32016,Auradé,2.7
32017,Aurensan,3.6
32018,Aurimont,4.7
32019,Auterive,3.5
32020,Aux-Aussat,2.8
32021,Avensac,4.2
32022,Avéron-Bergelle,2.5
32023,Avezan,2.5
32024,Ayguetinte,3.4
32025,Ayzieu,3.5
32026,Bajonnette,2.7
32027,Barcelonne-du-Gers,4.1
32028,Barcugnan,4.9
32029,Barran,2.4
32030,Bars,4.5
32031,Bascous,3.1
32032,Bassoues,2.4
32033,Bazian,1.5
32034,Bazugues,3.5
32035,Beaucaire,4.0
32036,Beaumarchés,3.2
32037,Beaumont,2.9
32038,Beaupuy,2.1
32039,Beccas,3.5
32040,Bédéchan,4.7
32041,Bellegarde,3.9
32042,Belloc-Saint-Clamens,2.7
32043,Belmont,2.3
32044,Béraut,4.1
32045,Berdoues,2.9
32046,Bernède,4.0
32047,Berrac,2.1
32048,Betcave-Aguin,3.3
32049,Bétous,3.4
32050,Betplan,3.8
32051,Bézéril,6.2
32052,Bezolles,3.2
32053,Bézues-Bajon,4.9
32054,Biran,1.7
32055,Bivès,2.5
32056,Blanquefort,3.4
32057,Blaziert,3.2
32058,Blousson-Sérian,1.6
32059,Bonas,3.5
32060,Boucagnères,4.3
32061,Boulaur,2.7
32062,Bourrouillan,2.9
32063,Bouzon-Gellenave,3.5
32064,Bretagne-d'Armagnac,3.9
32065,Le Brouilh-Monbert,1.7
32066,Brugnens,4.2
32067,Cabas-Loumassès,5.0
32068,Cadeilhan,2.8
32069,Cadeillan,5.1
32070,Cahuzac-sur-Adour,2.9
32071,Caillavet,2.1
32072,Callian,2.6
32073,Campagne-d'Armagnac,2.9
32075,Cassaigne,4.2
32076,Castelnau-Barbarens,1.7
32077,Castelnau-d'Anglès,2.5
32078,Castelnau-d'Arbieu,4.9
32079,Castelnau d'Auzan Labarrère,3.9
32080,Castelnau-sur-l'Auvignon,1.9
32081,Castelnavet,1.5
32082,Castéra-Lectourois,2.5
32083,Castéra-Verduzan,3.0
32084,Castéron,4.0
32085,Castet-Arrouy,4.7
32086,Castex,4.0
32087,Castex-d'Armagnac,1.7
32088,Castillon-Debats,2.2
32089,Castillon-Massas,1.8
32090,Castillon-Savès,4.1
32091,Castin,2.4
32092,Catonvielle,3.3
32093,Caumont,3.3
32094,Caupenne-d'Armagnac,2.9
32095,Caussens,3.3
32096,Cazaubon,2.3
32097,Cazaux-d'Anglès,1.9
32098,Cazaux-Savès,5.7
32099,Cazaux-Villecomtal,2.9
32100,Cazeneuve,3.7
32101,Céran,3.3
32102,Cézan,1.9
32103,Chélan,4.5
32104,Clermont-Pouyguillès,3.8
32105,Clermont-Savès,2.4
32106,Cologne,2.5
32107,Condom,4.0
32108,Corneillan,1.0
32109,Couloumé-Mondebat,2.5
32110,Courrensan,3.7
32111,Courties,3.3
32112,Crastes,1.5
32113,Cravencères,3.5
32114,Cuélas,3.3
32115,Dému,4.4
32116,Duffort,4.3
32117,Duran,3.4
32118,Durban,2.9
32119,Eauze,4.1
32120,Encausse,3.0
32121,Endoufielle,4.5
32122,Esclassan-Labastide,3.9
32123,Escornebœuf,3.9
32124,Espaon,5.1
32125,Espas,3.6
32126,Estampes,3.5
32127,Estang,0.9
32128,Estipouy,3.7
32129,Estramiac,2.7
32130,Faget-Abbatial,1.7
32131,Flamarens,3.6
32132,Fleurance,4.8
32133,Fourcès,2.7
32134,Frégouville,3.2
32135,Fustérouau,3.6
32136,Galiax,3.1
32138,Garravet,4.4
32139,Gaudonville,4.0
32140,Gaujac,3.1
32141,Gaujan,3.9
32142,Gavarret-sur-Aulouste,2.2
32143,Gazaupouy,2.1
32144,Gazax-et-Baccarisse,2.6
32145,Gée-Rivière,3.3
32146,Gimbrède,2.5
32147,Gimont,4.2
32148,Giscaro,3.2
32149,Gondrin,3.8
32150,Goutz,3.5
32151,Goux,2.8
32152,Haget,3.6
32153,Haulies,2.8
32154,Homps,4.0
32155,Le Houga,2.8
32156,Idrac-Respaillès,2.5
32157,L'Isle-Arné,2.6
32158,L'Isle-Bouzon,5.8
32159,L'Isle-de-Noé,3.1
32160,L'Isle-Jourdain,2.7
32161,Izotges,3.3
32162,Jegun,2.4
32163,Jû-Belloc,2.8
32164,Juillac,2.7
32165,Juilles,3.9
32166,Justian,2.9
32167,Laas,4.2
32169,Labarthe,5.3
32170,Labarthète,1.4
32171,Labastide-Savès,4.7
32172,Labéjan,2.8
32173,Labrihe,2.5
32174,Ladevèze-Rivière,3.4
32175,Ladevèze-Ville,2.8
32176,Lagarde,2.5
32177,Lagarde-Hachan,3.0
32178,Lagardère,4.2
32180,Lagraulet-du-Gers,3.0
32181,Laguian-Mazous,3.1
32182,Lahas,4.7
32183,Lahitte,3.5
32184,Lalanne,3.3
32185,Lalanne-Arqué,3.6
32186,Lamaguère,3.1
32187,Lamazère,2.3
32188,Lamothe-Goas,3.3
32189,Lannemaignan,2.9
32190,Lannepax,3.5
32191,Lanne-Soubiran,5.0
32192,Lannux,3.1
32193,Larée,2.0
32194,Larressingle,3.7
32195,Larroque-Engalin,2.5
32196,Larroque-Saint-Sernin,2.3
32197,Larroque-sur-l'Osse,2.7
32198,Lartigue,1.6
32199,Lasserrade,3.3
32200,Lasséran,2.9
32201,Lasseube-Propre,2.3
32202,Laujuzan,2.4
32203,Lauraët,3.8
32204,Lavardens,1.2
32205,Laveraët,2.1
32206,Laymont,3.5
32207,Leboulin,2.8
32208,Lectoure,5.1
32209,Lelin-Lapujolle,3.0
32210,Lias,3.2
32211,Lias-d'Armagnac,2.3
32212,Ligardes,1.9
32213,Lombez,5.9
32214,Loubédat,4.2
32215,Loubersan,4.6
32216,Lourties-Monbrun,3.8
32217,Louslitges,2.3
32218,Loussous-Débat,3.2
32219,Lupiac,1.4
32220,Luppé-Violles,3.4
32221,Lussan,2.4
32222,Magnan,2.9
32223,Magnas,4.8
32224,Maignaut-Tauzia,3.6
32225,Malabat,2.2
32226,Manas-Bastanous,4.2
32227,Manciet,4.5
32228,Manent-Montané,5.1
32229,Mansempuy,2.3
32230,Mansencôme,3.4
32231,Marambat,3.7
32232,Maravat,2.3
32233,Marciac,2.4
32234,Marestaing,2.6
32235,Margouët-Meymes,2.2
32236,Marguestau,1.8
32237,Marsan,3.8
32238,Marseillan,4.8
32239,Marsolan,3.5
32240,Mascaras,2.8
32241,Mas-d'Auvignon,3.3
32242,Masseube,4.5
32243,Mauléon-d'Armagnac,2.0
32244,Maulichères,2.8
32245,Maumusson-Laguian,2.0
32246,Maupas,2.5
32247,Maurens,3.2
32248,Mauroux,2.5
32249,Mauvezin,3.2
32250,Meilhan,3.7
32251,Mérens,1.2
32252,Miélan,4.3
32253,Miradoux,3.8
32254,Miramont-d'Astarac,3.6
32255,Miramont-Latour,2.1
32256,Mirande,3.3
32257,Mirannes,1.8
32258,Mirepoix,1.8
32260,Monbardon,3.4
32261,Monblanc,4.4
32262,Monbrun,3.0
32263,Moncassin,2.8
32264,Monclar,1.3
32265,Monclar-sur-Losse,5.0
32266,Moncorneil-Grazan,3.5
32267,Monferran-Plavès,3.2
32268,Monferran-Savès,2.4
32269,Monfort,2.6
32270,Mongausy,3.6
32271,Monguilhem,2.7
32272,Monlaur-Bernet,4.0
32273,Monlezun,1.8
32274,Monlezun-d'Armagnac,2.5
32275,Monpardiac,2.6
32276,Montadet,6.0
32277,Montamat,3.1
32278,Montaut,3.4
32279,Montaut-les-Créneaux,1.8
32280,Mont-d'Astarac,4.1
32281,Mont-de-Marrast,3.2
32282,Montégut,2.9
32283,Montégut-Arros,3.0
32284,Montégut-Savès,4.8
32285,Montesquiou,2.9
32286,Montestruc-sur-Gers,2.1
32287,Monties,3.6
32288,Montiron,4.7
32289,Montpezat,2.8
32290,Montréal,3.3
32291,Mormès,1.9
32292,Mouchan,3.2
32293,Mouchès,3.1
32294,Mourède,3.6
32295,Nizas,4.5
32296,Nogaro,3.8
32297,Noilhan,4.0
32298,Nougaroulet,3.5
32299,Noulens,3.5
32300,Orbessan,4.5
32301,Ordan-Larroque,1.7
32302,Ornézan,3.8
32303,Pallanne,2.8
32304,Panassac,5.5
32305,Panjas,2.4
32306,Pauilhac,4.6
32307,Pavie,4.0
32308,Pébées,4.0
32309,Pellefigue,3.6
32310,Perchède,3.5
32311,Pergain-Taillac,1.5
32312,Pessan,2.3
32313,Pessoulens,3.6
32314,Peyrecave,3.6
32315,Peyrusse-Grande,1.3
32316,Peyrusse-Massas,1.9
32317,Peyrusse-Vieille,1.3
32318,Pis,2.1
32319,Plaisance,3.0
32320,Plieux,5.0
32321,Polastron,4.1
32322,Pompiac,4.1
32323,Ponsampère,2.8
32324,Ponsan-Soubiran,3.2
32325,Pouydraguin,1.8
32326,Pouylebon,4.3
32327,Pouy-Loubrin,3.6
32328,Pouy-Roquelaure,1.2
32329,Préchac,1.8
32330,Préchac-sur-Adour,3.2
32331,Preignan,3.6
32332,Préneron,2.9
32333,Projan,2.9
32334,Pujaudran,4.0
32335,Puycasquier,2.6
32336,Puylausic,5.3
32337,Puységur,2.1
32338,Ramouzens,3.5
32339,Razengues,3.5
32340,Réans,4.5
32341,Réjaumont,2.1
32342,Ricourt,1.3
32343,Riguepeu,2.1
32344,Riscle,2.6
32345,La Romieu,2.0
32346,Roquebrune,3.1
32347,Roquefort,1.6
32348,Roquelaure,1.7
32349,Roquelaure-Saint-Aubin,3.1
32350,Roquepine,2.6
32351,Roques,3.2
32352,Rozès,2.9
32353,Sabaillan,4.0
32354,Sabazan,3.1
32355,Sadeillan,3.2
32356,Saint-André,5.6
32357,Sainte-Anne,2.0
32358,Saint-Antoine,3.4
32359,Saint-Antonin,2.3
32360,Saint-Arailles,1.6
32361,Saint-Arroman,3.9
32362,Saint-Aunix-Lengros,3.0
32363,Sainte-Aurence-Cazaux,2.5
32364,Saint-Avit-Frandat,3.0
32365,Saint-Blancard,3.0
32366,Saint-Brès,2.8
32367,Saint-Christaud,3.8
32368,Sainte-Christie,2.7
32369,Sainte-Christie-d'Armagnac,3.5
32370,Saint-Clar,4.8
32371,Saint-Créac,2.5
32372,Saint-Cricq,2.7
32373,Sainte-Dode,3.8
32374,Saint-Élix-d'Astarac,2.2
32375,Saint-Élix-Theux,3.8
32376,Sainte-Gemme,2.7
32377,Saint-Georges,2.5
32378,Saint-Germé,3.8
32379,Saint-Germier,2.9
32380,Saint-Griède,2.5
32381,Saint-Jean-le-Comtal,3.5
32382,Saint-Jean-Poutge,2.5
32383,Saint-Justin,2.1
32384,Saint-Lary,2.1
32385,Saint-Léonard,3.1
32386,Saint-Lizier-du-Planté,4.5
32387,Saint-Loube,3.6
32388,Sainte-Marie,4.0
32389,Saint-Martin,3.3
32390,Saint-Martin-d'Armagnac,3.7
32391,Saint-Martin-de-Goyne,2.1
32392,Saint-Martin-Gimois,3.6
32393,Saint-Maur,4.7
32394,Saint-Médard,3.8
32395,Sainte-Mère,3.8
32396,Saint-Mézard,1.2
32397,Saint-Michel,4.7
32398,Saint-Mont,2.7
32399,Saint-Orens,3.0
32400,Saint-Orens-Pouy-Petit,3.2
32401,Saint-Ost,4.0
32402,Saint-Paul-de-Baïse,3.3
32403,Saint-Pierre-d'Aubézies,1.8
32404,Saint-Puy,2.7
32405,Sainte-Radegonde,3.5
32406,Saint-Sauvy,4.0
32407,Saint-Soulan,4.0
32408,Salles-d'Armagnac,2.5
32409,Samaran,3.0
32410,Samatan,5.5
32411,Sansan,4.8
32412,Saramon,3.0
32413,Sarcos,3.6
32414,Sarragachies,2.9
32415,Sarraguzan,3.6
32416,Sarrant,2.0
32417,La Sauvetat,2.0
32418,Sauveterre,4.9
32419,Sauviac,3.2
32420,Sauvimont,4.2
32421,Savignac-Mona,4.7
32422,Scieurac-et-Flourès,2.4
32423,Séailles,3.3
32424,Ségos,3.7
32425,Ségoufielle,2.2
32426,Seissan,4.6
32427,Sembouès,2.3
32428,Sémézies-Cachan,2.1
32429,Sempesserre,2.1
32430,Sère,3.4
32431,Sérempuy,2.0
32432,Seysses-Savès,2.3
32433,Simorre,2.3
32434,Sion,3.5
32435,Sirac,2.6
32436,Solomiac,5.1
32437,Sorbets,3.9
32438,Tachoires,3.5
32439,Tarsac,3.3
32440,Tasque,3.9
32441,Taybosc,3.2
32442,Terraube,3.6
32443,Termes-d'Armagnac,3.9
32444,Thoux,2.9
32445,Tieste-Uragnoux,2.1
32446,Tillac,3.8
32447,Tirent-Pontéjac,4.2
32448,Touget,3.6
32449,Toujouse,2.1
32450,Tourdun,2.6
32451,Tournan,3.4
32452,Tournecoupe,3.1
32453,Tourrenquets,2.2
32454,Traversères,2.3
32455,Troncens,2.6
32456,Tudelle,2.2
32457,Urdens,3.4
32458,Urgosse,4.1
32459,Valence-sur-Baïse,3.6
32460,Vergoignan,4.2
32461,Verlus,2.5
32462,Vic-Fezensac,3.7
32463,Viella,1.4
32464,Villecomtal-sur-Arros,3.6
32465,Villefranche-d'Astarac,3.4
32466,Viozan,2.5
32467,Saint-Caprais,3.4
32468,Aussos,2.9
33001,Abzac,4.6
33002,Aillas,4.5
33003,Ambarès-et-Lagrave,4.6
33004,Ambès,1.3
33005,Andernos-les-Bains,5.0
33006,Anglade,3.0
33007,Arbanats,3.6
33008,Porte-de-Benauge,3.4
33009,Arcachon,4.5
33010,Arcins,5.3
33011,Arès,5.3
33012,Arsac,4.2
33013,Artigues-près-Bordeaux,7.2
33014,Les Artigues-de-Lussac,4.4
33015,Arveyres,5.9
33016,Asques,2.2
33017,Aubiac,6.6
33018,Val de Virvée,5.0
33019,Audenge,3.8
33020,Auriolles,3.2
33021,Auros,5.5
33022,Avensan,5.0
33023,Ayguemorte-les-Graves,3.1
33024,Bagas,3.7
33025,Baigneaux,3.5
33026,Balizac,2.2
33027,Barie,3.5
33028,Baron,3.9
33029,Le Barp,3.5
33030,Barsac,5.1
33031,Bassanne,3.1
33032,Bassens,4.3
33033,Baurech,3.5
33034,Bayas,2.1
33035,Bayon-sur-Gironde,3.3
33036,Bazas,5.1
33037,Beautiran,3.1
33038,Bégadan,3.6
33039,Bègles,6.0
33040,Béguey,4.6
33042,Belin-Béliet,4.1
33043,Bellebat,3.4
33044,Bellefond,3.7
33045,Belvès-de-Castillon,2.6
33046,Bernos-Beaulac,3.8
33047,Berson,3.4
33048,Berthez,4.7
33049,Beychac-et-Caillau,6.4
33050,Bieujac,3.9
33051,Biganos,5.0
33052,Les Billaux,5.6
33053,Birac,4.3
33054,Blaignac,3.3
33055,Blaignan-Prignac,3.0
33056,Blanquefort,4.6
33057,Blasimon,3.8
33058,Blaye,3.0
33059,Blésignac,3.4
33060,Bommes,4.0
33061,Bonnetan,3.2
33062,Bonzac,3.3
33063,Bordeaux,6.4
33064,Bossugan,3.6
33065,Bouliac,6.9
33066,Bourdelles,2.6
33067,Bourg,3.3
33068,Bourideys,2.7
33069,Le Bouscat,2.7
33070,Brach,4.0
33071,Branne,5.0
33072,Brannens,3.9
33073,Braud-et-Saint-Louis,2.6
33074,Brouqueyran,4.8
33075,Bruges,7.4
33076,Budos,3.6
33077,Cabanac-et-Villagrains,2.0
33078,Cabara,4.7
33079,Cadarsac,5.0
33080,Cadaujac,4.1
33081,Cadillac-sur-Garonne,4.8
33082,Cadillac-en-Fronsadais,3.6
33083,Camarsac,3.6
33084,Cambes,2.7
33085,Camblanes-et-Meynac,4.9
33086,Camiac-et-Saint-Denis,3.1
33087,Camiran,3.4
33088,Camps-sur-l'Isle,3.1
33089,Campugnan,3.5
33090,Canéjan,3.7
33093,Capian,4.1
33094,Caplong,2.9
33095,Captieux,2.7
33096,Carbon-Blanc,5.6
33097,Carcans,5.4
33098,Cardan,3.8
33099,Carignan-de-Bordeaux,5.3
33100,Cars,3.6
33101,Cartelègue,3.3
33102,Casseuil,3.6
33103,Castelmoron-d'Albret,3.1
33104,Castelnau-de-Médoc,4.4
33105,Castelviel,3.0
33106,Castets et Castillon,3.6
33108,Castillon-la-Bataille,3.8
33109,Castres-Gironde,3.3
33111,Caudrot,3.9
33112,Caumont,3.1
33113,Cauvignac,4.7
33114,Cavignac,4.1
33115,Cazalis,2.3
33116,Cazats,5.2
33117,Cazaugitat,3.0
33118,Cénac,3.3
33119,Cenon,7.5
33120,Cérons,5.6
33121,Cessac,3.7
33122,Cestas,4.3
33123,Cézac,3.7
33124,Chamadelle,2.4
33125,Cissac-Médoc,3.7
33126,Civrac-de-Blaye,3.6
33127,Civrac-sur-Dordogne,4.1
33128,Civrac-en-Médoc,3.5
33129,Cleyrac,3.6
33130,Coimères,4.3
33131,Coirac,3.2
33132,Comps,3.5
33133,Coubeyrac,2.6
33134,Couquèques,2.4
33135,Courpiac,3.6
33136,Cours-de-Monségur,3.9
33137,Cours-les-Bains,5.2
33138,Coutras,3.1
33139,Coutures,3.4
33140,Créon,3.6
33141,Croignon,3.4
33142,Cubnezais,3.9
33143,Cubzac-les-Ponts,4.1
33144,Cudos,4.0
33145,Cursan,3.7
33146,Cussac-Fort-Médoc,4.8
33147,Daignac,3.4
33148,Dardenac,3.7
33149,Daubèze,2.9
33150,Dieulivol,3.7
33151,Donnezac,4.0
33152,Donzac,3.4
33153,Doulezon,3.1
33154,Les Églisottes-et-Chalaures,3.2
33155,Escaudes,4.2
33156,Escoussans,3.1
33157,Espiet,4.2
33158,Les Esseintes,3.4
33159,Étauliers,3.6
33160,Eynesse,3.2
33161,Eyrans,2.9
33162,Eysines,6.9
33163,Faleyras,3.6
33164,Fargues,4.8
33165,Fargues-Saint-Hilaire,4.0
33166,Le Fieu,3.0
33167,Floirac,8.1
33168,Flaujagues,3.0
33169,Floudès,2.8
33170,Fontet,3.4
33171,Fossès-et-Baleyssac,2.4
33172,Fours,3.5
33173,Francs,1.8
33174,Fronsac,3.7
33175,Frontenac,3.5
33176,Gabarnac,3.7
33177,Gaillan-en-Médoc,4.4
33178,Gajac,5.2
33179,Galgon,3.4
33180,Gans,4.6
33181,Gardegan-et-Tourtirac,1.5
33182,Gauriac,3.2
33183,Gauriaguet,3.1
33184,Générac,2.9
33185,Génissac,5.9
33186,Gensac,3.0
33187,Gironde-sur-Dropt,3.5
33188,Giscos,2.5
33189,Gornac,2.9
33190,Goualade,3.3
33191,Gours,2.9
33192,Gradignan,4.9
33193,Grayan-et-l'Hôpital,4.4
33194,Grézillac,4.6
33195,Grignols,5.3
33196,Guillac,3.5
33197,Guillos,1.7
33198,Guîtres,3.0
33199,Gujan-Mestras,4.4
33200,Le Haillan,6.7
33201,Haux,3.8
33202,Hostens,3.3
33203,Hourtin,3.9
33204,Hure,2.8
33205,Illats,5.3
33206,Isle-Saint-Georges,2.7
33207,Izon,2.9
33208,Jau-Dignac-et-Loirac,3.2
33209,Jugazan,3.8
33210,Juillac,2.9
33211,Labarde,3.7
33212,Labescau,5.2
33213,La Brède,3.2
33214,Lacanau,6.0
33215,Ladaux,3.3
33216,Lados,4.0
33218,Lagorce,2.7
33219,La Lande-de-Fronsac,4.1
33220,Lamarque,4.1
33221,Lamothe-Landerron,3.7
33222,Lalande-de-Pomerol,4.7
33223,Landerrouat,3.6
33224,Landerrouet-sur-Ségur,2.9
33225,Landiras,3.3
33226,Langoiran,4.1
33227,Langon,6.1
33228,Lansac,3.7
33229,Lanton,4.4
33230,Lapouyade,2.1
33231,Laroque,3.5
33232,Lartigue,0.0
33233,Laruscade,2.8
33234,Latresne,7.0
33235,Lavazan,5.2
33236,Lège-Cap-Ferret,4.6
33237,Léogeats,2.9
33238,Léognan,2.4
33239,Lerm-et-Musset,3.9
33240,Lesparre-Médoc,4.8
33241,Lestiac-sur-Garonne,3.8
33242,Les Lèves-et-Thoumeyragues,3.6
33243,Libourne,4.9
33244,Lignan-de-Bazas,3.2
33245,Lignan-de-Bordeaux,2.9
33246,Ligueux,2.8
33247,Listrac-de-Durèze,3.5
33248,Listrac-Médoc,5.7
33249,Lormont,8.3
33250,Loubens,3.4
33251,Louchats,3.5
33252,Loupes,3.1
33253,Loupiac,4.8
33254,Loupiac-de-la-Réole,3.6
33255,Lucmau,4.1
33256,Ludon-Médoc,3.1
33257,Lugaignac,4.5
33258,Lugasson,3.7
33259,Lugon-et-l'Île-du-Carnay,3.1
33260,Lugos,2.5
33261,Lussac,3.2
33262,Macau,3.6
33263,Madirac,3.0
33264,Maransin,2.0
33266,Marcenais,3.0
33268,Margaux-Cantenac,4.9
33269,Margueron,2.8
33270,Marimbault,3.5
33271,Marions,3.8
33272,Marsas,3.9
33273,Martignas-sur-Jalle,2.9
33274,Martillac,3.4
33275,Martres,3.3
33276,Masseilles,5.3
33277,Massugas,2.7
33278,Mauriac,4.0
33279,Mazères,5.1
33280,Mazion,3.9
33281,Mérignac,4.4
33282,Mérignas,3.5
33283,Mesterrieux,2.9
33284,Mios,4.6
33285,Mombrier,3.8
33287,Mongauzy,3.8
33288,Monprimblanc,3.6
33289,Monségur,3.7
33290,Montagne,4.2
33291,Montagoudin,3.9
33292,Montignac,3.2
33293,Montussan,5.3
33294,Morizès,3.4
33295,Mouillac,3.3
33296,Mouliets-et-Villemartin,3.0
33297,Moulis-en-Médoc,4.8
33298,Moulon,5.1
33299,Mourens,3.6
33300,Naujac-sur-Mer,3.2
33301,Naujan-et-Postiac,4.2
33302,Néac,5.0
33303,Nérigean,4.4
33304,Neuffons,3.4
33305,Le Nizan,4.3
33306,Noaillac,2.9
33307,Noaillan,3.7
33308,Omet,2.6
33309,Ordonnac,1.8
33310,Origne,2.6
33311,Paillet,4.4
33312,Parempuyre,3.3
33314,Pauillac,3.7
33315,Les Peintures,3.1
33316,Pellegrue,2.8
33317,Périssac,2.9
33318,Pessac,4.3
33319,Pessac-sur-Dordogne,3.2
33320,Petit-Palais-et-Cornemps,2.4
33321,Peujard,3.7
33322,Le Pian-Médoc,4.5
33323,Le Pian-sur-Garonne,5.4
33324,Pineuilh,3.1
33325,Plassac,3.5
33326,Pleine-Selve,3.3
33327,Podensac,5.0
33328,Pomerol,5.1
33329,Pompéjac,2.4
33330,Pompignac,4.1
33331,Pondaurat,3.7
33332,Porchères,2.7
33333,Le Porge,5.8
33334,Portets,3.2
33335,Le Pout,2.6
33336,Préchac,3.7
33337,Preignac,5.6
33339,Prignac-et-Marcamps,3.6
33341,Pugnac,4.7
33342,Puisseguin,2.2
33343,Pujols-sur-Ciron,4.9
33344,Pujols,3.5
33345,Le Puy,3.8
33346,Puybarban,3.2
33347,Puynormand,2.9
33348,Queyrac,4.3
33349,Quinsac,5.0
33350,Rauzan,4.3
33351,Reignac,3.8
33352,La Réole,3.4
33353,Rimons,3.6
33354,Riocaud,2.5
33355,Rions,4.9
33356,La Rivière,3.6
33357,Roaillan,4.1
33358,Romagne,3.7
33359,Roquebrune,3.4
33360,La Roquille,3.5
33361,Ruch,3.9
33362,Sablons,3.5
33363,Sadirac,2.7
33364,Saillans,3.8
33365,Saint-Aignan,3.7
33366,Saint-André-de-Cubzac,4.2
33367,Saint-André-du-Bois,4.7
33369,Saint-André-et-Appelles,3.9
33370,Saint-Androny,3.5
33372,Saint-Antoine-du-Queyret,3.3
33373,Saint-Antoine-sur-l'Isle,3.4
33374,Saint-Aubin-de-Blaye,3.3
33375,Saint-Aubin-de-Branne,3.2
33376,Saint-Aubin-de-Médoc,3.9
33377,Saint-Avit-de-Soulège,2.8
33378,Saint-Avit-Saint-Nazaire,3.6
33379,Saint-Brice,3.3
33380,Val-de-Livenne,3.0
33381,Saint-Caprais-de-Bordeaux,2.4
33382,Saint-Christoly-de-Blaye,3.6
33383,Saint-Christoly-Médoc,1.5
33384,Saint-Christophe-des-Bardes,4.0
33385,Saint-Christophe-de-Double,3.0
33386,Saint-Cibard,2.3
33387,Saint-Ciers-d'Abzac,2.5
33388,Saint-Ciers-de-Canesse,3.6
33389,Saint-Ciers-sur-Gironde,2.2
33390,Sainte-Colombe,2.7
33391,Saint-Côme,4.6
33392,Sainte-Croix-du-Mont,5.0
33393,Saint-Denis-de-Pile,4.3
33394,Saint-Émilion,4.8
33395,Saint-Estèphe,2.6
33396,Saint-Étienne-de-Lisse,3.7
33397,Sainte-Eulalie,5.0
33398,Saint-Exupéry,2.6
33399,Saint-Félix-de-Foncaude,3.3
33400,Saint-Ferme,3.2
33401,Sainte-Florence,3.9
33402,Sainte-Foy-la-Grande,3.7
33403,Sainte-Foy-la-Longue,3.3
33404,Sainte-Gemme,2.8
33405,Saint-Genès-de-Blaye,3.2
33406,Saint-Genès-de-Castillon,2.4
33407,Saint-Genès-de-Fronsac,2.3
33408,Saint-Genès-de-Lombaud,3.2
33409,Saint-Genis-du-Bois,3.1
33411,Saint-Germain-de-Grave,4.2
33412,Saint-Germain-d'Esteuil,3.2
33413,Saint-Germain-du-Puch,4.8
33414,Saint-Germain-de-la-Rivière,2.9
33415,Saint-Gervais,4.0
33416,Saint-Girons-d'Aiguevives,3.8
33417,Sainte-Hélène,3.6
33418,Saint-Hilaire-de-la-Noaille,3.0
33419,Saint-Hilaire-du-Bois,3.3
33420,Saint-Hippolyte,4.3
33421,Saint-Jean-de-Blaignac,4.5
33422,Saint-Jean-d'Illac,2.2
33423,Saint-Julien-Beychevelle,4.6
33424,Saint-Laurent-Médoc,4.2
33425,Saint-Laurent-d'Arce,4.3
33426,Saint-Laurent-des-Combes,4.4
33427,Saint-Laurent-du-Bois,3.4
33428,Saint-Laurent-du-Plan,3.4
33429,Saint-Léger-de-Balson,3.1
33431,Saint-Léon,3.4
33432,Saint-Loubert,4.2
33433,Saint-Loubès,3.9
33434,Saint-Louis-de-Montferrand,2.4
33435,Saint-Macaire,5.3
33436,Saint-Magne,4.5
33437,Saint-Magne-de-Castillon,2.9
33438,Saint-Maixant,5.4
33439,Saint-Mariens,4.1
33440,Saint-Martial,3.7
33441,Saint-Martin-Lacaussade,3.5
33442,Saint-Martin-de-Laye,2.6
33443,Saint-Martin-de-Lerm,2.9
33444,Saint-Martin-de-Sescas,4.4
33445,Saint-Martin-du-Bois,3.0
33446,Saint-Martin-du-Puy,2.3
33447,Saint-Médard-de-Guizières,2.7
33448,Saint-Médard-d'Eyrans,4.4
33449,Saint-Médard-en-Jalles,3.2
33450,Saint-Michel-de-Castelnau,1.4
33451,Saint-Michel-de-Fronsac,3.7
33452,Saint-Michel-de-Rieufret,3.8
33453,Saint-Michel-de-Lapujade,2.5
33454,Saint-Morillon,1.9
33456,Saint-Palais,2.2
33457,Saint-Pardon-de-Conques,4.2
33458,Saint-Paul,3.8
33459,Saint-Pey-d'Armens,4.5
33460,Saint-Pey-de-Castets,3.5
33461,Saint-Philippe-d'Aiguille,1.9
33462,Saint-Philippe-du-Seignal,3.7
33463,Saint-Pierre-d'Aurillac,4.1
33464,Saint-Pierre-de-Bat,3.4
33465,Saint-Pierre-de-Mons,4.1
33466,Saint-Quentin-de-Baron,3.7
33467,Saint-Quentin-de-Caplong,2.9
33468,Sainte-Radegonde,3.0
33470,Saint-Romain-la-Virvée,3.2
33471,Saint-Sauveur,4.2
33472,Saint-Sauveur-de-Puynormand,2.0
33473,Saint-Savin,3.3
33474,Saint-Selve,3.4
33475,Saint-Seurin-de-Bourg,3.2
33476,Saint-Seurin-de-Cadourne,1.7
33477,Saint-Seurin-de-Cursac,3.5
33478,Saint-Seurin-sur-l'Isle,2.7
33479,Saint-Sève,3.4
33480,Saint-Sulpice-de-Faleyrens,4.4
33481,Saint-Sulpice-de-Guilleragues,3.4
33482,Saint-Sulpice-de-Pommiers,3.7
33483,Saint-Sulpice-et-Cameyrac,3.6
33484,Saint-Symphorien,3.9
33485,Sainte-Terre,3.3
33486,Saint-Trojan,3.7
33487,Saint-Vincent-de-Paul,5.3
33488,Saint-Vincent-de-Pertignas,3.7
33489,Saint-Vivien-de-Blaye,4.1
33490,Saint-Vivien-de-Médoc,4.0
33491,Saint-Vivien-de-Monségur,3.5
33492,Saint-Yzan-de-Soudiac,2.3
33493,Saint-Yzans-de-Médoc,1.8
33494,Salaunes,2.9
33496,Sallebœuf,4.3
33498,Salles,3.1
33499,Les Salles-de-Castillon,1.8
33500,Samonac,3.0
33501,Saucats,2.4
33502,Saugon,4.5
33503,Saumos,4.8
33504,Sauternes,4.4
33505,La Sauve,3.7
33506,Sauveterre-de-Guyenne,4.1
33507,Sauviac,5.2
33508,Savignac,3.8
33509,Savignac-de-l'Isle,4.0
33510,Semens,3.3
33511,Sendets,4.5
33512,Sigalens,4.1
33513,Sillas,4.3
33514,Soulac-sur-Mer,3.9
33515,Soulignac,3.2
33516,Soussac,3.1
33517,Soussans,4.3
33518,Tabanac,3.1
33519,Le Taillan-Médoc,5.8
33520,Taillecavat,3.9
33521,Talais,3.9
33522,Talence,6.8
33523,Targon,3.7
33524,Tarnès,2.7
33525,Tauriac,3.6
33526,Tayac,1.7
33527,Le Teich,4.6
33528,Le Temple,3.6
33529,La Teste-de-Buch,5.6
33530,Teuillac,4.7
33531,Tizac-de-Curton,4.2
33532,Tizac-de-Lapouyade,1.7
33533,Toulenne,6.2
33534,Le Tourne,3.9
33535,Tresses,3.4
33536,Le Tuzan,3.6
33537,Uzeste,4.2
33538,Valeyrac,2.6
33539,Vayres,4.7
33540,Vendays-Montalivet,3.6
33541,Vensac,5.0
33542,Vérac,3.0
33543,Verdelais,4.8
33544,Le Verdon-sur-Mer,3.8
33545,Vertheuil,4.0
33546,Vignonet,4.4
33547,Villandraut,3.6
33548,Villegouge,2.9
33549,Villenave-de-Rions,3.7
33550,Villenave-d'Ornon,9.1
33551,Villeneuve,3.6
33552,Virelade,4.2
33553,Virsac,4.4
33554,Yvrac,5.2
33555,Marcheprime,2.8
34001,Abeilhan,3.5
34002,Adissan,4.1
34003,Agde,3.6
34004,Agel,2.5
34005,Agonès,4.6
34006,Aigne,2.2
34007,Aigues-Vives,2.1
34008,Les Aires,5.1
34009,Alignan-du-Vent,3.8
34010,Aniane,3.9
34011,Arboras,2.4
34012,Argelliers,2.8
34013,Aspiran,3.1
34014,Assas,5.0
34015,Assignan,2.0
34016,Aumelas,1.8
34017,Aumes,4.4
34018,Autignac,2.3
34019,Avène,0.6
34020,Azillanet,1.6
34021,Babeau-Bouldoux,2.4
34022,Baillargues,6.0
34023,Balaruc-les-Bains,5.4
34024,Balaruc-le-Vieux,7.3
34025,Bassan,3.1
34026,Beaufort,2.5
34027,Beaulieu,3.5
34028,Bédarieux,5.0
34029,Bélarga,3.1
34030,Berlou,2.8
34031,Bessan,4.3
34032,Béziers,3.8
34033,Boisseron,3.2
34034,Boisset,0.0
34035,La Boissière,2.7
34036,Le Bosc,3.8
34037,Boujan-sur-Libron,5.0
34038,Le Bousquet-d'Orb,2.3
34039,Bouzigues,5.5
34040,Brenas,1.2
34041,Brignac,5.1
34042,Brissac,4.6
34043,Buzignargues,2.0
34044,Cabrerolles,1.0
34045,Cabrières,1.6
34046,Cambon-et-Salvergues,0.0
34047,Campagnan,2.7
34048,Campagne,1.9
34049,Camplong,2.0
34050,Candillargues,3.5
34051,Canet,4.6
34052,Capestang,2.9
34053,Carlencas-et-Levas,2.0
34054,Cassagnoles,0.1
34055,Castanet-le-Haut,0.0
34056,Castelnau-de-Guers,4.7
34057,Castelnau-le-Lez,6.2
34058,Castries,5.2
34059,La Caunette,1.6
34060,Causse-de-la-Selle,1.0
34061,Causses-et-Veyran,2.2
34062,Caussiniojouls,3.0
34063,Caux,2.3
34064,Le Caylar,2.5
34065,Cazedarnes,3.9
34066,Cazevieille,2.8
34067,Cazilhac,4.9
34068,Cazouls-d'Hérault,4.1
34069,Cazouls-lès-Béziers,2.6
34070,Cébazan,4.3
34071,Ceilhes-et-Rocozels,0.0
34072,Celles,2.3
34073,Cers,5.4
34074,Cessenon-sur-Orb,3.7
34075,Cesseras,1.8
34076,Ceyras,4.3
34077,Clapiers,4.5
34078,Claret,3.4
34079,Clermont-l'Hérault,4.4
34080,Colombières-sur-Orb,4.1
34081,Colombiers,4.4
34082,Combaillaux,3.0
34083,Combes,2.6
34084,Corneilhan,3.9
34085,Coulobres,4.5
34086,Courniou,5.9
34087,Cournonsec,3.1
34088,Cournonterral,3.7
34089,Creissan,2.8
34090,Le Crès,6.7
34091,Le Cros,1.0
34092,Cruzy,2.2
34093,Dio-et-Valquières,1.7
34094,Espondeilhan,4.2
34095,Fabrègues,5.6
34096,Faugères,3.9
34097,Félines-Minervois,2.0
34098,Ferrals-les-Montagnes,0.1
34099,Ferrières-les-Verreries,2.0
34100,Ferrières-Poussarou,1.1
34101,Florensac,4.5
34102,Fontanès,2.9
34103,Fontès,2.3
34104,Fos,0.8
34105,Fouzilhon,2.7
34106,Fozières,2.1
34107,Fraisse-sur-Agout,2.7
34108,Frontignan,5.0
34109,Gabian,2.9
34110,Galargues,2.4
34111,Ganges,5.2
34112,Garrigues,1.5
34113,Gigean,5.4
34114,Gignac,6.4
34115,Gorniès,1.1
34116,Grabels,4.6
34117,Graissessac,0.8
34118,Guzargues,4.6
34119,Hérépian,5.8
34120,Jacou,3.9
34121,Joncels,1.1
34122,Jonquières,5.4
34123,Juvignac,5.3
34124,Lacoste,3.0
34125,Lagamas,5.2
34126,Lamalou-les-Bains,4.9
34127,Lansargues,4.0
34128,Laroque,5.6
34129,Lattes,5.9
34130,Laurens,2.8
34131,Lauret,3.5
34132,Lauroux,1.7
34133,Lavalette,0.9
34134,Lavérune,5.5
34135,Lespignan,3.9
34136,Lézignan-la-Cèbe,4.6
34137,Liausson,1.2
34138,Lieuran-Cabrières,3.0
34139,Lieuran-lès-Béziers,3.6
34140,Lignan-sur-Orb,4.0
34141,La Livinière,2.4
34142,Lodève,3.3
34143,Loupian,4.5
34144,Lunas,2.8
34145,Lunel,4.5
34146,Lunel-Viel,4.5
34147,Magalas,3.3
34148,Maraussan,5.0
34149,Margon,3.6
34150,Marseillan,3.5
34151,Marsillargues,6.2
34152,Mas-de-Londres,2.9
34153,Les Matelles,4.5
34154,Mauguio,4.8
34155,Maureilhan,5.3
34156,Mérifons,1.2
34157,Mèze,3.0
34158,Minerve,1.1
34159,Mireval,4.6
34160,Mons,3.7
34161,Montady,4.9
34162,Montagnac,3.9
34163,Montarnaud,4.3
34164,Montaud,3.1
34165,Montbazin,2.7
34166,Montblanc,3.3
34167,Montels,3.1
34168,Montesquieu,0.3
34169,Montferrier-sur-Lez,4.5
34170,Montouliers,2.7
34171,Montoulieu,4.7
34172,Montpellier,5.0
34173,Montpeyroux,4.0
34174,Moulès-et-Baucels,5.2
34175,Mourèze,1.6
34176,Mudaison,4.5
34177,Murles,2.8
34178,Murviel-lès-Béziers,3.2
34179,Murviel-lès-Montpellier,4.5
34180,Nébian,4.4
34181,Neffiès,1.8
34182,Nézignan-l'Évêque,3.3
34183,Nissan-lez-Enserune,4.0
34184,Nizas,2.6
34185,Notre-Dame-de-Londres,2.8
34186,Octon,1.0
34187,Olargues,2.4
34188,Olmet-et-Villecun,1.1
34189,Olonzac,2.4
34190,Oupia,2.3
34191,Pailhès,3.4
34192,Palavas-les-Flots,4.5
34193,Pardailhan,1.4
34194,Paulhan,4.0
34195,Pégairolles-de-Buèges,0.3
34196,Pégairolles-de-l'Escalette,2.9
34197,Péret,2.1
34198,Pérols,5.1
34199,Pézenas,5.0
34200,Pézènes-les-Mines,1.1
34201,Pierrerue,3.4
34202,Pignan,4.3
34203,Pinet,3.8
34204,Plaissan,2.3
34205,Les Plans,1.6
34206,Poilhes,4.1
34207,Pomérols,3.9
34208,Popian,4.1
34209,Portiragnes,3.8
34210,Le Pouget,3.3
34211,Le Poujol-sur-Orb,5.1
34212,Poujols,2.8
34213,Poussan,5.0
34214,Pouzolles,3.5
34215,Pouzols,3.7
34216,Le Pradal,3.8
34217,Prades-le-Lez,4.7
34218,Prades-sur-Vernazobre,3.9
34219,Prémian,3.0
34220,Le Puech,2.3
34221,Puéchabon,3.7
34222,Puilacher,3.2
34223,Puimisson,3.8
34224,Puissalicon,3.5
34225,Puisserguier,3.4
34226,Quarante,2.7
34227,Restinclières,3.8
34228,Rieussec,1.0
34229,Riols,3.2
34230,Les Rives,1.0
34231,Romiguières,0.2
34232,Roquebrun,0.9
34233,Roqueredonde,0.3
34234,Roquessels,2.2
34235,Rosis,0.1
34236,Rouet,2.4
34237,Roujan,3.2
34238,Saint-André-de-Buèges,2.8
34239,Saint-André-de-Sangonis,5.3
34240,Saint-Aunès,4.9
34241,Saint-Bauzille-de-la-Sylve,3.5
34242,Saint-Bauzille-de-Montmel,2.3
34243,Saint-Bauzille-de-Putois,5.3
34244,Saint-Brès,4.8
34245,Saint-Chinian,3.3
34246,Entre-Vignes,4.4
34247,Saint-Clément-de-Rivière,4.5
34248,Sainte-Croix-de-Quintillargues,3.6
34249,Saint-Drézéry,2.4
34250,Saint-Étienne-d'Albagnan,3.8
34251,Saint-Étienne-de-Gourgas,1.5
34252,Saint-Étienne-Estréchoux,1.4
34253,Saint-Félix-de-l'Héras,2.5
34254,Saint-Félix-de-Lodez,6.3
34255,Saint-Gély-du-Fesc,4.5
34256,Saint-Geniès-des-Mourgues,4.0
34257,Saint-Geniès-de-Varensal,0.1
34258,Saint-Geniès-de-Fontedit,3.7
34259,Saint-Georges-d'Orques,5.0
34260,Saint-Gervais-sur-Mare,0.1
34261,Saint-Guilhem-le-Désert,2.4
34262,Saint-Guiraud,4.9
34263,Saint-Hilaire-de-Beauvoir,2.6
34264,Saint-Jean-de-Buèges,1.0
34265,Saint-Jean-de-Cornies,2.5
34266,Saint-Jean-de-Cuculles,3.1
34267,Saint-Jean-de-Fos,3.1
34268,Saint-Jean-de-la-Blaquière,1.9
34269,Saint-Jean-de-Minervois,1.3
34270,Saint-Jean-de-Védas,6.1
34271,Saint-Julien,2.4
34272,Saint-Just,4.9
34273,Saint-Martin-de-l'Arçon,3.9
34274,Saint-Martin-de-Londres,3.4
34276,Saint-Mathieu-de-Tréviers,4.3
34277,Saint-Maurice-Navacelles,0.0
34278,Saint-Michel,0.7
34279,Saint-Nazaire-de-Ladarez,1.1
34280,Saint-Nazaire-de-Pézan,3.0
34281,Saint-Pargoire,2.0
34282,Saint-Paul-et-Valmalle,4.3
34283,Saint-Pierre-de-la-Fage,0.5
34284,Saint-Pons-de-Thomières,3.7
34285,Saint-Pons-de-Mauchiens,2.4
34286,Saint-Privat,0.6
34287,Saint-Saturnin-de-Lucian,4.0
34288,Saint-Sériès,5.6
34289,Saint-Thibéry,4.1
34290,Saint-Vincent-de-Barbeyrargues,4.4
34291,Saint-Vincent-d'Olargues,2.1
34292,Salasc,0.8
34293,La Salvetat-sur-Agout,4.0
34294,Saturargues,6.2
34295,Saussan,4.6
34296,Saussines,2.3
34297,Sauteyrargues,4.4
34298,Sauvian,4.0
34299,Sérignan,3.5
34300,Servian,4.0
34301,Sète,5.2
34302,Siran,2.2
34303,Sorbs,0.4
34304,Soubès,2.9
34305,Le Soulié,3.6
34306,Soumont,1.9
34307,Sussargues,2.7
34308,Taussac-la-Billière,4.9
34309,Teyran,4.7
34310,Thézan-lès-Béziers,2.7
34311,Tourbes,4.1
34312,La Tour-sur-Orb,3.8
34313,Tressan,2.7
34314,Le Triadou,4.7
34315,Usclas-d'Hérault,3.9
34316,Usclas-du-Bosc,1.9
34317,La Vacquerie-et-Saint-Martin-de-Castries,0.3
34318,Vacquières,4.1
34319,Vailhan,0.7
34320,Vailhauquès,3.6
34321,Valergues,3.5
34322,Valflaunès,3.1
34323,Valmascle,0.4
34324,Valras-Plage,1.9
34325,Valros,4.6
34326,Vélieux,0.3
34327,Vendargues,6.3
34328,Vendémian,2.1
34329,Vendres,4.1
34331,Verreries-de-Moussans,4.2
34332,Vias,3.3
34333,Vic-la-Gardiole,4.3
34334,Vieussan,2.0
34335,Villemagne-l'Argentière,3.8
34336,Villeneuve-lès-Béziers,4.1
34337,Villeneuve-lès-Maguelone,4.5
34338,Villeneuvette,2.6
34339,Villespassans,2.8
34340,Villetelle,4.7
34341,Villeveyrac,2.5
34342,Viols-en-Laval,3.4
34343,Viols-le-Fort,3.6
34344,La Grande-Motte,4.2
35001,Acigné,3.8
35002,Amanlis,4.0
35003,Andouillé-Neuville,2.8
35004,Val-Couesnon,3.6
35005,Arbrissel,3.5
35006,Argentré-du-Plessis,3.7
35007,Aubigné,2.5
35008,Availles-sur-Seiche,2.7
35009,Baguer-Morvan,3.3
35010,Baguer-Pican,3.0
35012,Bain-de-Bretagne,3.2
35013,Bains-sur-Oust,2.5
35014,Bais,2.9
35015,Balazé,2.2
35016,Baulon,2.1
35017,La Baussaine,3.1
35018,La Bazouge-du-Désert,1.2
35019,Bazouges-la-Pérouse,3.6
35021,Beaucé,2.2
35022,Bécherel,3.1
35023,Bédée,4.8
35024,Betton,3.6
35025,Billé,2.5
35026,Bléruais,2.9
35027,Boisgervilly,3.8
35028,Boistrudan,3.5
35029,Bonnemain,4.0
35030,La Bosse-de-Bretagne,2.1
35031,La Bouëxière,3.4
35032,Bourgbarré,3.6
35033,Bourg-des-Comptes,2.9
35034,La Boussac,2.9
35035,Bovel,2.7
35037,Bréal-sous-Montfort,3.7
35038,Bréal-sous-Vitré,2.7
35039,Brécé,4.6
35040,Breteil,3.9
35041,Brie,3.5
35042,Brielles,2.4
35044,Broualan,2.7
35045,Bruc-sur-Aff,3.3
35046,Les Brulais,3.5
35047,Bruz,3.9
35049,Cancale,2.5
35050,Cardroc,2.9
35051,Cesson-Sévigné,4.9
35052,Champeaux,3.2
35054,Chanteloup,3.7
35055,Chantepie,7.0
35056,La Chapelle-aux-Filtzméens,3.6
35057,La Chapelle-Bouëxic,3.1
35058,La Chapelle-Chaussée,3.5
35059,La Chapelle-des-Fougeretz,3.9
35060,La Chapelle du Lou du Lac,4.0
35061,La Chapelle-Erbrée,2.4
35062,La Chapelle-Fleurigné,2.1
35063,La Chapelle-Saint-Aubert,3.2
35064,La Chapelle-de-Brain,1.7
35065,La Chapelle-Thouarault,3.4
35066,Chartres-de-Bretagne,4.1
35067,Chasné-sur-Illet,3.2
35068,Châteaubourg,3.2
35069,Châteaugiron,3.7
35070,Châteauneuf-d'Ille-et-Vilaine,7.8
35071,Le Châtellier,2.4
35072,Châtillon-en-Vendelais,1.9
35075,Chauvigné,3.0
35076,Chavagne,4.4
35077,Chelun,2.3
35078,Cherrueix,2.4
35079,Chevaigné,3.7
35080,Cintré,3.2
35081,Clayes,4.1
35082,Coësmes,2.6
35084,Comblessac,4.3
35085,Combourg,3.5
35086,Combourtillé,2.0
35087,Cornillé,3.6
35088,Corps-Nuds,3.4
35089,La Couyère,2.0
35090,Crevin,4.3
35091,Le Crouais,4.3
35092,Cuguen,3.1
35093,Dinard,3.8
35094,Dingé,4.1
35095,Dol-de-Bretagne,3.2
35096,Domagné,3.2
35097,Domalain,2.5
35098,La Dominelais,3.6
35099,Domloup,2.9
35101,Dourdain,3.7
35102,Drouges,3.1
35103,Eancé,2.1
35104,Epiniac,3.4
35105,Erbrée,3.2
35106,Ercé-en-Lamée,1.2
35107,Ercé-près-Liffré,4.3
35108,Essé,4.1
35109,Étrelles,4.0
35110,Feins,2.3
35111,Le Ferré,2.2
35114,Forges-la-Forêt,2.6
35115,Fougères,2.1
35116,La Fresnais,2.9
35117,Gaël,3.3
35118,Gahard,1.9
35119,Gennes-sur-Seiche,2.4
35120,Gévezé,3.8
35121,Gosné,4.4
35122,La Gouesnière,4.3
35123,Goven,3.2
35124,Grand-Fougeray,2.9
35125,La Guerche-de-Bretagne,2.9
35126,Guichen,2.8
35127,Guignen,3.1
35128,Guipel,2.9
35130,Hédé-Bazouges,4.3
35131,L'Hermitage,4.2
35132,Hirel,2.1
35133,Iffendic,2.4
35134,Les Iffs,3.7
35135,Irodouër,3.2
35136,Janzé,3.4
35137,Javené,2.1
35138,Laignelet,1.6
35139,Laillé,3.5
35140,Lalleu,1.5
35141,Landavran,3.2
35142,Landéan,1.3
35143,Landujan,3.6
35144,Langan,3.4
35145,Langon,1.3
35146,Langouet,3.7
35148,Lanrigan,3.2
35149,Lassy,2.8
35150,Lécousse,2.7
35151,Lieuron,3.4
35152,Liffré,4.1
35153,Lillemer,5.2
35154,Livré-sur-Changeon,3.2
35155,Lohéac,2.9
35156,Longaulnay,2.6
35157,Le Loroux,1.4
35159,Lourmais,3.3
35160,Loutehel,3.7
35161,Louvigné-de-Bais,3.3
35162,Louvigné-du-Désert,2.0
35163,Luitré-Dompierre,2.3
35164,Marcillé-Raoul,3.1
35165,Marcillé-Robert,3.4
35166,Marpiré,3.3
35167,Martigné-Ferchaud,2.2
35168,Val d'Anast,3.5
35169,Maxent,3.8
35170,Mecé,2.2
35171,Médréac,3.7
35172,Meillac,3.8
35173,Melesse,3.7
35174,Mellé,1.6
35175,Mernel,2.3
35176,Guipry-Messac,2.6
35177,La Mézière,4.0
35178,Mézières-sur-Couesnon,3.4
35179,Miniac-Morvan,4.6
35180,Miniac-sous-Bécherel,3.1
35181,Le Minihic-sur-Rance,4.3
35183,Mondevert,2.5
35184,Montauban-de-Bretagne,4.8
35185,Montautour,1.6
35186,Mont-Dol,3.1
35187,Monterfil,2.7
35188,Montfort-sur-Meu,2.9
35189,Montgermont,7.2
35190,Monthault,1.3
35191,Les Portes du Coglais,2.9
35192,Montreuil-des-Landes,2.3
35193,Montreuil-le-Gast,3.8
35194,Montreuil-sous-Pérouse,3.2
35195,Montreuil-sur-Ille,2.5
35196,Mordelles,4.1
35197,Mouazé,3.8
35198,Moulins,3.9
35199,Moussé,2.9
35200,Moutiers,2.9
35201,Muel,2.4
35202,La Noë-Blanche,3.0
35203,La Nouaye,2.9
35204,Nouvoitou,3.1
35205,Noyal-sous-Bazouges,3.0
35206,Noyal-Châtillon-sur-Seiche,3.6
35207,Noyal-sur-Vilaine,5.5
35208,Orgères,3.9
35210,Pacé,6.2
35211,Paimpont,1.8
35212,Pancé,3.1
35214,Parcé,1.7
35215,Parigné,1.9
35216,Parthenay-de-Bretagne,3.7
35217,Le Pertre,2.1
35218,Le Petit-Fougeray,2.4
35219,Pipriac,2.2
35220,Piré-Chancé,3.2
35221,Pléchâtel,2.8
35222,Pleine-Fougères,2.9
35223,Plélan-le-Grand,3.1
35224,Plerguer,5.0
35225,Plesder,3.6
35226,Pleugueneuc,3.4
35227,Pleumeleuc,4.8
35228,Pleurtuit,5.1
35229,Pocé-les-Bois,3.6
35230,Poilley,2.1
35231,Poligné,4.3
35232,Princé,1.0
35233,Québriac,3.4
35234,Quédillac,5.2
35235,Rannée,3.0
35236,Redon,3.0
35237,Renac,2.6
35238,Rennes,4.8
35239,Retiers,3.2
35240,Le Rheu,4.5
35241,La Richardais,6.1
35242,Rimou,2.3
35243,Romagné,4.0
35244,Romazy,2.7
35245,Romillé,3.3
35246,Roz-Landrieux,5.5
35247,Roz-sur-Couesnon,2.1
35248,Sains,3.0
35249,Sainte-Anne-sur-Vilaine,1.7
35250,Saint-Armel,4.0
35251,Saint-Aubin-d'Aubigné,3.2
35252,Saint-Aubin-des-Landes,3.2
35253,Saint-Aubin-du-Cormier,3.6
35255,Saint-Benoît-des-Ondes,3.7
35256,Saint-Briac-sur-Mer,3.9
35257,Maen Roch,3.7
35258,Saint-Brieuc-des-Iffs,4.3
35259,Saint-Broladre,2.3
35260,Saint-Christophe-des-Bois,2.5
35261,Saint-Christophe-de-Valains,2.6
35262,Sainte-Colombe,2.7
35263,Saint-Coulomb,4.0
35264,Saint-Didier,4.0
35265,Saint-Domineuc,4.0
35266,Saint-Erblon,4.5
35268,Saint-Ganton,1.4
35270,Saint-Georges-de-Gréhaigne,2.6
35271,Saint-Georges-de-Reintembault,2.1
35272,Saint-Germain-du-Pinel,3.1
35273,Saint-Germain-en-Coglès,2.6
35274,Saint-Germain-sur-Ille,3.6
35275,Saint-Gilles,4.9
35276,Saint-Gondran,3.7
35277,Saint-Gonlay,2.1
35278,Saint-Grégoire,7.3
35279,Saint-Guinoux,5.3
35280,Saint-Hilaire-des-Landes,3.0
35281,Saint-Jacques-de-la-Lande,6.8
35282,Rives-du-Couesnon,2.9
35283,Saint-Jean-sur-Vilaine,3.0
35284,Saint-Jouan-des-Guérets,6.3
35285,Saint-Just,1.7
35286,Saint-Léger-des-Prés,3.0
35287,Saint-Lunaire,4.1
35288,Saint-Malo,5.5
35289,Saint-Malo-de-Phily,3.1
35290,Saint-Malon-sur-Mel,2.9
35291,Saint-Marcan,2.1
35292,Saint-Marc-le-Blanc,2.8
35294,Sainte-Marie,2.2
35295,Saint-Maugan,2.1
35296,Saint-Médard-sur-Ille,2.3
35297,Saint-Méen-le-Grand,3.5
35299,Saint-Méloir-des-Ondes,4.8
35300,Saint-M'Hervé,2.3
35302,Saint-Onen-la-Chapelle,2.7
35304,Saint-Ouen-des-Alleux,2.3
35305,Saint-Péran,2.7
35306,Saint-Père-Marc-en-Poulet,6.2
35307,Saint-Pern,3.4
35308,Mesnil-Roc'h,4.3
35309,Saint-Rémy-du-Plain,2.8
35310,Saint-Sauveur-des-Landes,4.2
35311,Saint-Séglin,4.3
35312,Saint-Senoux,2.2
35314,Saint-Suliac,5.8
35315,Saint-Sulpice-la-Forêt,3.8
35316,Saint-Sulpice-des-Landes,1.8
35317,Saint-Symphorien,4.6
35318,Saint-Thual,2.4
35319,Saint-Thurial,3.1
35320,Saint-Uniac,3.6
35321,Saulnières,2.5
35322,Le Sel-de-Bretagne,2.4
35324,La Selle-en-Luitré,2.1
35325,La Selle-Guerchaise,2.6
35326,Sens-de-Bretagne,2.8
35327,Servon-sur-Vilaine,4.5
35328,Sixt-sur-Aff,2.5
35329,Sougeal,2.9
35330,Taillis,2.7
35331,Talensac,3.2
35332,Teillay,1.0
35333,Le Theil-de-Bretagne,1.4
35334,Thorigné-Fouillard,5.3
35335,Thourie,1.6
35336,Le Tiercent,2.9
35337,Tinténiac,3.8
35338,Torcé,3.7
35339,Trans-la-Forêt,3.0
35340,Treffendel,3.3
35342,Trémeheuc,3.4
35343,Tresbœuf,2.2
35345,Trévérien,2.9
35346,Trimer,3.2
35347,Val-d'Izé,3.5
35350,Vergéal,3.0
35351,Le Verger,3.2
35352,Vern-sur-Seiche,4.8
35353,Vezin-le-Coquet,6.6
35354,Vieux-Viel,2.9
35355,Vieux-Vy-sur-Couesnon,2.7
35356,Vignoc,4.1
35357,Villamée,1.7
35358,La Ville-ès-Nonais,5.2
35359,Visseiche,3.7
35360,Vitré,3.5
35361,Le Vivier-sur-Mer,2.4
35362,Le Tronchet,3.2
35363,Pont-Péan,4.4
36001,Aigurande,1.9
36002,Aize,0.7
36003,Ambrault,1.6
36004,Anjouin,1.6
36005,Ardentes,1.7
36006,Argenton-sur-Creuse,3.0
36007,Argy,2.1
36008,Arpheuilles,2.5
36009,Arthon,2.1
36010,Azay-le-Ferron,3.6
36011,Bagneux,1.0
36012,Baraize,1.9
36013,Baudres,2.0
36014,Bazaiges,2.5
36015,Beaulieu,1.7
36016,Bélâbre,1.9
36017,La Berthenoux,1.6
36018,Le Blanc,2.5
36019,Bommiers,1.4
36020,Bonneuil,0.9
36021,Les Bordes,2.6
36022,Bouesse,3.7
36023,Bouges-le-Château,1.7
36024,Bretagne,2.1
36025,Briantes,3.0
36026,Brion,2.1
36027,Brives,1.9
36028,La Buxerette,4.3
36029,Buxeuil,0.9
36030,Buxières-d'Aillac,4.4
36031,Buzançais,2.4
36032,Ceaulmont,1.8
36033,Celon,2.9
36034,Chabris,2.6
36035,Chaillac,1.6
36036,Chalais,0.9
36037,La Champenoise,2.4
36038,Champillet,3.0
36040,La Chapelle-Orthemale,2.3
36041,La Chapelle-Saint-Laurian,1.4
36042,Chasseneuil,3.0
36043,Chassignolles,3.0
36044,Châteauroux,3.1
36045,Châtillon-sur-Indre,4.0
36046,La Châtre,2.2
36047,La Châtre-Langlin,2.5
36048,Chavin,1.9
36049,Chazelet,2.0
36050,Chezelles,2.7
36051,Chitray,2.1
36052,Chouday,1.9
36053,Ciron,1.9
36054,Cléré-du-Bois,4.3
36055,Clion,2.9
36056,Cluis,4.1
36057,Coings,2.8
36058,Concremiers,2.4
36059,Condé,2.1
36060,Crevant,2.1
36061,Crozon-sur-Vauvre,1.0
36062,Cuzion,2.0
36063,Déols,4.2
36064,Diors,2.2
36065,Diou,1.2
36066,Douadic,2.3
36067,Dunet,1.2
36068,Dun-le-Poëlier,1.2
36069,Écueillé,1.8
36070,Éguzon-Chantôme,1.7
36071,Étrechet,2.4
36073,Feusines,2.6
36074,Fléré-la-Rivière,4.5
36075,Fontenay,1.2
36076,Fontgombault,3.4
36077,Fontguenand,2.6
36078,Fougerolles,5.8
36079,Francillon,1.9
36080,Frédille,2.1
36081,Gargilesse-Dampierre,1.9
36082,Gehée,1.9
36083,Giroux,0.9
36084,Gournay,4.7
36085,Guilly,0.5
36086,Heugnes,1.5
36087,Ingrandes,2.3
36088,Issoudun,2.9
36089,Jeu-les-Bois,3.1
36090,Jeu-Maloches,1.8
36091,Lacs,2.5
36092,Langé,2.0
36093,Levroux,1.8
36094,Lignac,1.6
36095,Lignerolles,2.0
36096,Lingé,3.8
36097,Liniez,1.7
36098,Lizeray,2.0
36099,Lourdoueix-Saint-Michel,1.9
36100,Lourouer-Saint-Laurent,2.0
36101,Luant,2.3
36102,Luçay-le-Libre,1.4
36103,Luçay-le-Mâle,2.7
36104,Lurais,3.7
36105,Lureuil,3.9
36106,Luzeret,1.7
36107,Lye,3.0
36108,Lys-Saint-Georges,4.1
36109,Le Magny,3.0
36110,Maillet,4.1
36111,Malicornay,2.7
36112,Mâron,2.3
36113,Martizay,3.4
36114,Mauvières,2.3
36115,Menetou-sur-Nahon,1.6
36116,Ménétréols-sous-Vatan,1.6
36117,Le Menoux,2.7
36118,Méobecq,2.1
36119,Mérigny,3.4
36120,Mers-sur-Indre,3.4
36121,Meunet-Planches,2.2
36122,Meunet-sur-Vatan,1.0
36123,Mézières-en-Brenne,2.9
36124,Migné,2.0
36125,Migny,1.9
36126,Montchevrier,2.4
36127,Montgivray,2.0
36128,Montierchaume,1.9
36129,Montipouret,3.6
36130,Montlevicq,2.7
36131,Mosnay,3.1
36132,La Motte-Feuilly,3.2
36133,Mouhers,4.3
36134,Mouhet,2.6
36135,Moulins-sur-Céphons,1.6
36136,Murs,4.1
36137,Néons-sur-Creuse,3.4
36138,Néret,2.7
36139,Neuillay-les-Bois,2.8
36140,Neuvy-Pailloux,1.7
36141,Neuvy-Saint-Sépulchre,4.1
36142,Niherne,2.4
36143,Nohant-Vic,3.6
36144,Nuret-le-Ferron,2.4
36145,Obterre,4.0
36146,Orsennes,2.0
36147,Orville,1.2
36148,Oulches,1.4
36149,Palluau-sur-Indre,2.0
36150,Parnac,3.2
36152,Paudy,1.4
36153,Paulnay,3.2
36154,Le Pêchereau,2.6
36155,Pellevoisin,1.3
36156,Pérassay,2.6
36157,La Pérouille,2.3
36158,Badecon-le-Pin,2.0
36159,Le Poinçonnet,2.7
36160,Pommiers,2.4
36161,Le Pont-Chrétien-Chabenet,2.8
36162,Poulaines,1.4
36163,Pouligny-Notre-Dame,2.5
36164,Pouligny-Saint-Martin,2.9
36165,Pouligny-Saint-Pierre,3.1
36166,Préaux,2.5
36167,Preuilly-la-Ville,3.3
36168,Prissac,1.4
36169,Pruniers,1.7
36170,Reboursin,1.3
36171,Reuilly,0.9
36172,Rivarennes,2.3
36173,Rosnay,1.7
36174,Roussines,1.6
36175,Rouvres-les-Bois,1.6
36176,Ruffec,1.6
36177,Sacierges-Saint-Martin,1.7
36178,Saint-Aigny,2.3
36179,Saint-Aoustrille,2.9
36180,Saint-Août,1.6
36181,Saint-Aubin,1.1
36182,Saint-Benoît-du-Sault,2.2
36184,Saint-Chartier,2.0
36185,Saint-Christophe-en-Bazelle,1.1
36186,Saint-Christophe-en-Boucherie,1.9
36187,Saint-Civran,1.7
36188,Saint-Cyran-du-Jambot,3.6
36189,Saint-Denis-de-Jouhet,4.0
36190,Sainte-Fauste,1.3
36191,Saint-Florentin,1.0
36192,Saint-Gaultier,2.9
36193,Sainte-Gemme,2.4
36194,Saint-Genou,2.0
36195,Saint-Georges-sur-Arnon,2.1
36196,Saint-Gilles,2.6
36197,Saint-Hilaire-sur-Benaize,2.3
36198,Saint-Lactencin,3.0
36199,Sainte-Lizaigne,1.8
36200,Saint-Marcel,3.3
36202,Saint-Maur,3.4
36203,Saint-Médard,2.7
36204,Saint-Michel-en-Brenne,2.6
36205,Saint-Pierre-de-Jards,1.0
36207,Saint-Plantaire,2.0
36208,Sainte-Sévère-sur-Indre,2.3
36209,Saint-Valentin,1.4
36210,Sarzay,3.6
36211,Sassierges-Saint-Germain,2.2
36212,Saulnay,2.6
36213,Sauzelles,2.6
36214,Sazeray,1.9
36215,Ségry,2.0
36216,Selles-sur-Nahon,1.5
36217,Sembleçay,1.3
36218,Sougé,2.3
36219,Tendu,3.3
36220,Thenay,2.7
36221,Thevet-Saint-Julien,2.2
36222,Thizay,2.4
36223,Tilly,1.4
36224,Tournon-Saint-Martin,4.3
36225,Le Tranger,2.0
36226,Tranzault,4.8
36227,Urciers,2.9
36228,Valençay,2.4
36229,Val-Fouzon,2.6
36230,Vatan,1.1
36231,Velles,1.5
36232,Vendœuvres,2.8
36233,La Vernelle,2.6
36234,Verneuil-sur-Igneraie,1.7
36235,Veuil,2.3
36236,Vicq-Exemplet,2.0
36237,Vicq-sur-Nahon,2.2
36238,Vigoulant,1.3
36239,Vigoux,3.5
36240,Vijon,1.8
36241,Villedieu-sur-Indre,2.1
36242,Villegongis,2.4
36243,Villegouin,1.5
36244,Villentrois-Faverolles-en-Berry,3.1
36246,Villiers,3.9
36247,Vineuil,2.7
36248,Vouillon,1.9
37001,Abilly,3.1
37002,Ambillou,3.6
37003,Amboise,4.2
37004,Anché,5.5
37005,Antogny-le-Tillac,1.6
37006,Artannes-sur-Indre,3.8
37007,Assay,2.9
37008,Athée-sur-Cher,4.0
37009,Autrèche,4.0
37010,Auzouer-en-Touraine,3.9
37011,Avoine,5.1
37012,Avon-les-Roches,3.1
37013,Avrillé-les-Ponceaux,2.2
37014,Azay-le-Rideau,3.4
37015,Azay-sur-Cher,3.9
37016,Azay-sur-Indre,3.8
37018,Ballan-Miré,4.6
37019,Barrou,2.4
37020,Beaulieu-lès-Loches,3.8
37021,Beaumont-Louestault,2.7
37022,Beaumont-en-Véron,5.8
37023,Beaumont-Village,0.5
37024,Benais,3.3
37025,Berthenay,1.3
37026,Betz-le-Château,3.3
37027,Bléré,3.9
37028,Bossay-sur-Claise,2.6
37029,Bossée,3.4
37030,Le Boulay,4.0
37031,Bourgueil,4.3
37032,Bournan,3.0
37033,Boussay,2.6
37034,Braslou,2.7
37035,Braye-sous-Faye,2.5
37036,Braye-sur-Maulne,3.2
37037,Brèches,2.4
37038,Bréhémont,3.0
37039,Bridoré,3.8
37040,Brizay,3.4
37041,Bueil-en-Touraine,2.7
37042,Candes-Saint-Martin,4.1
37043,Cangey,3.3
37044,La Celle-Guenand,3.0
37045,La Celle-Saint-Avant,2.9
37046,Céré-la-Ronde,2.3
37047,Cerelles,2.9
37048,Chambon,2.7
37049,Chambourg-sur-Indre,4.3
37050,Chambray-lès-Tours,6.6
37051,Champigny-sur-Veude,4.2
37052,Chançay,2.7
37053,Chanceaux-près-Loches,3.7
37054,Chanceaux-sur-Choisille,3.1
37055,Channay-sur-Lathan,3.4
37056,La Chapelle-aux-Naux,4.2
37057,La Chapelle-Blanche-Saint-Martin,2.8
37058,La Chapelle-sur-Loire,3.7
37059,Charentilly,4.1
37060,Chargé,3.7
37061,Charnizay,3.3
37062,Château-la-Vallière,3.0
37063,Château-Renault,4.0
37064,Chaumussay,1.0
37065,Chaveignes,2.5
37066,Chédigny,3.6
37067,Cheillé,3.6
37068,Chemillé-sur-Dême,1.5
37069,Chemillé-sur-Indrois,1.7
37070,Chenonceaux,4.1
37071,Chezelles,1.9
37072,Chinon,4.9
37073,Chisseaux,4.2
37074,Chouzé-sur-Loire,5.0
37075,Cigogné,2.9
37076,Cinais,4.6
37077,Cinq-Mars-la-Pile,4.3
37078,Ciran,3.6
37079,Civray-de-Touraine,5.0
37080,Civray-sur-Esves,3.3
37081,Cléré-les-Pins,3.7
37082,Continvoir,2.1
37083,Cormery,3.3
37084,Couesmes,2.5
37085,Courçay,3.2
37086,Courcelles-de-Touraine,3.8
37087,Courcoué,3.1
37088,Couziers,1.2
37089,Cravant-les-Côteaux,3.7
37090,Crissay-sur-Manse,4.0
37091,La Croix-en-Touraine,5.3
37092,Crotelles,3.2
37093,Crouzilles,3.4
37094,Cussay,3.7
37095,Dame-Marie-les-Bois,2.7
37096,Dierre,3.5
37097,Dolus-le-Sec,3.8
37098,Draché,3.1
37099,Druye,5.7
37100,Épeigné-les-Bois,3.1
37101,Épeigné-sur-Dême,2.0
37103,Esves-le-Moutier,4.2
37104,Esvres,3.9
37105,Faye-la-Vineuse,3.1
37106,La Ferrière,2.4
37107,Ferrière-Larçon,4.7
37108,Ferrière-sur-Beaulieu,3.9
37109,Fondettes,3.6
37110,Francueil,3.7
37111,Genillé,2.8
37112,Gizeux,3.1
37113,Le Grand-Pressigny,2.5
37114,La Guerche,2.5
37115,Descartes,3.1
37116,Les Hermites,1.9
37117,Hommes,2.4
37118,Huismes,3.5
37119,L'Île-Bouchard,4.6
37121,Jaulnay,2.0
37122,Joué-lès-Tours,4.1
37123,Langeais,4.7
37124,Larçay,4.5
37125,Lémeré,3.5
37126,Lerné,2.9
37127,Le Liège,2.8
37128,Lignières-de-Touraine,4.2
37129,Ligré,3.3
37130,Ligueil,3.4
37131,Limeray,3.4
37132,Loches,4.0
37133,Loché-sur-Indrois,1.4
37134,Louans,2.4
37136,Le Louroux,3.0
37137,Lublé,2.7
37138,Lussault-sur-Loire,4.3
37139,Luynes,3.6
37140,Luzé,1.9
37141,Luzillé,3.1
37142,Maillé,3.0
37143,Manthelan,3.3
37144,Marçay,2.6
37145,Marcé-sur-Esves,3.4
37146,Marcilly-sur-Maulne,4.0
37147,Marcilly-sur-Vienne,2.4
37148,Marigny-Marmande,1.0
37149,Marray,1.2
37150,Mazières-de-Touraine,2.9
37151,La Membrolle-sur-Choisille,5.0
37152,Mettray,4.3
37153,Monnaie,3.2
37154,Montbazon,4.0
37155,Monthodon,3.2
37156,Montlouis-sur-Loire,3.1
37157,Montrésor,1.0
37158,Montreuil-en-Touraine,3.4
37159,Monts,3.2
37160,Morand,3.7
37161,Mosnes,3.8
37162,Mouzay,3.8
37163,Nazelles-Négron,3.2
37165,Neuil,3.7
37166,Neuillé-le-Lierre,4.1
37167,Neuillé-Pont-Pierre,3.3
37168,Neuilly-le-Brignon,3.1
37169,Neuville-sur-Brenne,4.2
37170,Neuvy-le-Roi,3.0
37171,Noizay,2.7
37172,Notre-Dame-d'Oé,3.6
37173,Nouans-les-Fontaines,1.4
37174,Nouâtre,3.0
37175,Nouzilly,3.4
37176,Noyant-de-Touraine,4.2
37177,Orbigny,1.5
37178,Panzoult,3.4
37179,Parçay-Meslay,4.0
37180,Parçay-sur-Vienne,2.9
37181,Paulmy,4.2
37182,Pernay,4.3
37183,Perrusson,4.1
37184,Le Petit-Pressigny,2.3
37185,Pocé-sur-Cisse,3.5
37186,Pont-de-Ruan,3.4
37187,Ports-sur-Vienne,1.7
37188,Pouzay,3.4
37189,Preuilly-sur-Claise,3.6
37190,Pussigny,1.7
37191,Razines,2.1
37192,Reignac-sur-Indre,3.5
37193,Restigné,3.2
37194,Reugny,3.2
37195,La Riche,5.6
37196,Richelieu,3.0
37197,Rigny-Ussé,2.4
37198,Rillé,3.2
37199,Rilly-sur-Vienne,3.1
37200,Rivarennes,2.8
37201,Rivière,4.8
37202,La Roche-Clermault,4.1
37203,Rochecorbon,5.2
37204,Rouziers-de-Touraine,3.2
37205,Saché,3.9
37206,Saint-Antoine-du-Rocher,3.3
37207,Saint-Aubin-le-Dépeint,3.0
37208,Saint-Avertin,6.4
37210,Saint-Benoît-la-Forêt,2.7
37211,Saint-Branchs,2.9
37212,Sainte-Catherine-de-Fierbois,3.2
37213,Saint-Christophe-sur-le-Nais,3.4
37214,Saint-Cyr-sur-Loire,5.0
37216,Saint-Épain,3.7
37217,Saint-Étienne-de-Chigny,4.0
37218,Saint-Flovier,3.8
37219,Saint-Genouph,3.4
37220,Saint-Germain-sur-Vienne,3.0
37221,Saint-Hippolyte,3.3
37222,Saint-Jean-Saint-Germain,4.5
37223,Saint-Laurent-de-Lin,2.9
37224,Saint-Laurent-en-Gâtines,3.6
37225,Saint-Martin-le-Beau,4.8
37226,Sainte-Maure-de-Touraine,3.3
37228,Saint-Nicolas-de-Bourgueil,3.5
37229,Saint-Nicolas-des-Motets,3.6
37230,Saint-Ouen-les-Vignes,3.0
37231,Saint-Paterne-Racan,2.9
37232,Coteaux-sur-Loire,2.6
37233,Saint-Pierre-des-Corps,3.4
37234,Saint-Quentin-sur-Indrois,3.6
37236,Saint-Règle,3.3
37237,Saint-Roch,3.5
37238,Saint-Senoch,5.0
37240,Saunay,4.0
37241,Savigné-sur-Lathan,2.9
37242,Savigny-en-Véron,4.9
37243,Savonnières,3.4
37244,Sazilly,4.0
37245,Semblançay,3.6
37246,Sennevières,3.1
37247,Sepmes,3.8
37248,Seuilly,3.3
37249,Sonzay,3.8
37250,Sorigny,4.2
37251,Souvigné,4.0
37252,Souvigny-de-Touraine,4.1
37253,Sublaines,3.6
37254,Tauxigny-Saint-Bauld,2.7
37255,Tavant,3.8
37256,Theneuil,2.2
37257,Thilouze,2.7
37258,Thizay,3.6
37259,Tournon-Saint-Pierre,4.3
37260,La Tour-Saint-Gelin,2.6
37261,Tours,4.7
37262,Trogues,4.0
37263,Truyes,3.5
37264,Vallères,5.3
37265,Varennes,4.3
37266,Veigné,3.2
37267,Véretz,4.1
37268,Verneuil-le-Château,3.5
37269,Verneuil-sur-Indre,4.2
37270,Vernou-sur-Brenne,2.6
37271,Villaines-les-Rochers,2.9
37272,Villandry,3.7
37273,La Ville-aux-Dames,3.4
37274,Villebourg,3.0
37275,Villedômain,2.2
37276,Villedômer,4.1
37277,Villeloin-Coulangé,0.7
37278,Villeperdue,2.7
37279,Villiers-au-Bouin,2.2
37280,Vou,3.9
37281,Vouvray,4.6
37282,Yzeures-sur-Creuse,3.5
38001,Les Abrets en Dauphiné,3.8
38002,Les Adrets,2.1
38003,Agnin,2.8
38004,L'Albenc,2.0
38005,Allemond,5.6
38006,Allevard,3.7
38008,Ambel,6.5
38009,Anjou,2.5
38010,Annoisin-Chatelans,1.8
38011,Anthon,1.7
38012,Aoste,3.6
38013,Apprieu,3.6
38015,Artas,2.9
38017,Assieu,2.0
38018,Auberives-en-Royans,3.4
38019,Auberives-sur-Varèze,4.5
38020,Auris,2.2
38022,Les Avenières Veyrins-Thuellin,2.2
38023,Avignonet,2.1
38026,La Balme-les-Grottes,2.9
38027,Barraux,4.1
38029,La Bâtie-Montgascon,3.5
38030,Beaucroissant,3.5
38031,Beaufin,6.8
38032,Beaufort,1.8
38033,Beaulieu,2.4
38034,Beaurepaire,2.1
38035,Beauvoir-de-Marc,2.9
38036,Beauvoir-en-Royans,2.4
38037,Bellegarde-Poussieu,2.1
38038,Belmont,1.7
38039,Bernin,3.6
38040,Besse,0.0
38041,Bessins,1.4
38042,Bévenais,3.3
38043,Bilieu,2.7
38044,Biol,2.1
38045,Biviers,3.5
38046,Bizonnes,1.7
38047,Blandin,1.8
38048,Bonnefamille,3.0
38049,Bossieu,2.3
38050,Le Bouchage,1.7
38051,Bougé-Chambalud,3.1
38052,Le Bourg-d'Oisans,6.1
38053,Bourgoin-Jallieu,4.6
38054,Bouvesse-Quirieu,2.0
38055,Brangues,1.2
38056,Bressieux,2.4
38057,Bresson,4.7
38058,Brézins,3.5
38059,Brié-et-Angonnes,4.8
38060,Brion,2.0
38061,La Buisse,4.7
38062,La Buissière,5.2
38063,Burcin,2.7
38064,Cessieu,4.5
38065,Châbons,2.6
38066,Chalon,2.0
38067,Chamagnieu,4.7
38068,Champagnier,2.8
38069,Champier,2.9
38070,Le Champ-près-Froges,4.4
38071,Champ-sur-Drac,2.2
38072,Chanas,3.0
38073,Chantepérier,0.0
38074,Chantesse,1.6
38075,Chapareillan,3.7
38076,La Chapelle-de-la-Tour,3.1
38077,La Chapelle-de-Surieu,1.7
38078,La Chapelle-du-Bard,3.8
38080,Charancieu,3.5
38081,Charantonnay,2.6
38082,Charavines,3.1
38083,Charette,2.5
38084,Charnècles,5.2
38085,Charvieu-Chavagneux,2.5
38086,Chasselay,1.6
38087,Chasse-sur-Rhône,4.6
38089,Chassignieu,2.3
38090,Château-Bernard,0.3
38091,Châteauvilain,2.2
38092,Châtelus,1.4
38093,Châtenay,2.3
38094,Châtonnay,2.6
38095,Chatte,2.9
38097,Chavanoz,2.6
38098,Chélieu,2.3
38099,Chevrières,1.4
38100,Le Cheylas,4.3
38101,Cheyssieu,3.9
38102,Chèzeneuve,3.6
38103,Chichilianne,2.2
38104,Chimilin,4.6
38105,Chirens,4.5
38106,Cholonge,2.2
38107,Chonas-l'Amballan,3.8
38108,Choranche,1.8
38109,Chozeau,3.5
38110,Chuzelles,3.9
38111,Claix,4.8
38112,Clavans-en-Haut-Oisans,0.0
38113,Clelles,3.4
38114,Clonas-sur-Varèze,3.9
38115,Saint-Martin-de-la-Cluze,1.6
38116,Cognet,4.9
38117,Cognin-les-Gorges,2.3
38118,Colombe,4.2
38120,La Combe-de-Lancey,0.8
38124,Corbelin,2.8
38126,Corenc,5.0
38127,Cornillon-en-Trièves,3.7
38128,Corps,7.8
38129,Corrençon-en-Vercors,4.6
38130,La Côte-Saint-André,3.1
38131,Les Côtes-d'Arey,2.3
38132,Les Côtes-de-Corps,5.7
38133,Coublevie,3.2
38134,Cour-et-Buis,2.1
38135,Courtenay,2.4
38136,Crachier,3.6
38137,Cras,2.1
38138,Crémieu,2.6
38139,Creys-Mépieu,1.4
38140,Crolles,3.6
38141,Culin,3.4
38144,Diémoz,3.1
38146,Dizimieu,1.9
38147,Doissin,2.0
38148,Dolomieu,2.5
38149,Domarin,5.3
38150,Domène,4.2
38151,Échirolles,5.2
38152,Eclose-Badinières,2.7
38153,Engins,3.0
38154,Entraigues,0.0
38155,Entre-deux-Guiers,4.3
38156,Les Éparres,2.0
38157,Estrablin,3.6
38158,Eybens,6.0
38159,Eydoche,2.5
38160,Eyzin-Pinet,2.7
38161,Faramans,2.3
38162,Faverges-de-la-Tour,3.4
38163,Le Haut-Bréda,0.3
38166,La Flachère,3.4
38167,Flachères,1.4
38169,Fontaine,2.9
38170,Fontanil-Cornillon,3.9
38171,La Forteresse,2.3
38172,Four,3.6
38173,Le Freney-d'Oisans,7.5
38174,La Frette,3.9
38175,Froges,4.5
38176,Frontonas,4.7
38177,La Garde,4.2
38179,Gières,6.9
38180,Gillonnay,3.4
38181,Goncelin,7.0
38182,Le Grand-Lemps,3.8
38183,Granieu,2.4
38184,Grenay,3.8
38185,Grenoble,4.2
38186,Gresse-en-Vercors,0.3
38187,Le Gua,1.3
38188,Herbeys,3.6
38189,Heyrieux,2.9
38190,Hières-sur-Amby,2.5
38191,Huez,7.1
38192,Hurtières,2.0
38193,L'Isle-d'Abeau,5.6
38194,Izeaux,3.3
38195,Izeron,2.7
38197,Janneyrias,2.7
38198,Jarcieu,2.9
38199,Jardin,2.9
38200,Jarrie,3.2
38203,Laffrey,2.8
38204,Lalley,3.7
38205,Lans-en-Vercors,6.5
38206,Laval-en-Belledonne,2.8
38207,Lavaldens,0.0
38208,Lavars,3.4
38209,Lentiol,1.7
38210,Leyrieu,1.9
38211,Lieudieu,3.0
38212,Livet-et-Gavet,3.1
38213,Longechenal,3.1
38214,Lumbin,3.0
38215,Luzinay,2.2
38216,Malleval-en-Vercors,0.0
38217,Marcieu,0.1
38218,Marcilloles,3.0
38219,Marcollin,2.0
38221,Marnans,1.2
38222,Massieu,2.7
38223,Maubec,3.0
38224,Mayres-Savel,1.6
38225,Autrans-Méaudre en Vercors,5.0
38226,Mens,3.7
38228,Merlas,1.8
38229,Meylan,8.7
38230,Meyrié,4.3
38231,Meyrieu-les-Étangs,2.8
38232,Meyssiez,2.1
38235,Miribel-Lanchâtre,0.2
38236,Miribel-les-Échelles,3.4
38237,Mizoën,4.6
38238,Moidieu-Détourbe,3.4
38239,Moirans,4.4
38240,Moissieu-sur-Dolon,1.7
38241,Monestier-d'Ambel,5.7
38242,Monestier-de-Clermont,2.0
38243,Monestier-du-Percy,3.1
38244,Monsteroux-Milieu,2.4
38245,Montagne,1.0
38246,Montagnieu,2.5
38247,Montalieu-Vercieu,2.4
38248,Montaud,0.2
38249,Montbonnot-Saint-Martin,3.8
38250,Montcarra,2.6
38252,Montchaboud,2.2
38253,Les Deux Alpes,6.9
38254,Monteynard,0.7
38255,Montfalcon,1.5
38256,Montferrat,2.6
38257,Montrevel,2.0
38258,Mont-Saint-Martin,0.0
38259,Montseveroux,1.3
38260,Moras,1.8
38261,Morestel,1.4
38263,Morette,2.4
38264,La Morte,0.0
38265,La Motte-d'Aveillans,3.7
38266,La Motte-Saint-Martin,0.4
38267,Mottier,2.9
38268,Le Moutaret,3.5
38269,La Mure,5.0
38270,La Murette,4.1
38271,Murianette,3.5
38272,Murinais,1.7
38273,Nantes-en-Ratier,5.0
38275,Serre-Nerpol,1.4
38276,Nivolas-Vermelle,4.3
38277,Notre-Dame-de-Commiers,1.1
38278,Notre-Dame-de-l'Osier,2.1
38279,Notre-Dame-de-Mésage,1.9
38280,Notre-Dame-de-Vaulx,2.5
38281,Noyarey,3.4
38282,Optevoz,2.3
38283,Oris-en-Rattier,1.6
38284,Ornacieux-Balbins,2.5
38285,Ornon,1.4
38286,Oulles,6.1
38287,Oyeu,3.8
38288,Oytier-Saint-Oblas,2.6
38289,Oz,4.2
38290,Pact,2.2
38291,Pajay,2.4
38292,Villages du Lac de Paladru,2.1
38294,Panossas,4.1
38295,Parmilieu,2.3
38296,Le Passage,2.5
38297,Arandon-Passins,1.3
38298,Le Péage-de-Roussillon,3.0
38299,Pellafol,3.9
38300,Penol,2.6
38301,Le Percy,3.1
38303,La Pierre,3.8
38304,Pierre-Châtel,3.7
38307,Pisieu,1.6
38308,Plan,1.9
38309,Poisat,5.2
38310,Poliénas,1.5
38311,Pommier-de-Beaurepaire,2.0
38313,Ponsonnas,4.9
38314,Pontcharra,4.4
38315,Le Pont-de-Beauvoisin,2.9
38316,Pont-de-Chéruy,2.8
38317,Le Pont-de-Claix,5.5
38318,Pont-Évêque,3.1
38319,Pont-en-Royans,3.3
38320,Porcieu-Amblagnieu,2.3
38321,Prébois,4.4
38322,Presles,0.6
38323,Pressins,2.7
38324,Primarette,1.5
38325,Proveysieux,0.6
38326,Prunières,4.9
38328,Quaix-en-Chartreuse,0.8
38329,Quet-en-Beaumont,1.3
38330,Quincieu,1.1
38331,Réaumont,4.6
38332,Renage,3.3
38333,Rencurel,1.0
38334,Revel,1.8
38335,Revel-Tourdan,1.9
38336,Reventin-Vaugris,3.6
38337,Rives,4.2
38338,La Rivière,1.4
38339,Roche,3.5
38340,Les Roches-de-Condrieu,3.8
38341,Rochetoirin,3.9
38342,Roissard,0.9
38343,Romagnieu,3.2
38344,Roussillon,2.6
38345,Rovon,1.6
38346,Royas,2.9
38347,Roybon,1.4
38348,Ruy-Montceau,5.0
38349,Sablons,3.6
38350,Sainte-Agnès,1.3
38351,Saint-Agnin-sur-Bion,3.5
38352,Saint-Alban-de-Roche,4.4
38353,Saint-Alban-du-Rhône,3.4
38354,Saint-Albin-de-Vaulserre,3.1
38355,Saint-Andéol,0.0
38356,Saint-André-en-Royans,2.7
38357,Saint-André-le-Gaz,3.4
38358,Sainte-Anne-sur-Gervonde,1.5
38359,Saint Antoine l'Abbaye,1.1
38360,Saint-Appolinard,1.5
38361,Saint-Arey,3.2
38362,Saint-Aupre,3.0
38363,Saint-Barthélemy,2.1
38364,Saint-Barthélemy-de-Séchilienne,0.9
38365,Saint-Baudille-de-la-Tour,2.1
38366,Saint-Baudille-et-Pipet,2.9
38368,Saint-Blaise-du-Buis,4.8
38369,Sainte-Blandine,4.3
38370,Saint-Bonnet-de-Chavagne,1.8
38372,Saint-Bueil,2.6
38373,Saint-Cassien,5.7
38374,Saint-Chef,2.7
38375,Saint-Christophe-en-Oisans,0.0
38376,Saint-Christophe-sur-Guiers,3.7
38377,Saint-Clair-de-la-Tour,2.9
38378,Saint-Clair-du-Rhône,3.1
38379,Saint-Clair-sur-Galaure,1.6
38380,Saint-Didier-de-Bizonnes,1.9
38381,Saint-Didier-de-la-Tour,3.0
38382,Saint-Égrève,4.8
38383,Saint-Étienne-de-Crossey,5.2
38384,Saint-Étienne-de-Saint-Geoirs,3.4
38386,Saint-Geoire-en-Valdaine,2.2
38387,Saint-Geoirs,2.9
38388,Saint-Georges-de-Commiers,1.8
38389,Saint-Georges-d'Espéranche,2.8
38390,Saint-Gervais,1.4
38391,Saint-Guillaume,0.6
38392,Saint-Hilaire-de-Brens,2.9
38393,Saint-Hilaire-de-la-Côte,3.4
38394,Saint-Hilaire-du-Rosier,3.6
38395,Plateau-des-Petites-Roches,3.0
38396,Saint-Honoré,3.4
38397,Saint-Ismier,4.3
38398,Saint-Jean-d'Avelanne,3.1
38399,Saint-Jean-de-Bournay,2.4
38400,Saint-Jean-de-Moirans,4.2
38401,Saint-Jean-de-Soudain,3.4
38402,Saint-Jean-de-Vaulx,0.9
38403,Saint-Jean-d'Hérans,3.5
38404,Saint-Jean-le-Vieux,1.0
38405,Saint-Joseph-de-Rivière,4.4
38406,Saint-Julien-de-l'Herms,1.3
38407,La Sure en Chartreuse,3.5
38408,Saint-Just-Chaleyssin,2.4
38409,Saint-Just-de-Claix,4.1
38410,Saint-Lattier,2.9
38412,Saint-Laurent-du-Pont,4.5
38413,Saint-Laurent-en-Beaumont,1.6
38414,Sainte-Luce,2.6
38415,Saint-Marcel-Bel-Accueil,4.2
38416,Saint-Marcellin,2.9
38417,Sainte-Marie-d'Alloix,4.8
38418,Sainte-Marie-du-Mont,0.1
38419,Saint-Martin-de-Clelles,2.7
38420,Saint-Martin-de-Vaulserre,2.5
38421,Saint-Martin-d'Hères,4.5
38422,Saint-Martin-d'Uriage,2.5
38423,Saint-Martin-le-Vinoux,4.7
38424,Saint-Maurice-en-Trièves,3.7
38425,Saint-Maurice-l'Exil,3.4
38426,Saint-Maximin,3.0
38427,Saint-Michel-de-Saint-Geoirs,1.8
38428,Saint-Michel-en-Beaumont,1.3
38429,Saint-Michel-les-Portes,2.0
38430,Saint-Mury-Monteymond,0.4
38431,Saint-Nazaire-les-Eymes,6.8
38432,Saint-Nicolas-de-Macherin,4.6
38433,Saint-Nizier-du-Moucherotte,3.3
38434,Saint-Ondras,2.7
38436,Saint-Paul-de-Varces,2.8
38437,Saint-Paul-d'Izeaux,2.5
38438,Saint-Paul-lès-Monestier,1.2
38439,Crêts en Belledonne,3.5
38440,Saint-Pierre-de-Bressieux,2.6
38442,Saint-Pierre-de-Chartreuse,4.0
38443,Saint-Pierre-de-Chérennes,2.0
38444,Saint-Pierre-de-Méaroz,1.6
38445,Saint-Pierre-de-Mésage,1.8
38446,Saint-Pierre-d'Entremont,3.1
38448,Saint-Prim,3.8
38449,Saint-Quentin-Fallavier,5.3
38450,Saint-Quentin-sur-Isère,4.0
38451,Saint-Romain-de-Jalionas,3.0
38452,Saint-Romain-de-Surieu,2.1
38453,Saint-Romans,3.9
38454,Saint-Sauveur,2.7
38455,Saint-Savin,4.0
38456,Châtel-en-Trièves,2.9
38457,Saint-Siméon-de-Bressieux,3.0
38458,Saint-Sorlin-de-Morestel,2.2
38459,Saint-Sorlin-de-Vienne,1.7
38460,Saint-Sulpice-des-Rivoires,2.2
38462,Saint-Théoffrey,2.5
38463,Saint-Vérand,2.6
38464,Saint-Victor-de-Cessieu,2.2
38465,Saint-Victor-de-Morestel,1.1
38466,Saint-Vincent-de-Mercuze,3.6
38467,Salagnon,2.6
38468,Salaise-sur-Sanne,2.7
38469,La Salette-Fallavaux,5.7
38470,La Salle-en-Beaumont,1.3
38471,Le Sappey-en-Chartreuse,1.9
38472,Sarcenas,1.8
38473,Sardieu,2.9
38474,Sassenage,3.8
38475,Satolas-et-Bonce,3.6
38476,Savas-Mépin,2.4
38478,Séchilienne,1.4
38479,Porte-des-Bonnevaux,3.0
38480,Septème,2.5
38481,Sérézin-de-la-Tour,3.2
38483,Sermérieu,1.4
38484,Serpaize,3.0
38485,Seyssinet-Pariset,7.2
38486,Seyssins,4.9
38487,Seyssuel,3.1
38488,Siccieu-Saint-Julien-et-Carisieu,2.2
38489,Siévoz,3.3
38490,Sillans,3.4
38492,Sinard,1.5
38494,Soleymieu,2.1
38495,La Sône,4.0
38496,Sonnay,2.1
38497,Sousville,5.0
38498,Succieu,2.2
38499,Susville,5.2
38500,Têche,2.5
38501,Tencin,4.6
38503,La Terrasse,3.9
38504,Theys,2.9
38505,Thodure,2.4
38507,Tignieu-Jameyzieu,3.2
38508,Torchefelon,1.7
38509,La Tour-du-Pin,4.3
38511,Le Touvet,5.7
38512,Tramolé,2.2
38513,Treffort,0.9
38514,Tréminis,1.0
38515,Trept,2.9
38516,La Tronche,6.4
38517,Tullins,3.3
38518,Valbonnais,1.6
38519,Valencin,2.5
38520,Valencogne,1.6
38521,La Valette,1.7
38522,Valjouffrey,0.0
38523,Varacieux,2.1
38524,Varces-Allières-et-Risset,3.6
38525,Vasselin,1.9
38526,Vatilieu,1.3
38527,Vaujany,1.8
38528,Vaulnaveys-le-Bas,2.7
38529,Vaulnaveys-le-Haut,2.8
38530,Vaulx-Milieu,4.5
38531,Velanne,2.7
38532,Vénérieu,3.0
38533,Venon,0.9
38535,Vernas,1.5
38536,Vernioz,2.0
38537,La Verpillière,4.8
38538,Le Versoud,3.5
38539,Vertrieu,3.6
38540,Veurey-Voroize,4.7
38542,Veyssilieu,2.7
38543,Vézeronce-Curtin,2.1
38544,Vienne,3.7
38545,Vif,2.6
38546,Vignieu,1.7
38547,Villard-Bonnot,3.2
38548,Villard-de-Lans,6.3
38549,Villard-Notre-Dame,0.0
38550,Villard-Reculas,7.1
38551,Villard-Reymond,0.0
38552,Villard-Saint-Christophe,3.5
38553,Villefontaine,3.9
38554,Villemoirieu,2.9
38555,Villeneuve-de-Marc,2.8
38556,Ville-sous-Anjou,2.7
38557,Villette-d'Anthon,1.8
38558,Villette-de-Vienne,3.1
38559,Vinay,2.6
38560,Val-de-Virieu,2.7
38561,Viriville,2.6
38562,Vizille,2.9
38563,Voiron,3.9
38564,Voissant,2.0
38565,Voreppe,4.2
38566,Vourey,4.7
38567,Chamrousse,9.6
39001,Abergement-la-Ronce,3.7
39002,Abergement-le-Grand,3.2
39003,Abergement-le-Petit,3.7
39004,Abergement-lès-Thésy,2.7
39006,Aiglepierre,4.4
39007,Alièze,2.4
39008,Amange,3.2
39009,Andelot-en-Montagne,2.2
39010,Andelot-Morval,1.4
39011,Annoire,2.7
39013,Arbois,4.5
39014,Archelange,4.0
39015,Ardon,3.8
39016,Arinthod,3.3
39017,Arlay,5.2
39018,Aromas,1.5
39019,Les Arsures,5.3
39020,Arsure-Arsurette,2.4
39021,La Chailleuse,1.6
39022,Asnans-Beauvoisin,2.2
39024,Audelange,4.0
39025,Augea,1.9
39026,Augerans,4.4
39027,Augisey,0.8
39028,Aumont,4.4
39029,Aumur,3.2
39030,Authume,5.0
39031,Auxange,3.2
39032,Avignon-lès-Saint-Claude,1.7
39034,Balaiseaux,2.7
39035,Balanod,2.3
39037,Bans,3.5
39038,Barésia-sur-l'Ain,3.6
39039,La Barre,3.7
39040,Barretaine,2.8
39041,Baume-les-Messieurs,1.2
39042,Baverans,3.8
39043,Beaufort-Orbagna,2.2
39045,Beffia,2.4
39046,Bellecombe,5.1
39047,Bellefontaine,1.5
39048,Belmont,4.4
39049,Bersaillin,4.4
39050,Besain,2.4
39051,Biarne,4.4
39052,Bief-des-Maisons,3.2
39053,Bief-du-Fourg,2.7
39054,Biefmorin,2.5
39055,Billecul,2.3
39056,Bletterans,4.8
39057,Blois-sur-Seille,0.7
39058,Blye,4.1
39059,Bois-d'Amont,2.8
39060,Bois-de-Gand,3.2
39061,Boissia,4.4
39062,La Boissière,1.9
39063,Bonlieu,3.1
39065,Bonnefontaine,1.7
39066,Bornay,2.5
39068,Les Bouchoux,4.6
39070,Bourg-de-Sirod,3.5
39072,Bracon,3.7
39073,Brainans,3.1
39074,Brans,3.1
39076,La Bretenière,2.5
39077,Bretenières,1.6
39078,Brevans,4.3
39079,Briod,1.6
39080,Broissia,0.8
39081,Buvilly,3.8
39083,Censeau,3.2
39084,Cernans,3.7
39085,Cerniébaud,2.7
39086,Cernon,1.7
39088,Cesancey,2.5
39090,Chaînée-des-Coupis,2.4
39091,Les Chalesmes,3.2
39092,Chambéria,3.4
39093,Chamblay,4.3
39094,Chamole,2.4
39095,Champagne-sur-Loue,3.7
39096,Champagney,3.7
39097,Champagnole,3.6
39099,Champdivers,3.4
39100,Champrougier,1.9
39101,Champvans,5.1
39102,Chancia,1.2
39103,La Chapelle-sur-Furieuse,5.4
39104,Chapelle-Voland,3.3
39105,Chapois,2.8
39106,Charchilla,4.6
39107,Charcier,3.2
39108,Charency,2.8
39109,Charézier,4.4
39110,La Charme,2.7
39111,Charnod,1.5
39112,La Chassagne,2.3
39114,Château-Chalon,1.6
39116,La Châtelaine,0.6
39117,Chatelay,4.3
39118,Châtel-de-Joux,1.7
39119,Le Chateley,2.6
39120,Châtelneuf,2.2
39121,Châtenois,3.8
39122,Châtillon,2.9
39124,Chaumergy,2.3
39126,La Chaumusse,3.3
39127,Chaussenans,1.6
39128,Chaussin,2.2
39129,Chaux-des-Crotenay,3.9
39130,Nanchez,0.9
39131,La Chaux-du-Dombief,1.6
39132,La Chaux-en-Bresse,3.0
39133,Chaux-Champagny,3.4
39134,Chavéria,2.4
39136,Chemenot,2.1
39137,Saint-Hymetière-sur-Valouse,3.3
39138,Chemin,2.9
39139,Chêne-Bernard,2.0
39140,Chêne-Sec,1.9
39141,Chevigny,3.3
39142,Chevreaux,2.1
39143,Chevrotaine,2.0
39145,Chille,4.2
39146,Chilly-le-Vignoble,3.9
39147,Chilly-sur-Salins,2.9
39149,Chissey-sur-Loue,3.8
39150,Choisey,4.5
39151,Choux,3.3
39153,Cize,3.3
39154,Clairvaux-les-Lacs,4.0
39155,Clucy,1.5
39156,Cogna,2.6
39157,Coiserette,2.4
39159,Colonne,2.4
39160,Commenailles,3.7
39162,Condamine,3.1
39163,Condes,0.9
39164,Conliège,3.1
39165,Conte,2.8
39166,Cornod,1.8
39167,Cosges,3.5
39168,Courbette,2.6
39169,Courbouzon,3.8
39170,Courlans,4.8
39171,Courlaoux,4.3
39172,Courtefontaine,3.8
39173,Cousance,1.8
39174,Coyrière,1.7
39175,Coyron,6.1
39176,Cramans,5.5
39177,Hauteroche,1.8
39178,Crans,3.0
39179,Crenans,4.5
39180,Cressia,0.8
39182,Crissey,3.7
39183,Crotenay,2.5
39184,Les Crozets,2.5
39185,Cuisia,2.1
39187,Cuvier,2.7
39188,Dammartin-Marpain,4.0
39189,Damparis,4.0
39190,Dampierre,5.2
39191,Darbonnay,4.2
39192,Denezières,2.8
39193,Le Deschaux,3.0
39194,Desnes,4.6
39196,Les Deux-Fays,1.0
39197,Digna,2.2
39198,Dole,5.0
39199,Domblans,4.6
39200,Dompierre-sur-Mont,3.7
39201,Doucier,2.3
39202,Dournon,2.7
39203,Doye,3.1
39204,Dramelay,2.9
39205,Éclans-Nenon,3.7
39206,Écleux,5.7
39207,Écrille,4.3
39208,Entre-deux-Monts,3.5
39209,Val-d'Épy,1.6
39210,Équevillon,4.0
39211,Les Essards-Taignevaux,2.0
39214,Esserval-Tartre,3.0
39216,Étival,2.9
39217,L'Étoile,4.6
39218,Étrepigney,3.5
39219,Évans,4.7
39220,Falletans,3.8
39221,La Favière,3.1
39222,Fay-en-Montagne,2.2
39223,La Ferté,5.0
39225,Le Fied,2.1
39227,Foncine-le-Bas,3.9
39228,Foncine-le-Haut,3.6
39229,Fontainebrux,3.2
39230,Fontenu,2.0
39232,Fort-du-Plasne,3.1
39233,Foucherans,4.8
39234,Foulenay,2.1
39235,Fraisans,4.1
39236,Francheville,2.3
39237,Fraroz,1.7
39238,Frasne-les-Meulières,3.4
39239,La Frasnée,2.6
39240,Le Frasnois,2.8
39241,Frébuans,3.8
39244,Frontenay,3.8
39245,Gatey,2.4
39246,Gendrey,5.8
39247,Genod,3.3
39248,Geraise,2.2
39249,Germigney,4.5
39250,Geruge,1.8
39251,Gevingey,3.7
39252,Gevry,5.7
39253,Gigny,0.3
39254,Gillois,3.5
39255,Gizia,1.8
39258,Grande-Rivière Château,1.0
39259,Grange-de-Vaivre,5.4
39261,Graye-et-Charnay,0.3
39262,Gredisans,3.7
39263,Grozon,3.9
39265,Hautecour,3.3
39266,Les Hays,2.1
39267,Ivory,3.4
39268,Ivrey,3.9
39269,Jeurre,2.4
39270,Jouhe,4.6
39271,Lac-des-Rouges-Truites,3.6
39272,Ladoye-sur-Seille,1.4
39273,Montlainsia,0.2
39274,Lajoux,2.0
39275,Lamoura,3.0
39277,Le Larderet,3.0
39278,Largillay-Marsonnay,4.3
39279,Larnaud,3.2
39280,Larrivoire,1.8
39281,Le Latet,3.0
39282,La Latette,2.8
39283,Lavancia-Epercy,2.0
39284,Lavangeot,4.0
39285,Lavans-lès-Dole,3.7
39286,Lavans-lès-Saint-Claude,3.6
39288,Lavigny,3.7
39289,Lect,2.1
39290,Valzin en Petite Montagne,3.6
39291,Lemuy,2.3
39292,Lent,2.8
39293,Leschères,2.7
39295,Loisia,0.1
39296,Lombard,4.7
39297,Longchaumois,0.5
39298,Longcochon,2.8
39299,Longwy-sur-le-Doubs,2.6
39300,Lons-le-Saunier,4.5
39301,Loulle,2.9
39302,Louvatange,4.4
39304,Le Louverot,3.8
39305,La Loye,3.7
39306,Macornay,2.8
39307,Maisod,4.4
39308,Malange,3.0
39310,Mantry,4.4
39312,Marigna-sur-Valouse,3.6
39313,Marigny,1.6
39314,Marnézia,3.5
39315,Marnoz,4.4
39317,La Marre,1.6
39318,Martigna,3.3
39319,Mathenay,4.0
39320,Maynal,1.9
39321,Menétru-le-Vignoble,2.6
39322,Menétrux-en-Joux,2.0
39323,Menotey,5.0
39324,Mérona,3.4
39325,Mesnay,3.9
39326,Mesnois,4.2
39327,Messia-sur-Sorne,4.0
39328,Meussia,5.1
39329,Mièges,2.5
39330,Miéry,3.0
39331,Mignovillard,3.8
39333,Moirans-en-Montagne,3.3
39334,Moiron,2.7
39335,Moissey,4.1
39336,Molain,2.9
39337,Molamboz,3.8
39338,Molay,3.3
39339,Chassal-Molinges,3.6
39342,Monay,3.5
39343,Monnetay,0.7
39344,Monnet-la-Ville,2.3
39345,Monnières,4.7
39346,Montagna-le-Reconduit,2.0
39348,Montaigu,3.8
39349,Montain,4.5
39350,Montbarrey,4.6
39351,Montcusel,2.0
39352,Monteplain,4.8
39353,Montfleur,1.6
39354,Montholier,4.1
39355,Montigny-lès-Arsures,4.8
39356,Montigny-sur-l'Ain,2.5
39359,Montmarlon,2.8
39360,Montmirey-la-Ville,3.3
39361,Montmirey-le-Château,3.4
39362,Montmorot,4.8
39363,Montrevel,1.1
39364,Montrond,3.2
39365,Mont-sous-Vaudrey,3.4
39366,Mont-sur-Monnet,2.1
39367,Morbier,2.6
39368,Hauts de Bienne,3.0
39370,Mouchard,4.3
39372,Mournans-Charbonny,3.3
39373,Les Moussières,5.7
39375,Moutonne,2.4
39376,Moutoux,3.4
39377,Mutigney,3.6
39378,Les Trois-Châteaux,2.6
39379,Nance,4.2
39380,Nancuise,3.4
39381,Les Nans,2.4
39385,Neublans-Abergement,2.7
39386,Neuvilley,3.6
39387,Nevy-lès-Dole,4.7
39388,Nevy-sur-Seille,2.7
39389,Ney,3.1
39390,Nogna,4.7
39391,Nozeroy,2.8
39392,Offlanges,2.9
39393,Onglières,3.8
39394,Onoz,1.7
39396,Orchamps,4.8
39397,Orgelet,3.4
39398,Ougney,5.2
39399,Ounans,5.4
39400,Our,3.5
39401,Oussières,3.5
39402,Pagney,4.7
39403,Pagnoz,4.9
39404,Pannessières,2.9
39405,Parcey,5.0
39406,Le Pasquier,4.0
39407,Passenans,3.8
39408,Patornay,5.0
39409,Peintre,3.1
39411,Perrigny,3.1
39412,Peseux,3.0
39413,La Pesse,4.6
39415,Petit-Noir,2.8
39418,Picarreau,2.6
39419,Pillemoine,3.1
39420,Pimorin,0.7
39421,Le Pin,4.2
39422,Plainoiseau,5.1
39423,Plaisia,3.4
39424,Les Planches-en-Montagne,4.3
39425,Les Planches-près-Arbois,1.9
39426,Plasne,3.2
39427,Plénise,3.8
39428,Plénisette,3.6
39429,Pleure,2.6
39430,Plumont,3.7
39431,Poids-de-Fiole,4.8
39432,Pointre,3.2
39434,Poligny,3.1
39435,Pont-de-Poitte,5.0
39436,Pont-d'Héry,2.8
39437,Pont-du-Navoy,2.3
39439,Port-Lesney,5.1
39441,Prémanon,2.3
39443,Présilly,2.5
39444,Pretin,4.1
39445,Publy,3.1
39446,Pupillin,2.8
39447,Quintigny,4.8
39448,Rahon,3.6
39449,Rainans,4.5
39451,Ranchot,5.2
39452,Rans,4.9
39453,Ravilloles,1.7
39454,Recanoz,3.1
39455,Reithouse,1.6
39456,Relans,3.9
39457,Les Repôts,2.4
39458,Revigny,3.6
39460,La Rixouse,1.0
39461,Rix,2.5
39462,Rochefort-sur-Nenon,3.6
39463,Rogna,0.6
39464,Romain,4.5
39465,Romange,3.7
39466,Rosay,1.5
39467,Rotalier,1.7
39468,Rothonay,1.5
39469,Rouffange,4.5
39470,Les Rousses,4.0
39471,Ruffey-sur-Seille,4.7
39472,Rye,1.4
39473,Saffloz,2.1
39474,Sainte-Agnès,2.3
39475,Saint-Amour,2.5
39476,Saint-Aubin,3.4
39477,Saint-Baraing,2.5
39478,Saint-Claude,3.7
39479,Saint-Cyr-Montmalin,5.5
39480,Saint-Didier,4.5
39481,Saint-Germain-en-Montagne,4.3
39485,Val Suran,0.7
39486,Saint-Lamain,2.8
39487,Saint-Laurent-en-Grandvaux,2.7
39489,Saint-Lothain,3.5
39490,Saint-Loup,2.5
39491,Coteaux du Lizon,2.8
39492,Saint-Maur,4.3
39493,Saint-Maurice-Crillat,2.4
39494,Saint-Pierre,1.7
39495,Saint-Thiébaud,2.1
39497,Saizenay,3.1
39498,Salans,4.3
39499,Saligney,5.1
39500,Salins-les-Bains,4.1
39501,Sampans,5.0
39502,Santans,3.7
39503,Sapois,3.4
39504,Sarrogna,4.1
39505,Saugeot,2.1
39507,Séligney,2.4
39508,Sellières,3.7
39510,Septmoncel les Molunes,2.8
39511,Sergenaux,1.2
39512,Sergenon,2.0
39513,Sermange,4.2
39514,Serre-les-Moulières,3.5
39517,Sirod,3.5
39518,Songeson,1.4
39519,Soucia,3.8
39520,Souvans,4.0
39522,Supt,2.8
39523,Syam,4.0
39525,Tassenières,2.4
39526,Tavaux,4.2
39527,Taxenne,5.1
39528,Thervay,4.0
39529,Thésy,2.6
39530,Thoirette-Coisia,2.4
39531,Thoiria,4.4
39532,Thoissia,1.6
39533,Toulouse-le-Château,4.2
39534,La Tour-du-Meix,4.3
39535,Tourmont,4.2
39537,Trenal,3.3
39538,Uxelles,2.3
39539,Vadans,5.5
39540,Valempoulières,3.2
39543,Vannoz,3.7
39545,Le Vaudioux,3.4
39546,Vaudrey,4.6
39547,Vaux-lès-Saint-Claude,3.3
39548,Vaux-sur-Poligny,2.8
39550,Verges,2.7
39551,Véria,0.8
39552,Vernantois,1.8
39553,Le Vernois,3.8
39554,Vers-en-Montagne,3.7
39555,Vers-sous-Sellières,3.8
39556,Vertamboz,4.4
39557,Vescles,1.0
39558,Vevy,2.1
39559,La Vieille-Loye,2.7
39560,Villard-Saint-Sauveur,4.0
39561,Villards-d'Héria,3.6
39565,Villeneuve-d'Aval,4.6
39567,Villeneuve-sous-Pymont,4.4
39568,Villerserine,4.3
39569,Villers-Farlay,6.2
39570,Villers-les-Bois,3.1
39571,Villers-Robert,4.1
39572,Villette-lès-Arbois,3.8
39573,Villette-lès-Dole,4.0
39574,Villevieux,4.6
39575,Le Villey,2.3
39576,Val-Sonnette,2.2
39577,Vincent-Froideville,4.0
39579,Viry,2.8
39581,Vitreux,4.2
39582,Voiteur,3.6
39583,Vosbles-Valfin,2.3
39584,Vriange,3.1
39585,Vulvoz,0.3
39586,Aresches,2.0
40001,Aire-sur-l'Adour,4.4
40002,Amou,3.6
40003,Angoumé,4.3
40004,Angresse,7.6
40005,Arboucave,4.6
40006,Arengosse,4.2
40007,Argelos,2.7
40008,Argelouse,3.8
40011,Arsague,3.8
40012,Artassenx,4.4
40013,Arthez-d'Armagnac,3.7
40014,Arue,2.8
40015,Arx,0.0
40016,Aubagnan,3.6
40017,Audignon,2.6
40018,Audon,3.5
40019,Aureilhan,3.9
40020,Aurice,2.8
40021,Azur,5.2
40022,Bahus-Soubiran,4.3
40023,Baigts,3.1
40024,Banos,2.3
40025,Bascons,3.3
40026,Bas-Mauco,4.4
40027,Bassercles,2.4
40028,Bastennes,2.9
40029,Bats,3.1
40030,Baudignan,0.8
40031,Bégaar,3.3
40032,Belhade,3.9
40033,Bélis,3.7
40034,Bélus,3.2
40035,Bénesse-lès-Dax,4.5
40036,Bénesse-Maremne,8.1
40037,Benquet,3.6
40038,Bergouey,3.4
40039,Betbezer-d'Armagnac,3.0
40040,Beylongue,3.3
40041,Beyries,2.6
40042,Biarrotte,3.4
40043,Bias,4.5
40044,Biaudos,3.1
40046,Biscarrosse,5.4
40047,Bonnegarde,3.0
40049,Bordères-et-Lamensans,2.4
40050,Bostens,4.3
40051,Bougue,5.0
40052,Bourdalat,2.7
40053,Bourriot-Bergonce,1.1
40054,Brassempouy,3.3
40055,Bretagne-de-Marsan,4.4
40056,Brocas,4.2
40057,Buanes,2.6
40058,Cachen,4.4
40059,Cagnotte,3.2
40060,Callen,2.7
40061,Campagne,5.0
40062,Campet-et-Lamolère,4.0
40063,Candresse,4.8
40064,Canenx-et-Réaut,1.8
40065,Capbreton,5.6
40066,Carcarès-Sainte-Croix,3.3
40067,Carcen-Ponson,3.5
40068,Cassen,3.3
40069,Castaignos-Souslens,3.9
40070,Castandet,2.7
40071,Castelnau-Chalosse,3.3
40072,Castelnau-Tursan,3.2
40073,Castelner,1.3
40074,Castel-Sarrazin,3.3
40075,Castets,3.2
40076,Cauna,1.9
40077,Cauneille,4.1
40078,Caupenne,3.3
40079,Cazalis,2.7
40080,Cazères-sur-l'Adour,4.1
40081,Cère,2.4
40082,Classun,2.6
40083,Clèdes,3.4
40084,Clermont,4.8
40085,Commensacq,4.2
40086,Coudures,4.2
40087,Créon-d'Armagnac,2.1
40088,Dax,4.9
40089,Doazit,3.6
40090,Donzacq,3.5
40091,Duhort-Bachen,4.3
40092,Dumes,3.4
40093,Escalans,3.0
40094,Escource,3.3
40095,Estibeaux,4.1
40096,Estigarde,1.4
40097,Eugénie-les-Bains,3.6
40098,Eyres-Moncube,4.3
40099,Fargues,2.5
40100,Le Frêche,3.2
40101,Gaas,3.6
40102,Gabarret,3.0
40103,Gaillères,3.8
40104,Gamarde-les-Bains,3.4
40105,Garein,5.0
40106,Garrey,3.6
40108,Gastes,3.8
40109,Gaujacq,3.7
40110,Geaune,4.5
40111,Geloux,2.1
40112,Gibret,3.6
40113,Goos,2.2
40114,Gourbera,3.1
40115,Gousse,3.3
40116,Gouts,2.9
40117,Grenade-sur-l'Adour,2.7
40118,Habas,4.5
40119,Hagetmau,3.2
40120,Hastingues,3.3
40121,Hauriet,2.7
40122,Haut-Mauco,3.7
40123,Herm,1.3
40124,Herré,2.5
40125,Heugas,3.7
40126,Hinx,4.2
40127,Hontanx,3.5
40128,Horsarrieu,3.0
40129,Josse,3.5
40130,Labastide-Chalosse,3.2
40131,Labastide-d'Armagnac,2.7
40132,Labatut,3.9
40133,Labenne,6.2
40134,Labouheyre,3.2
40135,Labrit,4.9
40136,Lacajunte,4.7
40137,Lacquy,4.3
40138,Lacrabe,3.1
40139,Laglorieuse,4.1
40140,Lagrange,1.8
40141,Lahosse,2.4
40142,Laluque,2.3
40143,Lamothe,1.7
40144,Larbey,2.8
40145,Larrivière-Saint-Savin,1.9
40146,Latrille,4.0
40147,Laurède,2.8
40148,Lauret,4.3
40149,Lencouacq,2.9
40150,Léon,5.1
40151,Lesgor,2.7
40152,Lesperon,4.3
40153,Le Leuy,2.9
40154,Lévignacq,2.3
40155,Linxe,4.3
40156,Liposthey,4.9
40157,Lit-et-Mixe,2.6
40158,Losse,0.0
40159,Louer,3.1
40160,Lourquen,2.7
40161,Lubbon,0.8
40162,Lucbardez-et-Bargues,3.7
40163,Lüe,4.3
40164,Retjons,1.5
40165,Luglon,5.0
40166,Lussagnet,3.0
40167,Luxey,2.2
40168,Magescq,3.9
40169,Maillas,1.8
40170,Maillères,1.6
40171,Mano,3.5
40172,Mant,3.6
40173,Marpaps,3.0
40174,Mauries,3.6
40175,Maurrin,3.7
40176,Mauvezin-d'Armagnac,1.4
40177,Maylis,2.6
40178,Mazerolles,3.3
40179,Mées,5.1
40180,Meilhan,4.3
40181,Messanges,5.0
40182,Mézos,3.2
40183,Mimbaste,3.2
40184,Mimizan,3.9
40185,Miramont-Sensacq,3.2
40186,Misson,2.8
40187,Moliets-et-Maa,5.1
40188,Momuy,3.4
40189,Monget,3.2
40190,Monségur,4.4
40191,Montaut,1.5
40192,Mont-de-Marsan,4.5
40193,Montégut,2.9
40194,Montfort-en-Chalosse,3.7
40195,Montgaillard,2.1
40196,Montsoué,3.0
40197,Morcenx-la-Nouvelle,4.9
40198,Morganx,2.8
40199,Mouscardès,3.9
40200,Moustey,1.9
40201,Mugron,2.9
40202,Narrosse,5.0
40203,Nassiet,3.6
40204,Nerbis,3.2
40205,Nousse,3.4
40206,Oeyregave,4.8
40207,Oeyreluy,4.7
40208,Onard,3.7
40209,Ondres,6.7
40210,Onesse-Laharie,2.7
40211,Orist,2.8
40212,Orthevielle,3.3
40213,Orx,3.7
40214,Ossages,3.6
40215,Ousse-Suzan,3.1
40216,Ozourt,4.2
40217,Parentis-en-Born,6.0
40218,Parleboscq,3.8
40219,Payros-Cazautets,2.9
40220,Pécorade,3.2
40221,Perquie,3.1
40222,Pey,3.2
40223,Peyre,2.9
40224,Peyrehorade,4.4
40225,Philondenx,3.8
40226,Pimbo,4.6
40227,Pissos,2.9
40228,Pomarez,3.7
40229,Pontenx-les-Forges,4.6
40230,Pontonx-sur-l'Adour,4.3
40231,Port-de-Lanne,3.8
40232,Poudenx,2.0
40233,Pouillon,3.7
40234,Pouydesseaux,4.6
40235,Poyanne,3.8
40236,Poyartin,3.0
40237,Préchacq-les-Bains,2.8
40238,Pujo-le-Plan,3.4
40239,Puyol-Cazalet,4.0
40240,Renung,3.5
40242,Rimbez-et-Baudiets,1.5
40243,Rion-des-Landes,3.2
40244,Rivière-Saas-et-Gourby,3.4
40245,Roquefort,3.0
40246,Sabres,3.5
40247,Saint-Agnet,4.1
40248,Saint-André-de-Seignanx,3.4
40249,Saint-Aubin,3.5
40250,Saint-Avit,3.8
40251,Saint-Barthélemy,2.9
40252,Sainte-Colombe,3.4
40253,Saint-Cricq-Chalosse,3.4
40254,Saint-Cricq-du-Gave,4.0
40255,Saint-Cricq-Villeneuve,3.4
40256,Saint-Étienne-d'Orthe,2.5
40257,Sainte-Eulalie-en-Born,3.7
40258,Sainte-Foy,3.9
40259,Saint-Gein,4.6
40260,Saint-Geours-d'Auribat,3.7
40261,Saint-Geours-de-Maremne,6.2
40262,Saint-Gor,2.6
40263,Saint-Jean-de-Lier,3.0
40264,Saint-Jean-de-Marsacq,4.6
40265,Saint-Julien-d'Armagnac,2.1
40266,Saint-Julien-en-Born,3.4
40267,Saint-Justin,3.1
40268,Saint-Laurent-de-Gosse,2.4
40269,Saint-Lon-les-Mines,3.9
40270,Saint-Loubouer,2.6
40271,Sainte-Marie-de-Gosse,2.9
40272,Saint-Martin-de-Hinx,3.4
40273,Saint-Martin-de-Seignanx,2.9
40274,Saint-Martin-d'Oney,3.1
40275,Saint-Maurice-sur-Adour,3.3
40276,Saint-Michel-Escalus,5.0
40277,Saint-Pandelon,4.8
40278,Saint-Paul-en-Born,4.6
40279,Saint-Paul-lès-Dax,4.7
40280,Saint-Perdon,4.0
40281,Saint-Pierre-du-Mont,4.5
40282,Saint-Sever,3.5
40283,Saint-Vincent-de-Paul,4.4
40284,Saint-Vincent-de-Tyrosse,5.6
40285,Saint-Yaguen,3.8
40286,Samadet,4.2
40287,Sanguinet,3.1
40288,Sarbazan,3.5
40289,Sarraziet,2.4
40290,Sarron,3.5
40291,Saubion,6.3
40292,Saubrigues,6.2
40293,Saubusse,4.1
40294,Saugnac-et-Cambran,4.2
40295,Saugnac-et-Muret,3.1
40296,Seignosse,5.7
40297,Le Sen,2.8
40298,Serres-Gaston,3.3
40299,Serreslous-et-Arribans,3.3
40300,Seyresse,4.5
40301,Siest,3.0
40303,Solférino,2.9
40304,Soorts-Hossegor,5.6
40305,Sorbets,3.6
40306,Sorde-l'Abbaye,4.2
40307,Sore,4.3
40308,Sort-en-Chalosse,4.6
40309,Souprosse,2.8
40310,Soustons,4.6
40311,Taller,2.1
40312,Tarnos,6.2
40313,Tartas,3.5
40314,Tercis-les-Bains,4.3
40315,Téthieu,4.4
40316,Tilh,4.2
40317,Tosse,5.1
40318,Toulouzette,2.3
40319,Trensacq,3.9
40320,Uchacq-et-Parentis,3.5
40321,Urgons,3.8
40322,Uza,3.2
40323,Vert,4.9
40324,Vicq-d'Auribat,3.2
40325,Vielle-Tursan,3.1
40326,Vielle-Saint-Girons,4.3
40327,Vielle-Soubiran,1.1
40328,Vieux-Boucau-les-Bains,5.5
40329,Le Vignau,4.2
40330,Villenave,4.3
40331,Villeneuve-de-Marsan,3.7
40332,Ychoux,2.9
40333,Ygos-Saint-Saturnin,2.8
40334,Yzosse,5.2
41001,Ambloy,3.5
41002,Angé,3.2
41003,Areines,1.9
41004,Artins,2.6
41006,Autainville,1.8
41007,Authon,4.3
41008,Avaray,2.4
41009,Averdon,1.4
41010,Azé,1.2
41012,Baillou,0.8
41013,Bauzy,1.2
41014,Beauchêne,0.6
41016,Billy,2.0
41017,Binas,1.5
41018,Blois,3.5
41019,Boisseau,1.7
41020,Bonneveau,1.8
41022,Bouffry,1.3
41024,Boursay,0.8
41025,Bracieux,3.2
41026,Brévainville,2.0
41027,Briou,1.7
41028,Busloup,1.7
41029,Candé-sur-Beuvron,3.2
41030,Cellé,1.8
41031,Cellettes,3.7
41032,Chailles,3.2
41034,Chambord,2.7
41035,Champigny-en-Beauce,0.9
41036,Chaon,1.9
41037,La Chapelle-Enchérie,1.6
41038,La Chapelle-Montmartin,1.9
41039,La Chapelle-Saint-Martin-en-Plaine,1.5
41040,La Chapelle-Vendômoise,1.7
41041,La Chapelle-Vicomtesse,1.6
41042,Châteauvieux,2.3
41043,Châtillon-sur-Cher,2.9
41044,Châtres-sur-Cher,2.3
41045,Chaumont-sur-Loire,2.7
41046,Chaumont-sur-Tharonne,3.8
41047,La Chaussée-Saint-Victor,3.2
41048,Chauvigny-du-Perche,1.4
41049,Chémery,2.8
41050,Cheverny,3.2
41051,Chissay-en-Touraine,3.4
41052,Chitenay,3.6
41053,Choue,0.7
41054,Choussy,1.8
41055,Valloire-sur-Cisse,2.6
41057,Conan,1.2
41058,Concriers,1.9
41059,Le Controis-en-Sologne,3.3
41060,Cormenon,0.8
41061,Cormeray,2.8
41062,Couddes,3.3
41063,Couffy,2.9
41065,Coulommiers-la-Tour,1.6
41066,Courbouzon,2.7
41067,Cour-Cheverny,3.3
41068,Courmemin,1.5
41069,Cour-sur-Loire,2.1
41070,Vallée-de-Ronsard,2.9
41071,Crouy-sur-Cosson,2.8
41072,Crucheray,2.9
41073,Danzé,1.7
41074,Dhuizon,2.5
41075,Droué,1.5
41077,Épiais,1.6
41078,Épuisay,1.0
41079,Les Essarts,1.9
41080,Faverolles-sur-Cher,2.8
41081,Faye,1.7
41083,La Ferté-Beauharnais,2.5
41084,La Ferté-Imbault,1.9
41085,La Ferté-Saint-Cyr,2.6
41086,Fontaines-en-Sologne,2.8
41087,Fontaine-les-Coteaux,2.5
41088,Fontaine-Raoul,1.2
41089,La Fontenelle,1.5
41090,Fortan,1.4
41091,Fossé,2.6
41093,Françay,2.2
41094,Fresnes,3.1
41095,Fréteval,2.1
41096,Le Gault-du-Perche,2.0
41097,Gièvres,2.5
41098,Gombergean,2.5
41099,Gy-en-Sologne,2.0
41100,Les Hayes,1.9
41101,Herbault,1.8
41102,Houssay,3.1
41103,Huisseau-en-Beauce,3.3
41104,Huisseau-sur-Cosson,3.2
41105,Josnes,2.1
41106,Lamotte-Beuvron,3.7
41107,Lancé,2.3
41108,Lancôme,2.0
41109,Landes-le-Gaulois,1.6
41110,Langon-sur-Cher,2.1
41112,Lassay-sur-Croisne,2.4
41113,Lavardin,2.8
41114,Lestiou,2.0
41115,Lignières,1.9
41116,Lisle,2.0
41118,Loreux,2.5
41119,Lorges,1.5
41120,Lunay,2.1
41121,La Madeleine-Villefrouin,1.7
41122,Maray,1.6
41123,Marchenoir,1.9
41124,Marcilly-en-Beauce,2.7
41125,Marcilly-en-Gault,1.7
41126,Mareuil-sur-Cher,3.3
41127,La Marolle-en-Sologne,2.3
41128,Marolles,2.3
41129,Maslives,1.9
41130,Maves,1.2
41131,Mazangé,1.7
41132,Méhers,1.9
41134,Menars,2.2
41135,Mennetou-sur-Cher,2.4
41136,Mer,3.0
41137,Mesland,2.7
41138,Meslay,1.9
41139,Meusnes,2.8
41140,Millançay,2.2
41141,Moisy,2.0
41142,Valencisse,2.4
41143,Mondoubleau,0.5
41144,Monteaux,3.0
41145,Monthou-sur-Bièvre,2.4
41146,Monthou-sur-Cher,3.0
41147,Les Montils,2.7
41148,Montlivault,2.2
41149,Montoire-sur-le-Loir,3.1
41150,Mont-près-Chambord,3.3
41151,Montrichard Val de Cher,3.3
41152,Montrieux-en-Sologne,2.3
41153,Montrouveau,1.5
41154,Morée,1.8
41155,Muides-sur-Loire,3.2
41156,Mulsans,1.0
41157,Mur-de-Sologne,2.2
41158,Naveil,2.4
41159,Neung-sur-Beuvron,1.9
41160,Neuvy,2.7
41161,Nouan-le-Fuzelier,3.2
41163,Nourray,2.7
41164,Noyers-sur-Cher,2.8
41166,Oisly,3.0
41167,Veuzain-sur-Loire,3.2
41168,Orçay,2.0
41171,Oucques La Nouvelle,1.9
41172,Ouzouer-le-Doyen,1.3
41173,Beauce la Romaine,1.2
41174,Périgny,2.5
41175,Pezou,2.2
41176,Pierrefitte-sur-Sauldre,2.2
41177,Le Plessis-Dorin,1.3
41178,Le Plessis-l'Échelle,1.9
41179,Le Poislay,1.4
41180,Pontlevoy,2.9
41181,Pouillé,3.4
41182,Pray,2.1
41184,Prunay-Cassereau,3.5
41185,Pruniers-en-Sologne,2.8
41186,Rahart,1.9
41187,Renay,1.2
41188,Rhodon,1.2
41189,Rilly-sur-Loire,3.1
41190,Rocé,1.8
41191,Roches,2.4
41192,Les Roches-l'Évêque,2.7
41193,Romilly,0.8
41194,Romorantin-Lanthenay,3.2
41195,Rougeou,1.7
41196,Ruan-sur-Egvonne,1.5
41198,Saint-Aignan,2.7
41199,Saint-Amand-Longpré,3.9
41200,Sainte-Anne,2.7
41201,Saint-Arnoult,3.0
41203,Saint-Bohaire,2.5
41204,Saint-Claude-de-Diray,3.1
41205,Saint-Cyr-du-Gault,3.3
41206,Saint-Denis-sur-Loire,2.6
41207,Saint-Dyé-sur-Loire,2.1
41208,Saint-Étienne-des-Guérets,3.0
41209,Saint-Firmin-des-Prés,2.0
41211,Saint-Georges-sur-Cher,3.4
41212,Saint-Gervais-la-Forêt,3.5
41213,Saint-Gourgon,2.7
41214,Saint-Hilaire-la-Gravelle,1.8
41215,Saint-Jacques-des-Guérets,2.9
41216,Saint-Jean-Froidmentel,1.7
41217,Saint-Julien-de-Chédon,3.1
41218,Saint-Julien-sur-Cher,2.2
41219,Saint-Laurent-des-Bois,1.7
41220,Saint-Laurent-Nouan,2.0
41221,Saint-Léonard-en-Beauce,2.2
41222,Saint-Loup,1.3
41223,Saint-Lubin-en-Vergonnois,2.0
41224,Saint-Marc-du-Cor,0.6
41225,Saint-Martin-des-Bois,2.2
41226,Saint-Ouen,2.2
41228,Saint-Rimay,3.2
41229,Saint-Romain-sur-Cher,3.3
41230,Saint-Sulpice-de-Pommeray,2.6
41231,Saint-Viâtre,2.6
41232,Salbris,1.8
41233,Sambin,3.4
41234,Santenay,1.6
41235,Sargé-sur-Braye,1.1
41236,Sasnières,3.1
41237,Sassay,2.1
41238,Savigny-sur-Braye,1.4
41239,Seigy,3.1
41241,Selles-Saint-Denis,2.4
41242,Selles-sur-Cher,2.4
41243,Selommes,1.9
41245,Séris,2.6
41246,Seur,3.1
41247,Soings-en-Sologne,2.1
41248,Couëtron-au-Perche,1.2
41249,Souesmes,1.0
41250,Sougé,2.7
41251,Souvigny-en-Sologne,1.8
41252,Suèvres,2.0
41253,Talcy,1.8
41254,Le Temple,1.0
41255,Ternay,2.0
41256,Theillay,2.4
41258,Thésée,3.5
41259,Thoré-la-Rochette,2.9
41260,Thoury,2.9
41261,Tourailles,1.6
41262,Tour-en-Sologne,3.3
41265,Troo,2.9
41266,Valaire,1.9
41267,Vallières-les-Grandes,4.2
41268,Veilleins,2.2
41269,Vendôme,2.6
41271,Vernou-en-Sologne,1.9
41273,Vievy-le-Rayé,1.8
41274,Villavard,3.2
41275,La Ville-aux-Clercs,1.5
41276,Villebarou,3.6
41277,Villebout,1.6
41278,Villechauve,3.3
41279,Villedieu-le-Château,2.0
41280,Villefranche-sur-Cher,2.9
41281,Villefrancœur,1.0
41282,Villeherviers,3.1
41283,Villemardy,2.0
41284,Villeneuve-Frouville,1.8
41285,Villeny,2.2
41286,Villeporcher,3.7
41287,Villerable,2.8
41288,Villerbon,1.6
41289,Villermain,1.1
41290,Villeromain,2.9
41291,Villetrun,1.9
41292,Villexanton,1.7
41293,Villiersfaux,2.8
41294,Villiers-sur-Loir,2.1
41295,Vineuil,4.5
41296,Vouzon,3.7
41297,Yvoy-le-Marron,2.9
42001,Aboën,2.6
42002,Ailleux,3.4
42003,Ambierle,2.5
42005,Andrézieux-Bouthéon,5.7
42006,Apinac,4.0
42007,Arcinges,1.4
42008,Arcon,0.4
42009,Arthun,3.6
42010,Aveizieux,2.4
42011,Balbigny,2.7
42012,Bard,1.6
42013,Bellegarde-en-Forez,3.6
42014,Belleroche,1.4
42015,Belmont-de-la-Loire,1.6
42016,La Bénisson-Dieu,2.2
42017,Le Bessat,0.4
42018,Bessey,2.7
42019,Boën-sur-Lignon,3.1
42020,Boisset-lès-Montrond,3.6
42021,Boisset-Saint-Priest,2.6
42022,Bonson,4.8
42023,Bourg-Argental,2.8
42025,Boyer,1.6
42026,Briennon,1.6
42027,Bully,0.3
42028,Burdignes,2.3
42029,Bussières,3.1
42030,Bussy-Albieux,3.8
42031,Caloire,1.3
42032,Cellieu,2.8
42033,Le Cergne,1.5
42034,Cervières,3.1
42035,Cezay,3.1
42036,Chagnon,2.4
42037,Chalain-d'Uzore,3.0
42038,Chalain-le-Comtal,3.3
42039,Chalmazel-Jeansagnière,0.0
42040,La Chamba,0.7
42041,Chambéon,3.1
42042,Chambles,1.4
42043,Chambœuf,3.5
42044,Le Chambon-Feugerolles,4.3
42045,La Chambonie,0.7
42046,Champdieu,4.0
42047,Champoly,3.5
42048,Chandon,2.4
42049,Changy,2.7
42050,La Chapelle-en-Lafaye,3.2
42051,La Chapelle-Villars,2.0
42052,Charlieu,2.2
42053,Châteauneuf,2.7
42054,Châtelneuf,4.2
42055,Châtelus,1.5
42056,Chavanay,4.2
42058,Chazelles-sur-Lavieu,1.5
42059,Chazelles-sur-Lyon,3.4
42060,Chenereilles,2.4
42061,Cherier,1.4
42062,Chevrières,3.3
42063,Chirassimont,3.9
42064,Chuyer,1.6
42065,Civens,4.9
42066,Cleppé,3.9
42067,Colombier,1.7
42068,Combre,3.3
42069,Commelle-Vernay,2.4
42070,Cordelle,0.6
42071,Le Coteau,4.1
42072,La Côte-en-Couzan,0.7
42073,Cottance,4.0
42074,Coutouvre,1.3
42075,Craintilleux,3.9
42076,Cremeaux,1.4
42077,Croizet-sur-Gand,3.6
42078,Le Crozet,1.9
42079,Cuinzier,2.4
42081,Cuzieu,3.5
42083,Dargoire,3.5
42084,Débats-Rivière-d'Orpra,2.5
42085,Doizieux,0.4
42086,Écoche,1.7
42087,Écotay-l'Olme,2.4
42088,Épercieux-Saint-Paul,3.4
42089,Essertines-en-Châtelneuf,2.9
42090,Essertines-en-Donzy,3.5
42091,Estivareilles,3.4
42092,L'Étrat,5.0
42093,Farnay,2.5
42094,Feurs,2.9
42095,Firminy,3.1
42096,Fontanès,1.3
42097,La Fouillouse,5.2
42098,Fourneaux,3.6
42099,Fraisses,3.5
42100,La Gimond,2.4
42101,Graix,1.4
42102,Grammond,0.9
42103,La Grand-Croix,5.0
42104,La Gresle,1.1
42105,Grézieux-le-Fromental,4.1
42106,Grézolles,3.2
42107,Gumières,1.5
42108,L'Hôpital-le-Grand,4.1
42109,L'Hôpital-sous-Rochefort,3.1
42110,L'Horme,3.4
42112,Jarnosse,1.7
42113,Jas,2.9
42115,Jonzieux,3.5
42116,Juré,3.4
42117,Lavieu,1.0
42118,Lay,3.1
42119,Leigneux,3.0
42120,Lentigny,2.4
42121,Lérigneux,2.7
42122,Lézigneux,2.2
42123,Lorette,3.9
42124,Lupé,3.0
42125,Luré,2.3
42126,Luriecq,3.2
42127,Mably,3.5
42128,Machézal,3.5
42129,Maclas,2.9
42130,Magneux-Haute-Rive,3.3
42131,Maizilly,2.2
42132,Malleval,3.3
42133,Marcenod,0.7
42134,Marcilly-le-Châtel,3.7
42135,Marclopt,3.1
42136,Marcoux,2.1
42137,Margerie-Chantagret,2.4
42138,Maringes,3.1
42139,Marlhes,3.6
42140,Marols,2.8
42141,Mars,2.1
42142,Merle-Leignec,2.7
42143,Mizérieux,2.6
42145,Montagny,2.3
42146,Montarcher,1.0
42147,Montbrison,3.3
42148,Montchal,2.1
42149,Montrond-les-Bains,3.7
42150,Montverdun,4.0
42151,Mornand-en-Forez,3.4
42152,Nandax,1.9
42153,Neaux,2.5
42154,Néronde,2.1
42155,Nervieux,3.7
42156,Neulise,3.1
42157,Noailly,2.6
42158,Les Noës,1.0
42159,Noirétable,3.4
42160,Nollieux,2.5
42161,Notre-Dame-de-Boisset,3.8
42162,Ouches,3.4
42163,La Pacaudière,2.1
42164,Palogneux,1.3
42165,Panissières,2.4
42166,Parigny,3.8
42167,Pavezin,1.0
42168,Pélussin,2.5
42169,Périgneux,1.7
42170,Perreux,3.8
42171,Pinay,2.0
42172,Planfoy,1.6
42173,Pommiers-en-Forez,2.8
42174,Poncins,3.6
42175,Pouilly-lès-Feurs,4.0
42176,Pouilly-les-Nonains,2.9
42177,Pouilly-sous-Charlieu,2.4
42178,Pradines,2.4
42179,Pralong,4.1
42180,Précieux,3.5
42181,Régny,2.5
42182,Renaison,2.4
42183,La Ricamarie,3.5
42184,Riorges,3.5
42185,Rivas,4.1
42186,Rive-de-Gier,3.3
42187,Roanne,3.3
42188,Roche,3.1
42189,Roche-la-Molière,5.3
42191,Roisey,2.4
42192,Rozier-Côtes-d'Aurec,1.9
42193,Rozier-en-Donzy,2.9
42194,Sail-les-Bains,1.4
42195,Sail-sous-Couzan,1.9
42196,Sainte-Agathe-en-Donzy,2.3
42197,Sainte-Agathe-la-Bouteresse,3.7
42198,Saint-Alban-les-Eaux,2.5
42199,Saint-André-d'Apchon,2.1
42200,Saint-André-le-Puy,3.1
42201,Saint-Appolinard,2.6
42202,Saint-Barthélemy-Lestra,3.2
42203,Saint-Bonnet-des-Quarts,1.7
42204,Saint-Bonnet-le-Château,3.8
42205,Saint-Bonnet-le-Courreau,3.3
42206,Saint-Bonnet-les-Oules,3.3
42207,Saint-Chamond,3.3
42208,Saint-Christo-en-Jarez,0.8
42209,Sainte-Colombe-sur-Gand,2.5
42210,Sainte-Croix-en-Jarez,0.6
42211,Saint-Cyprien,5.5
42212,Saint-Cyr-de-Favières,2.7
42213,Saint-Cyr-de-Valorges,1.9
42214,Saint-Cyr-les-Vignes,3.4
42215,Saint-Denis-de-Cabanne,2.8
42216,Saint-Denis-sur-Coise,3.4
42217,Saint-Didier-sur-Rochefort,1.4
42218,Saint-Étienne,4.1
42219,Saint-Étienne-le-Molard,3.6
42220,Saint-Forgeux-Lespinasse,2.7
42221,Sainte-Foy-Saint-Sulpice,4.2
42222,Saint-Galmier,3.6
42223,Saint-Genest-Lerpt,5.9
42224,Saint-Genest-Malifaux,2.7
42225,Genilac,2.6
42226,Saint-Georges-de-Baroille,2.1
42227,Saint-Georges-en-Couzan,0.7
42228,Saint-Georges-Haute-Ville,3.1
42229,Saint-Germain-la-Montagne,1.4
42230,Saint-Germain-Laval,3.1
42231,Saint-Germain-Lespinasse,2.9
42232,Saint-Haon-le-Châtel,2.5
42233,Saint-Haon-le-Vieux,2.5
42234,Saint-Héand,2.3
42235,Saint-Hilaire-Cusson-la-Valmitte,3.2
42236,Saint-Hilaire-sous-Charlieu,2.2
42237,Saint-Jean-Bonnefonds,3.3
42238,Saint-Jean-la-Vêtre,2.4
42239,Saint-Jean-Saint-Maurice-sur-Loire,1.9
42240,Saint-Jean-Soleymieux,2.1
42241,Saint-Jodard,1.6
42242,Saint-Joseph,2.0
42243,Saint-Julien-d'Oddes,3.1
42245,Vêtre-sur-Anzon,2.9
42246,Saint-Julien-Molin-Molette,2.8
42247,Saint-Just-en-Bas,0.0
42248,Saint-Just-en-Chevalet,2.6
42249,Saint-Just-la-Pendue,2.4
42251,Saint-Laurent-la-Conche,2.2
42252,Saint-Laurent-Rochefort,2.5
42253,Saint-Léger-sur-Roanne,3.5
42254,Saint-Marcel-de-Félines,2.3
42255,Saint-Marcel-d'Urfé,3.9
42256,Saint-Marcellin-en-Forez,4.3
42257,Saint-Martin-d'Estréaux,2.0
42259,Saint-Martin-la-Plaine,1.6
42260,Saint-Martin-la-Sauveté,3.0
42261,Saint-Martin-Lestra,3.2
42262,Saint-Maurice-en-Gourgois,2.1
42264,Saint-Médard-en-Forez,2.8
42265,Saint-Michel-sur-Rhône,3.0
42266,Saint-Nizier-de-Fornas,2.5
42267,Saint-Nizier-sous-Charlieu,2.1
42268,Vézelin-sur-Loire,1.1
42269,Saint-Paul-d'Uzore,3.0
42270,Saint-Paul-en-Cornillon,2.6
42271,Saint-Paul-en-Jarez,2.6
42272,Saint-Pierre-de-Bœuf,3.0
42273,Saint-Pierre-la-Noaille,1.9
42274,Saint-Polgues,0.6
42275,Saint-Priest-en-Jarez,5.0
42276,Saint-Priest-la-Prugne,1.1
42277,Saint-Priest-la-Roche,0.8
42278,Saint-Priest-la-Vêtre,2.1
42279,Saint-Just-Saint-Rambert,4.4
42280,Saint-Régis-du-Coin,1.9
42281,Saint-Rirand,0.7
42282,Saint-Romain-d'Urfé,2.9
42283,Saint-Romain-en-Jarez,1.0
42284,Saint-Romain-la-Motte,3.2
42285,Saint-Romain-le-Puy,4.4
42286,Saint-Romain-les-Atheux,3.0
42287,Saint-Sauveur-en-Rue,2.9
42288,Saint-Sixte,3.4
42289,Saint-Symphorien-de-Lay,3.1
42290,Saint-Thomas-la-Garde,2.8
42293,Saint-Victor-sur-Rhins,4.0
42294,Saint-Vincent-de-Boisset,3.5
42295,Les Salles,4.3
42296,Salt-en-Donzy,4.6
42297,Salvizinet,4.5
42298,Sauvain,2.1
42299,Savigneux,3.2
42300,Sevelinges,2.0
42301,Soleymieux,2.3
42302,Sorbiers,3.0
42303,Souternon,1.5
42304,Sury-le-Comtal,5.0
42305,La Talaudière,3.7
42306,Tarentaise,0.4
42307,Tartaras,3.8
42308,La Terrasse-sur-Dorlay,1.3
42310,Thélis-la-Combe,1.1
42311,La Tour-en-Jarez,3.7
42312,La Tourette,3.0
42313,Trelins,4.1
42314,La Tuilière,1.6
42315,Unias,3.2
42316,Unieux,3.2
42317,Urbise,1.1
42318,Usson-en-Forez,4.4
42319,Valeille,2.8
42320,Valfleury,1.6
42321,La Valla-sur-Rochefort,0.0
42322,La Valla-en-Gier,0.5
42323,Veauche,4.7
42324,Veauchette,3.9
42325,Vendranges,3.1
42326,Véranne,1.7
42327,Vérin,3.0
42328,Verrières-en-Forez,1.3
42329,La Versanne,2.1
42330,Villars,5.4
42331,Villemontais,1.8
42332,Villerest,2.8
42333,Villers,1.9
42334,Violay,1.2
42335,Viricelles,3.8
42336,Virigneux,3.3
42337,Vivans,1.9
42338,Vougy,3.0
42339,Chausseterre,3.0
43001,Agnat,1.8
43002,Aiguilhe,5.0
43003,Allègre,3.7
43004,Alleyrac,1.4
43005,Alleyras,0.0
43006,Ally,0.0
43007,Araules,3.1
43008,Arlempdes,2.5
43009,Arlet,1.2
43010,Arsac-en-Velay,4.5
43011,Aubazat,2.7
43012,Aurec-sur-Loire,2.1
43013,Vissac-Auteyrac,1.7
43014,Autrac,0.7
43015,Auvers,0.0
43016,Auzon,3.6
43017,Azérat,3.8
43018,Bains,1.6
43019,Barges,3.9
43020,Bas-en-Basset,2.7
43021,Beaulieu,2.4
43022,Beaumont,4.6
43023,Beaune-sur-Arzon,1.5
43024,Beaux,3.5
43025,Beauzac,3.5
43026,Bellevue-la-Montagne,4.0
43027,Berbezit,1.0
43028,Bessamorel,3.6
43029,La Besseyre-Saint-Mary,0.0
43030,Blanzac,4.1
43031,Blassac,0.1
43032,Blavozy,4.4
43033,Blesle,1.7
43034,Boisset,2.6
43035,Bonneval,3.8
43036,Borne,2.8
43037,Le Bouchet-Saint-Nicolas,2.6
43038,Bournoncle-Saint-Pierre,5.2
43039,Le Brignon,1.5
43040,Brioude,3.3
43041,Brives-Charensac,4.5
43042,Cayres,2.4
43043,Céaux-d'Allègre,2.9
43044,Cerzat,3.4
43045,Ceyssac,3.2
43046,Chadrac,5.7
43047,Chadron,2.5
43048,La Chaise-Dieu,3.8
43049,Chamalières-sur-Loire,2.8
43050,Chambezon,3.8
43051,Le Chambon-sur-Lignon,5.0
43052,Champagnac-le-Vieux,0.1
43053,Champclause,2.6
43054,Chanaleilles,0.0
43055,Chaniat,1.7
43056,Chanteuges,3.3
43057,La Chapelle-Bertin,2.3
43058,La Chapelle-d'Aurec,2.8
43059,La Chapelle-Geneste,3.1
43060,Charraix,1.1
43061,Chaspinhac,2.2
43062,Chaspuzac,2.5
43063,Chassagnes,1.1
43064,Chassignolles,0.0
43065,Chastel,0.0
43066,Chaudeyrolles,2.1
43067,Chavaniac-Lafayette,3.0
43068,Chazelles,1.1
43069,Chenereilles,2.5
43070,Chilhac,3.1
43071,Chomelix,3.8
43072,La Chomette,4.0
43073,Cistrières,2.0
43074,Cohade,4.6
43075,Collat,0.4
43076,Connangles,3.1
43077,Costaros,2.9
43078,Coubon,5.1
43079,Couteuges,4.2
43080,Craponne-sur-Arzon,3.1
43082,Cronce,0.0
43083,Cubelles,0.0
43084,Cussac-sur-Loire,2.9
43085,Desges,0.0
43086,Domeyrat,2.0
43087,Dunières,4.3
43088,Espalem,4.7
43089,Espaly-Saint-Marcel,4.4
43090,Esplantas-Vazeilles,0.0
43091,Les Estables,1.4
43092,Fay-sur-Lignon,2.9
43093,Félines,5.4
43094,Ferrussac,0.0
43095,Fix-Saint-Geneys,2.1
43096,Fontannes,3.1
43097,Freycenet-la-Cuche,0.7
43098,Freycenet-la-Tour,2.5
43099,Frugerès-les-Mines,6.4
43100,Frugières-le-Pin,2.4
43101,Goudet,2.3
43102,Grazac,2.9
43103,Grenier-Montgon,2.7
43104,Grèzes,0.0
43105,Javaugues,2.4
43106,Jax,1.5
43107,Josat,1.1
43108,Jullianges,4.0
43109,Lafarre,0.8
43110,Lamothe,3.7
43111,Landos,2.7
43112,Langeac,3.7
43113,Lantriac,3.9
43114,Lapte,3.3
43115,Laussonne,2.5
43116,Laval-sur-Doulon,0.0
43117,Lavaudieu,2.4
43118,Lavoûte-Chilhac,1.6
43119,Lavoûte-sur-Loire,2.3
43120,Lempdes-sur-Allagnon,6.4
43121,Léotoing,2.2
43122,Lissac,2.6
43123,Lorlanges,6.3
43124,Loudes,2.3
43125,Lubilhac,0.6
43126,Malrevers,3.6
43127,Malvalette,1.4
43128,Malvières,3.1
43129,Le Mas-de-Tence,2.8
43130,Mazet-Saint-Voy,5.8
43131,Mazerat-Aurouze,2.2
43132,Mazeyrat-d'Allier,4.1
43133,Mercœur,0.0
43134,Mézères,2.7
43135,Le Monastier-sur-Gazeille,3.0
43136,Monistrol-d'Allier,0.1
43137,Monistrol-sur-Loire,5.2
43138,Monlet,4.6
43139,Montclard,0.7
43140,Le Monteil,5.7
43141,Montfaucon-en-Velay,4.3
43142,Montregard,3.8
43143,Montusclat,1.5
43144,Moudeyres,1.7
43145,Ouides,0.7
43147,Paulhac,3.2
43148,Paulhaguet,3.1
43149,Pébrac,1.1
43150,Le Pertuis,3.7
43151,Pinols,0.0
43152,Polignac,3.9
43153,Pont-Salomon,4.6
43154,Pradelles,5.0
43155,Prades,1.1
43156,Présailles,2.1
43157,Le Puy-en-Velay,4.7
43158,Queyrières,2.9
43159,Raucoules,3.4
43160,Rauret,1.9
43162,Retournac,3.3
43163,Riotord,4.0
43164,Roche-en-Régnier,2.5
43165,Rosières,2.6
43166,Saint-André-de-Chalencon,1.4
43167,Saint-Arcons-d'Allier,3.3
43168,Saint-Arcons-de-Barges,2.3
43169,Saint-Austremoine,0.1
43170,Saint-Beauzire,3.8
43171,Saint-Bérain,0.3
43172,Saint-Bonnet-le-Froid,2.5
43173,Saint-Christophe-d'Allier,0.7
43174,Saint-Christophe-sur-Dolaison,2.6
43175,Saint-Cirgues,1.6
43177,Saint-Didier-en-Velay,3.2
43178,Saint-Didier-sur-Doulon,0.4
43180,Saint-Étienne-du-Vigan,2.0
43181,Saint-Étienne-Lardeyrol,4.2
43182,Saint-Étienne-sur-Blesle,1.1
43183,Sainte-Eugénie-de-Villeneuve,2.5
43184,Saint-Ferréol-d'Auroure,4.4
43185,Sainte-Florine,4.0
43186,Saint-Front,1.3
43187,Saint-Geneys-près-Saint-Paulien,1.9
43188,Saint-Georges-d'Aurac,3.4
43189,Saint-Georges-Lagricol,2.7
43190,Saint-Germain-Laprade,4.5
43191,Saint-Géron,4.9
43192,Saint-Haon,1.6
43193,Saint-Hilaire,1.0
43194,Saint-Hostien,4.7
43195,Saint-Ilpize,1.3
43196,Saint-Jean-d'Aubrigoux,2.2
43197,Saint-Jean-de-Nay,1.1
43198,Saint-Jean-Lachalm,0.9
43199,Saint-Jeures,3.5
43200,Saint-Julien-Chapteuil,2.2
43201,Saint-Julien-d'Ance,2.5
43202,Saint-Julien-des-Chazes,2.2
43203,Saint-Julien-du-Pinet,3.8
43204,Saint-Julien-Molhesabate,1.9
43205,Saint-Just-Malmont,3.9
43206,Saint-Just-près-Brioude,1.7
43207,Saint-Laurent-Chabreuges,3.1
43208,Sainte-Marguerite,0.7
43210,Saint-Martin-de-Fugères,2.7
43211,Saint-Maurice-de-Lignon,4.8
43212,Saint-Pal-de-Chalencon,3.9
43213,Saint-Pal-de-Mons,4.3
43214,Saint-Pal-de-Senouire,3.6
43215,Saint-Paul-de-Tartas,4.9
43216,Saint-Paulien,2.4
43217,Saint-Pierre-du-Champ,2.7
43218,Saint-Pierre-Eynac,3.0
43219,Saint-Préjet-Armandon,0.7
43220,Saint-Préjet-d'Allier,0.0
43221,Saint-Privat-d'Allier,0.5
43222,Saint-Privat-du-Dragon,1.9
43223,Saint-Romain-Lachalm,4.4
43224,Sainte-Sigolène,2.8
43225,Saint-Vénérand,0.7
43226,Saint-Vert,0.0
43227,Saint-Victor-Malescours,3.7
43228,Saint-Victor-sur-Arlanc,2.5
43229,Saint-Vidal,2.5
43230,Saint-Vincent,2.4
43231,Salettes,0.9
43232,Salzuit,3.1
43233,Sanssac-l'Église,2.3
43234,Saugues,0.0
43236,La Séauve-sur-Semène,3.8
43237,Sembadel,3.8
43238,Séneujols,2.1
43239,Siaugues-Sainte-Marie,1.3
43240,Solignac-sous-Roche,1.0
43241,Solignac-sur-Loire,2.8
43242,Tailhac,2.2
43244,Tence,4.6
43245,Thoras,0.7
43246,Tiranges,1.5
43247,Torsiac,2.0
43249,Valprivas,1.3
43250,Vals-le-Chastel,1.6
43251,Vals-près-le-Puy,3.4
43252,Varennes-Saint-Honorat,1.6
43253,Les Vastres,4.8
43254,Vazeilles-Limandre,1.7
43256,Venteuges,0.0
43257,Vergezac,1.4
43258,Vergongheon,4.6
43259,Vernassal,2.3
43260,Le Vernet,0.7
43261,Vézézoux,3.8
43262,Vieille-Brioude,3.3
43263,Vielprat,2.6
43264,Villeneuve-d'Allier,1.3
43265,Les Villettes,2.6
43267,Vorey,2.3
43268,Yssingeaux,3.5
44001,Abbaretz,2.1
44002,Aigrefeuille-sur-Maine,2.6
44003,Ancenis-Saint-Géréon,3.1
44005,Chaumes-en-Retz,2.6
44006,Assérac,3.1
44007,Avessac,2.1
44009,Basse-Goulaine,7.9
44010,Batz-sur-Mer,3.5
44012,La Bernerie-en-Retz,2.7
44013,Besné,3.0
44014,Le Bignon,3.5
44015,Blain,2.9
44016,La Boissière-du-Doré,2.6
44018,Bouaye,3.4
44019,Bouée,2.5
44020,Bouguenais,5.2
44021,Villeneuve-en-Retz,3.1
44022,Boussay,2.4
44023,Bouvron,3.5
44024,Brains,4.3
44025,Campbon,3.7
44026,Carquefou,4.5
44027,Casson,3.2
44028,Le Cellier,2.1
44029,Divatte-sur-Loire,3.2
44030,La Chapelle-des-Marais,3.3
44031,La Chapelle-Glain,2.1
44032,La Chapelle-Heulin,4.4
44033,La Chapelle-Launay,3.6
44035,La Chapelle-sur-Erdre,3.8
44036,Châteaubriant,3.4
44037,Château-Thébaud,2.3
44038,Chauvé,3.9
44039,Cheix-en-Retz,4.1
44041,La Chevrolière,2.6
44043,Clisson,3.5
44044,Conquereuil,2.0
44045,Cordemais,1.8
44046,Corsept,2.4
44047,Couëron,3.3
44048,Couffé,2.8
44049,Le Croisic,2.2
44050,Crossac,2.5
44051,Derval,2.8
44052,Donges,2.7
44053,Drefféac,3.6
44054,Erbray,3.4
44055,La Baule-Escoublac,4.6
44056,Fay-de-Bretagne,3.0
44057,Fégréac,2.7
44058,Fercé,2.4
44061,Frossay,2.3
44062,Le Gâvre,3.3
44063,Gétigné,4.0
44064,Gorges,3.7
44065,Grand-Auverné,1.9
44066,Grandchamp-des-Fontaines,3.3
44067,Guémené-Penfao,1.6
44068,Guenrouet,2.5
44069,Guérande,5.3
44070,La Haie-Fouassière,3.7
44071,Haute-Goulaine,4.2
44072,Herbignac,3.7
44073,Héric,4.1
44074,Indre,4.3
44075,Issé,2.6
44076,Jans,2.3
44077,Joué-sur-Erdre,2.5
44078,Juigné-des-Moutiers,1.7
44079,Le Landreau,3.3
44080,Lavau-sur-Loire,2.1
44081,Legé,2.8
44082,Ligné,2.6
44083,La Limouzinière,2.9
44084,Le Loroux-Bottereau,3.5
44085,Louisfert,2.9
44086,Lusanger,1.9
44087,Machecoul-Saint-Même,2.4
44088,Maisdon-sur-Sèvre,3.1
44089,Malville,3.2
44090,La Marne,3.2
44091,Marsac-sur-Don,2.6
44092,Massérac,1.4
44094,Mauves-sur-Loire,3.5
44095,La Meilleraye-de-Bretagne,1.5
44096,Mésanger,2.7
44097,Mesquer,2.6
44098,Missillac,3.5
44099,Moisdon-la-Rivière,2.6
44100,Monnières,3.8
44101,La Montagne,4.0
44102,Montbert,2.8
44103,Montoir-de-Bretagne,4.0
44104,Montrelais,1.6
44105,Mouais,2.2
44106,Les Moutiers-en-Retz,2.2
44107,Mouzeil,2.3
44108,Mouzillon,3.4
44109,Nantes,4.9
44110,Nort-sur-Erdre,2.9
44111,Notre-Dame-des-Landes,3.1
44112,Noyal-sur-Brutz,2.7
44113,Nozay,3.2
44114,Orvault,5.3
44115,Oudon,2.8
44116,Paimbœuf,2.4
44117,Le Pallet,3.8
44118,Pannecé,1.8
44119,Paulx,3.3
44120,Le Pellerin,3.6
44121,Petit-Auverné,2.6
44122,Petit-Mars,2.8
44123,Pierric,2.4
44124,Le Pin,1.9
44125,Piriac-sur-Mer,2.1
44126,La Plaine-sur-Mer,2.8
44127,La Planche,2.8
44128,Plessé,2.6
44129,Pontchâteau,3.7
44130,Pont-Saint-Martin,4.0
44131,Pornic,3.7
44132,Pornichet,4.5
44133,Port-Saint-Père,2.5
44134,Pouillé-les-Côteaux,3.1
44135,Le Pouliguen,4.3
44136,Préfailles,2.2
44137,Prinquiau,3.6
44138,Puceul,3.3
44139,Quilly,4.0
44140,La Regrippière,1.4
44141,La Remaudière,2.4
44142,Remouillé,3.4
44143,Rezé,5.6
44144,Riaillé,1.7
44145,Rouans,2.7
44146,Rougé,1.9
44148,Ruffigné,1.8
44149,Saffré,3.6
44150,Saint-Aignan-Grandlieu,4.0
44151,Saint-André-des-Eaux,4.5
44152,Sainte-Anne-sur-Brivet,3.2
44153,Saint-Aubin-des-Châteaux,2.3
44154,Saint-Brevin-les-Pins,3.8
44155,Saint-Colomban,3.4
44156,Corcoué-sur-Logne,3.5
44157,Saint-Étienne-de-Mer-Morte,2.6
44158,Saint-Étienne-de-Montluc,2.7
44159,Saint-Fiacre-sur-Maine,2.7
44161,Saint-Gildas-des-Bois,2.8
44162,Saint-Herblain,5.0
44163,Vair-sur-Loire,2.8
44164,Saint-Hilaire-de-Chaléons,2.4
44165,Saint-Hilaire-de-Clisson,4.1
44166,Saint-Jean-de-Boiseau,4.2
44168,Saint-Joachim,1.9
44169,Saint-Julien-de-Concelles,4.5
44170,Saint-Julien-de-Vouvantes,2.4
44171,Saint-Léger-les-Vignes,3.3
44172,Sainte-Luce-sur-Loire,6.3
44173,Saint-Lumine-de-Clisson,3.5
44174,Saint-Lumine-de-Coutais,2.4
44175,Saint-Lyphard,2.8
44176,Saint-Malo-de-Guersac,3.0
44178,Saint-Mars-de-Coutais,2.2
44179,Saint-Mars-du-Désert,2.5
44180,Vallons-de-l'Erdre,2.3
44182,Saint-Michel-Chef-Chef,4.2
44183,Saint-Molf,4.3
44184,Saint-Nazaire,3.7
44185,Saint-Nicolas-de-Redon,2.9
44186,Sainte-Pazanne,2.1
44187,Saint-Père-en-Retz,3.5
44188,Saint-Philbert-de-Grand-Lieu,2.9
44189,Sainte-Reine-de-Bretagne,3.2
44190,Saint-Sébastien-sur-Loire,4.7
44192,Saint-Viaud,2.8
44193,Saint-Vincent-des-Landes,2.6
44194,Sautron,5.1
44195,Savenay,3.2
44196,Sévérac,2.6
44197,Sion-les-Mines,1.5
44198,Les Sorinières,6.2
44199,Soudan,3.5
44200,Soulvache,1.5
44201,Sucé-sur-Erdre,3.7
44202,Teillé,2.0
44203,Le Temple-de-Bretagne,3.6
44204,Thouaré-sur-Loire,4.8
44205,Les Touches,2.6
44206,Touvois,2.9
44207,Trans-sur-Erdre,2.2
44208,Treffieux,2.0
44209,Treillières,3.2
44210,Trignac,5.4
44211,La Turballe,3.2
44212,Vallet,3.5
44213,Loireauxence,2.0
44214,Vay,3.2
44215,Vertou,3.7
44216,Vieillevigne,3.7
44217,Vigneux-de-Bretagne,3.3
44218,Villepot,2.3
44220,Vue,3.1
44221,La Chevallerais,3.0
44222,La Roche-Blanche,2.7
44223,Geneston,3.1
44224,La Grigonnais,3.4
45001,Adon,1.0
45002,Aillant-sur-Milleron,2.0
45004,Amilly,2.4
45005,Andonville,2.5
45006,Ardon,3.1
45008,Artenay,2.1
45009,Aschères-le-Marché,2.5
45010,Ascoux,1.4
45011,Attray,2.0
45012,Audeville,1.6
45013,Augerville-la-Rivière,2.0
45014,Aulnay-la-Rivière,2.0
45015,Autruy-sur-Juine,2.3
45016,Autry-le-Châtel,1.3
45017,Auvilliers-en-Gâtinais,1.3
45018,Auxy,1.7
45019,Baccon,1.8
45020,Le Bardon,2.4
45021,Barville-en-Gâtinais,1.7
45022,Batilly-en-Gâtinais,1.1
45023,Batilly-en-Puisaye,1.5
45024,Baule,2.6
45025,Bazoches-les-Gallerandes,2.5
45026,Bazoches-sur-le-Betz,1.2
45027,Beauchamps-sur-Huillard,1.6
45028,Beaugency,3.0
45029,Beaulieu-sur-Loire,2.6
45030,Beaune-la-Rolande,1.8
45031,Bellegarde,1.5
45032,Le Bignon-Mirabeau,0.7
45033,Boësses,1.7
45034,Boigny-sur-Bionne,2.2
45035,Boiscommun,1.4
45036,Boismorand,2.2
45037,Boisseaux,2.6
45038,Bondaroy,1.6
45039,Bonnée,3.0
45040,Bonny-sur-Loire,3.4
45041,Bordeaux-en-Gâtinais,1.5
45042,Les Bordes,3.0
45043,Bou,1.8
45044,Bougy-lez-Neuville,1.7
45045,Bouilly-en-Gâtinais,1.3
45046,Boulay-les-Barres,2.3
45047,Bouzonville-aux-Bois,1.3
45049,Bouzy-la-Forêt,2.8
45050,Boynes,1.8
45051,Bray-Saint-Aignan,2.6
45052,Breteau,1.1
45053,Briare,2.7
45054,Briarres-sur-Essonne,2.0
45055,Bricy,1.6
45056,Bromeilles,1.4
45058,Bucy-le-Roi,0.8
45059,Bucy-Saint-Liphard,2.3
45060,La Bussière,2.3
45061,Cepoy,2.4
45062,Cercottes,2.2
45063,Cerdon,1.6
45064,Cernoy-en-Berry,0.9
45065,Césarville-Dossainville,1.4
45066,Chailly-en-Gâtinais,1.5
45067,Chaingy,2.0
45068,Châlette-sur-Loing,2.9
45069,Chambon-la-Forêt,1.1
45070,Champoulet,0.9
45072,Chanteau,1.2
45073,Chantecoq,1.4
45074,La Chapelle-Onzerain,1.5
45075,La Chapelle-Saint-Mesmin,4.8
45076,La Chapelle-Saint-Sépulcre,1.8
45077,La Chapelle-sur-Aveyron,1.7
45078,Chapelon,1.1
45079,Le Charme,2.4
45080,Charmont-en-Beauce,2.4
45081,Charsonville,1.3
45082,Châteauneuf-sur-Loire,3.1
45083,Château-Renard,2.5
45084,Châtenoy,0.7
45085,Châtillon-Coligny,1.3
45086,Châtillon-le-Roi,2.6
45087,Châtillon-sur-Loire,2.7
45088,Chaussy,2.4
45089,Chécy,2.5
45091,Chevannes,0.3
45092,Chevillon-sur-Huillard,1.2
45093,Chevilly,1.6
45094,Chevry-sous-le-Bignon,0.5
45095,Chilleurs-aux-Bois,2.0
45096,Les Choux,2.1
45097,Chuelles,1.8
45098,Cléry-Saint-André,2.4
45099,Coinces,1.6
45100,Combleux,1.7
45101,Combreux,1.1
45102,Conflans-sur-Loing,2.5
45103,Corbeilles,1.5
45104,Corquilleroy,1.7
45105,Cortrat,1.9
45107,Coudroy,1.4
45108,Coullons,1.8
45109,Coulmiers,1.5
45110,Courcelles-le-Roi,1.1
45111,Courcy-aux-Loges,1.2
45112,La Cour-Marigny,1.4
45113,Courtemaux,1.1
45114,Courtempierre,1.4
45115,Courtenay,1.4
45116,Cravant,1.1
45118,Crottes-en-Pithiverais,1.8
45119,Dadonville,1.5
45120,Dammarie-en-Puisaye,2.4
45121,Dammarie-sur-Loing,1.6
45122,Dampierre-en-Burly,2.2
45123,Darvoy,2.6
45124,Desmonts,1.7
45125,Dimancheville,1.9
45126,Donnery,2.4
45127,Dordives,3.0
45129,Douchy-Montcorbon,2.2
45130,Dry,2.8
45131,Échilleuses,1.6
45132,Égry,1.6
45133,Engenville,1.7
45134,Épieds-en-Beauce,1.1
45135,Erceville,2.4
45136,Ervauville,1.1
45137,Escrennes,1.7
45138,Escrignelles,0.6
45139,Estouy,1.6
45141,Faverelles,3.2
45142,Fay-aux-Loges,3.2
45143,Feins-en-Gâtinais,1.1
45144,Férolles,2.7
45145,Ferrières-en-Gâtinais,1.0
45146,La Ferté-Saint-Aubin,2.4
45147,Fleury-les-Aubrais,3.2
45148,Fontenay-sur-Loing,2.0
45149,Foucherolles,1.1
45150,Fréville-du-Gâtinais,1.5
45151,Gaubertin,1.5
45152,Gémigny,1.5
45153,Germigny-des-Prés,2.7
45154,Gidy,2.1
45155,Gien,3.1
45156,Girolles,1.7
45157,Givraines,1.8
45158,Gondreville,1.4
45159,Grangermont,1.7
45160,Greneville-en-Beauce,2.4
45161,Griselles,0.5
45162,Guigneville,1.8
45164,Guilly,2.8
45165,Gy-les-Nonains,2.1
45166,Huêtre,2.0
45167,Huisseau-sur-Mauves,2.3
45168,Ingrannes,0.8
45169,Ingré,2.0
45170,Intville-la-Guétard,1.6
45171,Isdes,1.6
45173,Jargeau,3.1
45174,Jouy-en-Pithiverais,2.1
45175,Jouy-le-Potier,3.6
45176,Juranville,1.6
45177,Laas,1.6
45178,Ladon,1.4
45179,Lailly-en-Val,2.9
45180,Langesse,1.6
45181,Léouville,2.3
45182,Ligny-le-Ribault,2.0
45183,Lion-en-Beauce,2.0
45184,Lion-en-Sullias,2.1
45185,Lombreuil,2.1
45186,Lorcy,1.2
45187,Lorris,1.5
45188,Loury,1.8
45189,Louzouer,1.0
45191,Le Malesherbois,2.3
45193,Marcilly-en-Villette,2.5
45194,Mardié,2.3
45195,Mareau-aux-Bois,1.5
45196,Mareau-aux-Prés,2.1
45197,Marigny-les-Usages,1.9
45198,Marsainvilliers,1.8
45199,Melleroy,2.2
45200,Ménestreau-en-Villette,2.5
45201,Mérinville,0.7
45202,Messas,1.9
45203,Meung-sur-Loire,3.5
45204,Mézières-lez-Cléry,2.2
45205,Mézières-en-Gâtinais,1.5
45206,Mignères,1.3
45207,Mignerette,1.4
45208,Montargis,2.7
45209,Montbarrois,1.3
45210,Montbouy,2.0
45212,Montcresson,2.6
45213,Montereau,2.5
45214,Montigny,2.1
45215,Montliard,1.1
45216,Mormant-sur-Vernisson,2.4
45217,Morville-en-Beauce,1.8
45218,Le Moulinet-sur-Solin,1.0
45219,Moulon,1.2
45220,Nancray-sur-Rimarde,1.0
45222,Nargis,1.6
45223,Nesploy,1.0
45224,Neuville-aux-Bois,2.0
45225,La Neuville-sur-Essonne,1.5
45226,Neuvy-en-Sullias,2.2
45227,Nevoy,2.3
45228,Nibelle,1.0
45229,Nogent-sur-Vernisson,1.9
45230,Noyers,1.5
45231,Oison,2.7
45232,Olivet,3.3
45233,Ondreville-sur-Essonne,2.0
45234,Orléans,3.1
45235,Ormes,2.7
45237,Orville,1.9
45238,Ousson-sur-Loire,3.5
45239,Oussoy-en-Gâtinais,1.7
45240,Outarville,2.5
45241,Ouvrouer-les-Champs,2.8
45242,Ouzouer-des-Champs,1.2
45243,Ouzouer-sous-Bellegarde,1.0
45244,Ouzouer-sur-Loire,2.1
45245,Ouzouer-sur-Trézée,1.5
45246,Pannecières,1.9
45247,Pannes,1.4
45248,Patay,1.7
45249,Paucourt,1.6
45250,Pers-en-Gâtinais,0.4
45251,Pierrefitte-ès-Bois,2.0
45252,Pithiviers,1.8
45253,Pithiviers-le-Vieil,1.8
45254,Poilly-lez-Gien,3.1
45255,Préfontaines,1.7
45256,Presnoy,1.5
45257,Pressigny-les-Pins,1.6
45258,Puiseaux,1.8
45259,Quiers-sur-Bezonde,1.2
45260,Ramoulu,2.2
45261,Rebréchien,1.6
45262,Rouvray-Sainte-Croix,1.7
45263,Rouvres-Saint-Jean,1.6
45264,Rozières-en-Beauce,2.0
45265,Rozoy-le-Vieil,0.6
45266,Ruan,1.7
45268,Saint-Aignan-le-Jaillard,2.5
45269,Saint-Ay,2.2
45270,Saint-Benoît-sur-Loire,2.5
45271,Saint-Brisson-sur-Loire,2.9
45272,Saint-Cyr-en-Val,2.2
45273,Saint-Denis-de-l'Hôtel,3.6
45274,Saint-Denis-en-Val,2.7
45275,Saint-Firmin-des-Bois,2.0
45276,Saint-Firmin-sur-Loire,3.1
45277,Saint-Florent,2.2
45278,Sainte-Geneviève-des-Bois,1.0
45279,Saint-Germain-des-Prés,2.7
45280,Saint-Gondon,2.6
45281,Saint-Hilaire-les-Andrésis,0.9
45282,Saint-Hilaire-Saint-Mesmin,2.3
45283,Saint-Hilaire-sur-Puiseaux,1.5
45284,Saint-Jean-de-Braye,2.6
45285,Saint-Jean-de-la-Ruelle,4.4
45286,Saint-Jean-le-Blanc,4.0
45288,Saint-Loup-des-Vignes,1.3
45289,Saint-Lyé-la-Forêt,1.8
45290,Saint-Martin-d'Abbat,3.1
45291,Saint-Martin-sur-Ocre,2.8
45292,Saint-Maurice-sur-Aveyron,2.6
45293,Saint-Maurice-sur-Fessard,1.9
45294,Saint-Michel,1.3
45296,Saint-Péravy-la-Colombe,1.8
45297,Saint-Père-sur-Loire,2.9
45298,Saint-Pryvé-Saint-Mesmin,3.6
45299,Saint-Sigismond,0.9
45300,Sandillon,2.2
45301,Santeau,1.6
45302,Saran,3.7
45303,Sceaux-du-Gâtinais,1.2
45305,Seichebrières,1.0
45306,La Selle-en-Hermoy,1.5
45307,La Selle-sur-le-Bied,0.9
45308,Semoy,2.6
45309,Sennely,1.7
45310,Sermaises,1.4
45311,Sigloy,2.9
45312,Solterre,2.1
45313,Sougy,1.9
45314,Sully-la-Chapelle,1.3
45315,Sully-sur-Loire,2.8
45316,Sury-aux-Bois,0.7
45317,Tavers,2.7
45320,Thignonville,1.6
45321,Thimory,1.7
45322,Thorailles,1.0
45323,Thou,3.4
45324,Tigy,2.3
45325,Tivernon,2.3
45326,Tournoisis,1.5
45327,Traînou,1.9
45328,Treilles-en-Gâtinais,1.3
45329,Triguères,2.4
45330,Trinay,1.7
45331,Vannes-sur-Cosson,1.7
45332,Varennes-Changy,1.7
45333,Vennecy,2.3
45334,Vieilles-Maisons-sur-Joudry,1.4
45335,Vienne-en-Val,2.3
45336,Viglain,2.3
45337,Villamblain,0.7
45338,Villemandeur,2.8
45339,Villemoutiers,1.6
45340,Villemurlin,1.9
45341,Villeneuve-sur-Conie,1.4
45342,Villereau,1.4
45343,Villevoques,1.4
45344,Villorceau,1.6
45345,Vimory,2.1
45346,Vitry-aux-Loges,1.6
45347,Vrigny,0.8
45348,Yèvre-la-Ville,1.5
46001,Albas,3.2
46002,Albiac,3.2
46003,Alvignac,2.7
46004,Anglars,3.1
46005,Anglars-Juillac,3.1
46006,Anglars-Nozac,4.5
46007,Arcambal,2.8
46008,Les Arques,2.3
46009,Assier,3.4
46010,Aujols,1.8
46011,Autoire,3.7
46012,Aynac,3.2
46013,Bach,3.4
46015,Bagnac-sur-Célé,1.9
46016,Baladou,3.9
46017,Bannes,2.2
46018,Le Bastit,2.7
46020,Beauregard,3.6
46021,Béduer,2.0
46022,Bélaye,1.8
46023,Belfort-du-Quercy,3.4
46024,Belmont-Bretenoux,3.7
46026,Belmont-Sainte-Foi,2.2
46027,Berganty,0.7
46028,Bétaille,3.4
46029,Biars-sur-Cère,4.6
46030,Bio,2.7
46031,Blars,0.2
46032,Boissières,1.4
46033,Porte-du-Quercy,2.3
46034,Le Bourg,3.7
46035,Boussac,2.2
46036,Le Bouyssou,3.7
46037,Bouziès,0.0
46038,Bretenoux,4.1
46039,Brengues,0.8
46040,Cabrerets,0.0
46041,Cadrieu,2.4
46042,Cahors,4.2
46043,Cahus,1.3
46044,Caillac,3.1
46045,Cajarc,3.2
46046,Calamane,2.7
46047,Calès,1.4
46049,Calvignac,3.1
46050,Cambayrac,2.2
46051,Cambes,2.6
46052,Camboulit,2.2
46053,Camburat,3.0
46054,Caniac-du-Causse,1.4
46055,Capdenac,3.1
46056,Carayac,0.8
46057,Cardaillac,0.9
46058,Carennac,3.8
46059,Carlucet,1.8
46060,Carnac-Rouffiac,2.7
46061,Cassagnes,2.0
46062,Castelfranc,3.4
46063,Castelnau-Montratier,1.4
46064,Catus,1.8
46065,Cavagnac,4.1
46066,Cazals,3.4
46068,Cénevières,2.3
46069,Cézac,1.2
46070,Cieurac,3.7
46072,Concorès,2.5
46073,Concots,2.4
46074,Condat,4.5
46075,Corn,1.7
46076,Cornac,3.7
46078,Couzou,1.8
46079,Cras,0.5
46080,Crayssac,3.0
46081,Crégols,1.5
46082,Cremps,2.6
46083,Cressensac-Sarrazac,2.8
46084,Creysse,2.4
46085,Cuzac,2.8
46086,Cuzance,3.6
46087,Dégagnac,3.4
46088,Douelle,3.4
46089,Duravel,3.4
46090,Durbans,1.9
46091,Escamps,2.7
46092,Esclauzels,0.7
46093,Espagnac-Sainte-Eulalie,0.2
46094,Espédaillac,1.9
46095,Espère,3.0
46096,Espeyroux,2.9
46097,Estal,2.1
46098,Fajoles,4.3
46100,Faycelles,1.8
46101,Felzins,2.6
46102,Figeac,3.5
46103,Saint-Paul-Flaugnac,2.2
46104,Flaujac-Gare,3.6
46105,Flaujac-Poujols,3.9
46106,Floirac,2.6
46107,Floressas,1.3
46108,Fons,3.2
46109,Fontanes,3.5
46111,Fourmagnac,3.0
46112,Francoulès,1.4
46113,Frayssinet,3.2
46114,Frayssinet-le-Gélat,4.2
46115,Frayssinhes,5.0
46116,Frontenac,0.9
46117,Gagnac-sur-Cère,3.0
46118,Gignac,0.8
46119,Gigouzac,1.4
46120,Gindou,2.4
46121,Ginouillac,3.6
46122,Gintrac,2.9
46123,Girac,4.3
46124,Glanes,3.7
46125,Gorses,0.0
46126,Goujounac,2.5
46127,Gourdon,4.0
46128,Gramat,2.7
46129,Gréalou,1.6
46130,Grézels,2.5
46131,Grèzes,1.5
46132,Issendolus,4.8
46133,Issepts,3.7
46134,Les Junies,2.5
46135,Labastide-du-Haut-Mont,0.3
46136,Labastide-du-Vert,3.0
46137,Labastide-Marnhac,2.3
46138,Cœur de Causse,1.8
46139,Labathude,1.9
46140,Laburgade,3.7
46142,Lacapelle-Cabanac,2.0
46143,Lacapelle-Marival,3.1
46144,Lacave,1.5
46145,Lachapelle-Auzac,4.2
46146,Ladirat,0.6
46147,Lagardelle,2.9
46148,Lalbenque,3.1
46149,Lamagdelaine,2.6
46151,Lamothe-Cassel,1.8
46152,Lamothe-Fénelon,4.1
46153,Lanzac,3.9
46154,Laramière,2.6
46155,Larnagol,3.1
46156,Bellefont-La Rauze,3.7
46157,Larroque-Toirac,1.7
46159,Latouille-Lentillac,2.7
46160,Latronquière,1.4
46161,Lauresses,0.0
46162,Lauzès,0.9
46163,Laval-de-Cère,1.2
46164,Lavercantière,2.5
46165,Lavergne,2.7
46167,Lentillac-du-Causse,0.5
46168,Lentillac-Saint-Blaise,2.6
46169,Léobard,3.8
46170,Leyme,2.6
46171,Lherm,2.8
46172,Lhospitalet,2.2
46173,Limogne-en-Quercy,3.0
46174,Linac,1.9
46175,Lissac-et-Mouret,3.9
46176,Livernon,2.9
46177,Loubressac,2.2
46178,Loupiac,3.1
46179,Lugagnac,2.2
46180,Lunan,3.5
46181,Lunegarde,2.5
46182,Luzech,3.3
46183,Marcilhac-sur-Célé,1.0
46184,Marminiac,3.2
46185,Martel,3.7
46186,Masclat,3.9
46187,Mauroux,2.1
46188,Maxou,1.8
46189,Mayrinhac-Lentour,2.6
46190,Mechmont,1.8
46191,Mercuès,4.2
46192,Meyronne,2.0
46193,Miers,2.7
46194,Milhac,3.7
46195,Molières,1.9
46196,Montamel,1.9
46197,Le Montat,3.3
46198,Montbrun,2.4
46199,Montcabrier,3.8
46200,Montcléra,2.9
46201,Montcuq-en-Quercy-Blanc,3.8
46202,Montdoumerc,2.9
46203,Montet-et-Bouxal,1.9
46204,Montfaucon,2.6
46205,Montgesty,2.1
46206,Montlauzun,4.0
46207,Montredon,3.1
46208,Montvalent,2.7
46209,Nadaillac-de-Rouge,2.6
46210,Nadillac,0.5
46211,Nuzéjouls,2.7
46212,Orniac,0.5
46213,Padirac,2.8
46214,Parnac,2.6
46215,Payrac,3.9
46216,Payrignac,4.3
46217,Pern,1.5
46218,Pescadoires,2.9
46219,Peyrilles,2.1
46220,Pinsac,3.7
46221,Planioles,2.7
46222,Pomarède,3.3
46223,Pontcirq,2.7
46224,Pradines,3.6
46225,Prayssac,3.2
46226,Prendeignes,0.0
46227,Promilhanes,3.3
46228,Prudhomat,4.0
46229,Puybrun,3.9
46230,Puyjourdes,2.3
46231,Puy-l'Évêque,3.3
46232,Le Vignon-en-Quercy,4.5
46233,Quissac-en-Quercy,1.3
46234,Rampoux,2.3
46235,Reilhac,3.4
46236,Reilhaguet,2.3
46237,Reyrevignes,3.9
46238,Rignac,2.7
46239,Le Roc,4.1
46240,Rocamadour,1.8
46241,Rouffilhac,4.1
46242,Rudelle,4.6
46243,Rueyres,5.0
46244,Sabadel-Latronquière,1.0
46245,Sabadel-Lauzès,0.5
46246,Saignes,1.8
46247,Saillac,2.9
46249,Saint-Bressou,1.9
46250,Saint-Caprais,3.2
46251,Saint-Céré,2.7
46252,Les Pechs du Vers,0.9
46253,Saint-Chamarand,3.4
46254,Saint-Chels,1.6
46255,Saint-Cirgues,1.0
46256,Saint-Cirq-Lapopie,0.7
46257,Saint-Cirq-Madelon,4.3
46258,Saint-Cirq-Souillaguet,3.4
46259,Saint-Clair,2.8
46260,Sainte-Colombe,1.9
46262,Lendou-en-Quercy,3.0
46263,Barguelonne-en-Quercy,4.0
46264,Saint-Denis-Catus,1.4
46265,Saint-Denis-lès-Martel,3.6
46266,Saint-Félix,2.6
46267,Saint-Germain-du-Bel-Air,1.8
46268,Saint Géry-Vers,0.2
46269,Saint-Hilaire,2.2
46270,Saint-Jean-de-Laur,3.8
46271,Saint-Jean-Lespinasse,3.5
46272,Saint-Jean-Mirabel,2.6
46273,Saint-Laurent-les-Tours,2.4
46276,Saint-Martin-Labouval,2.3
46277,Saint-Martin-le-Redon,2.5
46279,Saint-Maurice-en-Quercy,3.1
46280,Saint-Médard,2.2
46281,Saint-Médard-de-Presque,3.5
46282,Saint-Médard-Nicourby,1.0
46283,Saint-Michel-de-Bannières,4.4
46284,Saint-Michel-Loubéjou,3.7
46286,Saint-Paul-de-Vern,2.1
46288,Saint-Perdoux,0.9
46289,Saint-Pierre-Toirac,2.1
46290,Saint-Projet,4.7
46292,Saint-Simon,3.4
46293,Saint-Sozy,2.0
46294,Saint-Sulpice,1.0
46295,Saint-Vincent-du-Pendit,2.2
46296,Saint-Vincent-Rive-d'Olt,2.7
46297,Salviac,3.3
46299,Sauliac-sur-Célé,0.0
46301,Sauzet,2.8
46302,Sénaillac-Latronquière,2.8
46303,Sénaillac-Lauzès,0.9
46304,Séniergues,2.7
46305,Sérignac,1.8
46306,Sonac,3.4
46307,Soturac,2.3
46308,Soucirac,3.6
46309,Souillac,4.2
46310,Soulomès,1.4
46311,Sousceyrac-en-Quercy,4.2
46312,Strenquels,4.2
46313,Tauriac,3.2
46314,Terrou,1.6
46315,Teyssieu,3.1
46316,Thédirac,2.2
46317,Thégra,3.4
46318,Thémines,4.9
46319,Théminettes,4.3
46320,Tour-de-Faure,0.7
46321,Touzac,2.2
46322,Trespoux-Rassiels,3.0
46323,Ussel,1.1
46324,Uzech,1.4
46328,Varaire,3.1
46329,Vaylats,2.8
46330,Vayrac,3.4
46332,Viazac,3.1
46333,Vidaillac,3.2
46334,Le Vigan,4.3
46335,Villesèque,4.0
46336,Vire-sur-Lot,3.0
46337,Mayrac,3.7
46338,Bessonies,2.2
46339,Saint-Jean-Lagineste,1.6
46340,Saint-Pierre-Lafeuille,2.9
47001,Agen,4.3
47002,Agmé,1.1
47003,Agnac,2.0
47004,Aiguillon,2.9
47005,Allemans-du-Dropt,3.4
47006,Allez-et-Cazeneuve,2.5
47007,Allons,0.0
47008,Ambrus,0.9
47009,Andiran,3.6
47010,Antagnac,4.6
47011,Anthé,1.1
47012,Anzex,2.0
47013,Argenton,3.9
47014,Armillac,1.4
47015,Astaffort,1.8
47016,Aubiac,3.3
47017,Auradou,2.5
47018,Auriac-sur-Dropt,3.8
47019,Bajamont,1.7
47020,Baleyssagues,3.5
47021,Barbaste,3.8
47022,Bazens,4.0
47023,Beaugas,1.7
47024,Beaupuy,3.0
47025,Beauville,1.4
47026,Beauziac,3.6
47027,Bias,2.7
47028,Birac-sur-Trec,2.0
47029,Blanquefort-sur-Briolance,3.8
47030,Blaymont,1.1
47031,Boé,3.2
47032,Bon-Encontre,2.9
47033,Boudy-de-Beauregard,2.5
47034,Bouglon,3.9
47035,Bourgougnague,2.1
47036,Bourlens,2.3
47037,Bournel,3.4
47038,Bourran,4.0
47039,Boussès,0.0
47040,Brax,3.1
47041,Bruch,4.0
47042,Brugnac,0.5
47043,Buzet-sur-Baïse,2.6
47044,Cahuzac,2.2
47045,Calignac,4.0
47046,Calonges,1.6
47047,Cambes,2.3
47048,Cancon,1.9
47049,Casseneuil,3.1
47050,Cassignas,1.6
47051,Castelculier,3.6
47052,Casteljaloux,3.6
47053,Castella,1.3
47054,Castelmoron-sur-Lot,1.8
47055,Castelnaud-de-Gratecambe,1.4
47056,Castelnau-sur-Gupie,3.8
47057,Castillonnès,2.9
47058,Caubeyres,1.5
47059,Caubon-Saint-Sauveur,3.2
47060,Caudecoste,2.6
47061,Caumont-sur-Garonne,2.1
47062,Cauzac,1.3
47063,Cavarc,3.4
47064,Cazideroque,1.4
47065,Clairac,3.2
47066,Clermont-Dessous,3.3
47067,Clermont-Soubiran,2.9
47068,Cocumont,4.2
47069,Colayrac-Saint-Cirq,4.4
47070,Condezaygues,2.3
47071,Coulx,0.4
47072,Courbiac,1.8
47073,Cours,3.1
47074,Couthures-sur-Garonne,3.0
47075,La Croix-Blanche,2.0
47076,Cuq,1.4
47077,Cuzorn,3.0
47078,Damazan,3.1
47079,Dausse,1.8
47080,Dévillac,3.8
47081,Dolmayrac,2.6
47082,Dondas,1.4
47083,Doudrac,3.2
47084,Douzains,1.7
47085,Durance,1.0
47086,Duras,3.7
47087,Engayrac,1.4
47088,Escassefort,2.8
47089,Esclottes,3.7
47090,Espiens,3.6
47091,Estillac,3.3
47092,Fals,1.4
47093,Fargues-sur-Ourbise,2.3
47094,Fauguerolles,3.2
47095,Fauillet,2.6
47096,Ferrensac,2.8
47097,Feugarolles,4.1
47098,Fieux,1.9
47099,Fongrave,1.1
47100,Foulayronnes,3.1
47101,Fourques-sur-Garonne,2.7
47102,Francescas,3.0
47103,Fréchou,1.9
47104,Frégimont,4.5
47105,Frespech,1.5
47106,Fumel,2.5
47107,Galapian,4.1
47108,Gaujac,3.0
47109,Gavaudun,3.5
47110,Gontaud-de-Nogaret,1.9
47111,Granges-sur-Lot,2.8
47112,Grateloup-Saint-Gayrand,1.5
47113,Grayssas,1.9
47114,Grézet-Cavagnan,2.2
47115,Guérin,2.6
47117,Hautefage-la-Tour,2.6
47118,Hautesvignes,0.7
47119,Houeillès,0.9
47120,Jusix,3.6
47121,Labastide-Castel-Amouroux,2.7
47122,Labretonie,0.5
47123,Lacapelle-Biron,3.4
47124,Lacaussade,1.7
47125,Lacépède,2.4
47126,Lachapelle,2.5
47127,Lafitte-sur-Lot,3.0
47128,Lafox,3.3
47129,Lagarrigue,3.1
47130,Lagruère,2.6
47131,Lagupie,3.5
47132,Lalandusse,2.4
47133,Lamontjoie,1.6
47134,Lannes,2.5
47135,Laparade,1.7
47136,Laperche,1.1
47137,Laplume,2.2
47138,Laroque-Timbaut,2.3
47139,Lasserre,3.0
47140,Laugnac,2.3
47141,Laussou,3.7
47142,Lauzun,2.5
47143,Lavardac,3.8
47144,Lavergne,1.9
47145,Layrac,3.0
47146,Lédat,2.1
47147,Lévignac-de-Guyenne,3.6
47148,Leyritz-Moncassin,3.5
47150,Longueville,3.0
47151,Loubès-Bernac,1.3
47152,Lougratte,2.9
47154,Lusignan-Petit,4.2
47155,Madaillan,3.4
47156,Marcellus,3.3
47157,Marmande,3.6
47158,Marmont-Pachas,2.0
47159,Le Mas-d'Agenais,2.1
47160,Masquières,0.9
47161,Massels,1.0
47162,Massoulès,1.7
47163,Mauvezin-sur-Gupie,2.7
47164,Mazières-Naresse,2.7
47165,Meilhan-sur-Garonne,3.0
47167,Mézin,3.2
47168,Miramont-de-Guyenne,2.4
47169,Moirax,2.8
47170,Monbahus,1.5
47171,Monbalen,2.4
47172,Moncaut,2.8
47173,Monclar,1.1
47174,Moncrabeau,2.9
47175,Monflanquin,3.4
47176,Montgaillard-en-Albret,2.9
47177,Monheurt,2.5
47178,Monségur,1.8
47179,Monsempron-Libos,2.5
47180,Montagnac-sur-Auvignon,2.9
47181,Montagnac-sur-Lède,2.7
47182,Montastruc,0.7
47183,Montauriol,1.8
47184,Montaut,4.1
47185,Montayral,2.0
47186,Montesquieu,3.0
47187,Monteton,2.7
47188,Montignac-de-Lauzun,1.3
47189,Montignac-Toupinerie,1.0
47190,Montpezat,2.6
47191,Montpouillan,2.8
47192,Monviel,1.5
47193,Moulinet,1.7
47194,Moustier,3.1
47195,Nérac,3.8
47196,Nicole,3.0
47197,Nomdieu,2.0
47198,Pailloles,1.9
47199,Pardaillan,2.4
47200,Parranquet,3.4
47201,Le Passage,4.1
47202,Paulhiac,2.9
47203,Penne-d'Agenais,2.3
47204,Peyrière,2.0
47205,Pindères,2.7
47206,Pinel-Hauterive,1.8
47207,Pompiey,1.9
47208,Pompogne,2.7
47209,Pont-du-Casse,2.5
47210,Port-Sainte-Marie,3.9
47211,Poudenas,1.5
47212,Poussignac,3.9
47213,Prayssas,3.3
47214,Puch-d'Agenais,1.9
47215,Pujols,3.4
47216,Puymiclan,1.5
47217,Puymirol,2.1
47218,Puysserampion,2.3
47219,Rayet,3.2
47220,Razimet,3.3
47221,Réaup-Lisse,2.0
47222,La Réunion,2.8
47223,Rives,3.7
47224,Romestaing,4.7
47225,Roquefort,4.0
47226,Roumagne,2.5
47227,Ruffiac,4.3
47228,Saint-Antoine-de-Ficalba,2.8
47229,Saint-Astier,2.4
47230,Saint-Aubin,1.4
47231,Saint-Avit,2.4
47232,Saint-Barthélemy-d'Agenais,1.0
47233,Sainte-Bazeille,3.7
47234,Saint-Caprais-de-Lerm,0.6
47235,Saint-Colomb-de-Lauzun,2.1
47236,Sainte-Colombe-de-Duras,3.4
47237,Sainte-Colombe-de-Villeneuve,3.0
47238,Sainte-Colombe-en-Bruilhois,1.8
47239,Saint-Étienne-de-Fougères,1.8
47240,Saint-Étienne-de-Villeréal,4.2
47241,Saint-Eutrope-de-Born,3.3
47242,Saint-Front-sur-Lémance,4.3
47244,Sainte-Gemme-Martaillac,1.9
47245,Saint-Géraud,3.2
47246,Saint-Hilaire-de-Lusignan,4.1
47247,Saint-Jean-de-Duras,2.3
47248,Saint-Jean-de-Thurac,2.7
47249,Saint-Laurent,4.1
47250,Saint-Léger,3.3
47251,Saint-Léon,2.9
47252,Sainte-Livrade-sur-Lot,2.5
47253,Sainte-Marthe,2.7
47254,Saint-Martin-Curton,3.5
47255,Saint-Martin-de-Beauville,1.3
47256,Saint-Martin-de-Villeréal,3.4
47257,Saint-Martin-Petit,3.3
47258,Sainte-Maure-de-Peyriac,1.5
47259,Saint-Maurice-de-Lestapel,1.9
47260,Saint-Maurin,1.9
47262,Saint-Nicolas-de-la-Balerme,2.9
47263,Saint-Pardoux-du-Breuil,2.8
47264,Saint-Pardoux-Isaac,1.9
47265,Saint-Pastour,2.3
47266,Saint-Pé-Saint-Simon,1.9
47267,Saint-Pierre-de-Buzet,2.7
47269,Saint-Pierre-de-Clairac,1.7
47271,Saint-Pierre-sur-Dropt,4.0
47272,Saint-Quentin-du-Dropt,2.5
47273,Saint-Robert,1.3
47274,Saint-Romain-le-Noble,2.5
47275,Saint-Salvy,3.1
47276,Saint-Sardos,2.8
47277,Saint-Sauveur-de-Meilhan,3.0
47278,Saint-Sernin,2.7
47279,Saint-Sixte,2.8
47280,Saint-Sylvestre-sur-Lot,2.3
47281,Saint-Urcisse,3.0
47282,Saint-Vincent-de-Lamontjoie,1.6
47283,Saint-Vite,2.2
47284,Salles,2.9
47285,Samazan,3.0
47286,Sauméjan,1.8
47287,Saumont,2.9
47288,Sauvagnas,1.8
47289,La Sauvetat-de-Savères,1.8
47290,La Sauvetat-du-Dropt,3.1
47291,La Sauvetat-sur-Lède,2.0
47292,Sauveterre-la-Lémance,3.8
47293,Sauveterre-Saint-Denis,2.4
47294,Savignac-de-Duras,3.2
47295,Savignac-sur-Leyze,1.4
47296,Ségalas,1.5
47297,Sembas,1.4
47298,Sénestis,2.5
47299,Sérignac-Péboudou,2.0
47300,Sérignac-sur-Garonne,2.1
47301,Seyches,2.1
47302,Sos,2.1
47303,Soumensac,1.9
47304,Taillebourg,3.0
47305,Tayrac,1.7
47306,Le Temple-sur-Lot,2.9
47307,Thézac,1.5
47308,Thouars-sur-Garonne,3.2
47309,Tombebœuf,0.7
47310,Tonneins,2.8
47311,Tourliac,0.8
47312,Tournon-d'Agenais,1.8
47313,Tourtrès,0.7
47314,Trémons,1.9
47315,Trentels,1.8
47316,Varès,2.0
47317,Verteuil-d'Agenais,0.9
47318,Vianne,3.7
47319,Villebramar,0.9
47320,Villefranche-du-Queyran,3.0
47321,Villeneuve-de-Duras,2.2
47323,Villeneuve-sur-Lot,3.4
47324,Villeréal,4.0
47325,Villeton,2.5
47326,Virazeil,2.4
47327,Xaintrailles,2.9
47328,Saint-Georges,1.8
48001,Albaret-le-Comtal,2.3
48002,Albaret-Sainte-Marie,4.7
48003,Allenc,0.2
48004,Altier,1.5
48005,Antrenas,2.6
48007,Arzenc-d'Apcher,2.6
48008,Arzenc-de-Randon,0.0
48009,Peyre en Aubrac,2.2
48010,Auroux,0.0
48012,Les Monts-Verts,2.9
48013,Badaroux,2.9
48015,Pied-de-Borne,3.1
48016,Balsièges,3.8
48017,Banassac-Canilhac,5.4
48018,Barjac,2.2
48019,Barre-des-Cévennes,0.0
48020,Bassurels,0.0
48021,La Bastide-Puylaurent,0.0
48025,Les Bessons,2.0
48026,Blavignac,2.1
48027,Mont Lozère et Goulet,5.8
48028,Les Bondons,2.0
48029,Le Born,0.4
48030,Brenoux,3.0
48031,Brion,3.9
48032,Le Buisson,2.1
48034,La Canourgue,4.3
48036,Cassagnas,0.0
48037,Chadenet,2.3
48038,Bel-Air-Val-d'Ance,1.4
48039,Chanac,1.2
48041,Chastanier,1.7
48042,Chastel-Nouvel,3.7
48043,Châteauneuf-de-Randon,0.0
48044,Chauchailles,3.7
48045,Chaudeyrac,0.8
48046,Chaulhac,0.2
48048,Cheylard-l'Évêque,0.0
48050,Bédouès-Cocurès,5.1
48051,Le Collet-de-Dèze,1.8
48053,Cubières,5.8
48054,Cubiérettes,5.8
48055,Cultures,1.3
48056,Esclanèdes,0.7
48058,La Fage-Montivernoux,2.0
48059,La Fage-Saint-Julien,4.0
48061,Florac Trois Rivières,5.1
48063,Fontans,2.0
48064,Fournels,3.4
48065,Fraissinet-de-Fourques,0.0
48067,Gabriac,0.0
48068,Gabrias,1.0
48069,Gatuzières,4.5
48070,Grandrieu,2.1
48071,Grandvals,4.6
48072,Grèzes,1.3
48073,Les Hermaux,0.3
48074,Hures-la-Parade,1.5
48075,Ispagnac,4.1
48077,Julianges,0.5
48079,Lajo,0.8
48080,Langogne,3.2
48081,Lanuéjols,1.9
48082,Laubert,0.2
48083,Les Laubies,2.1
48085,Laval-du-Tarn,1.3
48086,Luc,0.8
48087,Prinsuéjols-Malbouzon,2.9
48088,La Malène,1.3
48089,Le Malzieu-Forain,2.5
48090,Le Malzieu-Ville,2.5
48091,Marchastel,3.5
48092,Marvejols,1.6
48094,Massegros Causses Gorges,1.6
48095,Mende,3.8
48096,Meyrueis,4.5
48097,Moissac-Vallée-Française,7.2
48098,Molezon,0.0
48099,Bourgs sur Colagne,3.1
48100,Montbel,1.9
48103,Montrodat,1.2
48104,Nasbinals,5.7
48105,Naussac-Fontanes,3.0
48106,Noalhac,3.4
48107,Palhers,1.7
48108,La Panouse,0.7
48110,Paulhac-en-Margeride,0.2
48111,Pelouse,0.4
48112,Pierrefiche,0.7
48115,Le Pompidou,0.0
48116,Pont de Montvert - Sud Mont Lozère,8.3
48117,Pourcharesses,3.1
48119,Prévenchères,1.5
48121,Prunières,3.0
48123,Recoules-d'Aubrac,5.7
48124,Recoules-de-Fumas,0.0
48126,Lachamp-Ribennes,1.4
48127,Monts-de-Randon,1.8
48128,Rimeize,2.3
48129,Rocles,2.8
48130,Rousses,0.0
48131,Le Rozier,0.1
48132,Saint-Alban-sur-Limagnole,2.2
48135,Saint-André-Capcèze,3.1
48136,Saint-André-de-Lancize,0.0
48137,Saint-Bauzile,3.0
48138,Saint-Bonnet-de-Chirac,1.7
48139,Saint Bonnet-Laval,0.7
48140,Saint-Chély-d'Apcher,3.0
48141,Mas-Saint-Chély,2.6
48144,Sainte-Croix-Vallée-Française,3.6
48145,Saint-Denis-en-Margeride,1.2
48146,Gorges du Tarn Causses,3.9
48147,Saint-Étienne-du-Valdonnez,1.9
48148,Saint-Étienne-Vallée-Française,10.8
48149,Sainte-Eulalie,0.3
48150,Saint-Flour-de-Mercoire,2.8
48151,Saint-Frézal-d'Albuges,1.9
48152,Ventalon en Cévennes,0.0
48153,Saint-Gal,2.0
48155,Saint-Germain-de-Calberte,7.2
48156,Saint-Germain-du-Teil,2.2
48157,Sainte-Hélène,2.3
48158,Saint-Hilaire-de-Lavit,1.0
48160,Saint-Jean-la-Fouillouse,0.7
48161,Saint-Juéry,4.1
48163,Saint-Julien-des-Points,2.5
48165,Saint-Laurent-de-Muret,1.3
48166,Cans et Cévennes,1.4
48167,Saint-Laurent-de-Veyrès,2.6
48168,Saint-Léger-de-Peyre,1.1
48169,Saint-Léger-du-Malzieu,1.6
48170,Saint-Martin-de-Boubaux,0.0
48171,Saint-Martin-de-Lansuscle,0.0
48173,Saint-Michel-de-Dèze,1.0
48174,Saint-Paul-le-Froid,1.4
48175,Saint-Pierre-de-Nogaret,2.7
48176,Saint-Pierre-des-Tripiers,0.0
48177,Saint-Pierre-le-Vieux,2.4
48178,Saint-Privat-de-Vallongue,0.7
48179,Saint-Privat-du-Fau,0.5
48181,Saint-Saturnin,3.9
48182,Saint-Sauveur-de-Ginestoux,1.4
48185,Les Salelles,2.8
48187,Les Salces,0.7
48188,Serverette,2.3
48190,Termes,3.2
48191,La Tieule,3.2
48192,Trélans,0.7
48193,Vebron,1.4
48194,Vialas,1.1
48198,Villefort,4.6
49002,Allonnes,3.5
49003,Tuffalun,3.0
49007,Angers,5.9
49008,Angrie,2.4
49009,Antoigné,1.6
49010,Armaillé,1.5
49011,Artannes-sur-Thouet,3.4
49012,Aubigné-sur-Layon,3.1
49015,Avrillé,4.2
49017,Baracé,2.8
49018,Baugé-en-Anjou,3.3
49020,Beaucouzé,4.8
49021,Beaufort-en-Anjou,4.1
49022,Beaulieu-sur-Layon,3.9
49023,Beaupréau-en-Mauges,3.0
49026,Bécon-les-Granits,2.9
49027,Bégrolles-en-Mauges,3.9
49028,Béhuard,3.2
49029,Blaison-Saint-Sulpice,3.2
49030,Blou,3.1
49035,Bouchemaine,4.8
49036,Bouillé-Ménard,3.6
49038,Bourg-l'Évêque,2.6
49041,Brain-sur-Allonnes,2.8
49045,La Breille-les-Pins,2.2
49048,Briollay,4.1
49050,Brissac Loire Aubance,5.0
49053,Brossay,4.2
49054,Candé,2.4
49055,Cantenay-Épinard,4.8
49056,Carbay,1.8
49057,Cernusson,3.9
49058,Les Cerqueux,1.3
49060,Bellevigne-les-Châteaux,2.8
49061,Challain-la-Potherie,2.6
49063,Chalonnes-sur-Loire,4.8
49064,Chambellay,1.8
49067,Chenillé-Champteussé,1.8
49068,Champtocé-sur-Loire,5.2
49069,Orée d'Anjou,2.8
49070,Chanteloup-les-Bois,2.6
49076,La Chapelle-Saint-Laud,1.6
49080,Les Hauts-d'Anjou,3.6
49082,Chaudefonds-sur-Layon,3.4
49086,Terranjou,2.4
49089,Chazé-sur-Argos,3.4
49090,Cheffes,3.4
49092,Chemillé-en-Anjou,2.7
49099,Cholet,3.9
49100,Cizay-la-Madeleine,3.7
49102,Cléré-sur-Layon,2.0
49107,Cornillé-les-Caves,1.8
49109,Coron,3.9
49110,Corzé,3.4
49112,Le Coudray-Macouard,4.0
49113,Courchamps,3.8
49114,Courléon,2.5
49120,Denée,3.1
49121,Dénezé-sous-Doué,2.8
49123,Distré,4.8
49125,Doué-en-Anjou,3.1
49127,Durtal,2.5
49129,Écouflant,5.3
49130,Écuillé,3.4
49131,Épieds,2.4
49132,Étriché,3.6
49135,Feneu,3.1
49138,Les Bois d'Anjou,4.8
49140,Fontevraud-l'Abbaye,1.6
49155,Grez-Neuville,2.9
49160,Ingrandes-le-Fresne-sur-Loire,3.5
49161,La Jaille-Yvon,1.5
49163,Jarzé Villages,3.2
49167,Les Garennes sur Loire,5.1
49170,Juvardeil,3.4
49171,La Lande-Chasles,4.1
49174,Huillé-Lézigné,1.9
49176,Le Lion-d'Angers,3.5
49178,Loiré,2.5
49180,Longué-Jumelles,2.7
49182,Louresse-Rochemenier,3.1
49183,Val d'Erdre-Auxence,2.5
49188,Marcé,2.9
49192,Maulévrier,1.8
49193,Le May-sur-Èvre,2.9
49194,Mazé-Milon,3.3
49195,Mazières-en-Mauges,3.0
49200,Longuenée-en-Anjou,3.8
49201,La Ménitré,3.5
49205,Miré,3.2
49209,Montigné-lès-Rairies,4.3
49211,Montilliers,4.0
49214,Montreuil-Juigné,4.5
49215,Montreuil-Bellay,2.9
49216,Montreuil-sur-Loir,3.4
49217,Montreuil-sur-Maine,2.3
49218,Montrevault-sur-Èvre,1.4
49219,Montsoreau,4.5
49220,Morannes sur Sarthe-Daumeray,3.7
49221,Mouliherne,3.9
49222,Mozé-sur-Louet,3.3
49223,Mûrs-Erigné,3.2
49224,Neuillé,2.8
49228,Noyant-Villages,3.2
49231,Nuaillé,2.4
49235,Parnay,3.6
49236,Passavant-sur-Layon,2.5
49237,La Pellerine,3.6
49240,La Plaine,3.5
49241,Le Plessis-Grammoire,4.7
49244,Mauges-sur-Loire,4.5
49246,Les Ponts-de-Cé,4.5
49247,La Possonnière,3.0
49248,Ombrée d'Anjou,2.3
49253,Le Puy-Notre-Dame,3.2
49257,Les Rairies,3.2
49259,Rochefort-sur-Loire,3.6
49260,La Romagne,2.1
49261,Gennes-Val-de-Loire,3.9
49262,Rou-Marson,3.2
49266,Saint-Augustin-des-Bois,5.7
49267,Saint-Barthélemy-d'Anjou,5.9
49269,Saint-Christophe-du-Bois,3.0
49271,Saint-Clément-de-la-Place,2.5
49272,Saint-Clément-des-Levées,3.3
49278,Sainte-Gemmes-sur-Loire,4.1
49283,Saint-Georges-sur-Loire,4.7
49284,Saint-Germain-des-Prés,6.3
49288,Saint-Jean-de-la-Croix,2.2
49291,Saint-Just-sur-Dive,3.0
49292,Val-du-Layon,3.5
49294,Saint-Lambert-la-Potherie,4.8
49298,Saint-Léger-de-Linières,5.2
49299,Saint-Léger-sous-Cholet,4.0
49301,Sèvremoine,3.0
49302,Saint-Macaire-du-Bois,2.7
49306,Saint-Martin-du-Fouilloux,3.9
49307,Loire-Authion,3.9
49308,Saint-Melaine-sur-Aubance,4.4
49310,Saint-Paul-du-Bois,2.8
49311,Saint-Philbert-du-Peuple,2.3
49323,Verrières-en-Anjou,5.5
49326,Sarrigné,2.4
49328,Saumur,3.3
49329,Savennières,3.3
49330,Sceaux-d'Anjou,2.5
49331,Segré-en-Anjou Bleu,3.8
49332,La Séguinière,4.1
49333,Seiches-sur-le-Loir,4.1
49334,Sermaise,3.3
49336,Somloire,1.2
49338,Soulaines-sur-Aubance,4.7
49339,Soulaire-et-Bourg,3.8
49341,Souzay-Champigny,4.4
49343,La Tessoualle,2.8
49344,Thorigné-d'Anjou,3.0
49345,Bellevigne-en-Layon,3.1
49347,Tiercé,3.0
49352,Toutlemonde,2.5
49353,Trélazé,4.1
49355,Trémentines,2.2
49358,Turquant,3.6
49359,Les Ulmes,4.2
49361,Varennes-sur-Loire,3.2
49362,Varrains,4.0
49364,Vaudelnay,2.7
49367,Erdre-en-Anjou,5.0
49368,Vernantes,2.8
49369,Vernoil-le-Fourrier,2.8
49370,Verrie,2.9
49371,Vezins,3.2
49373,Lys-Haut-Layon,3.9
49374,Villebernier,3.2
49377,Rives-du-Loir-en-Anjou,3.3
49378,Vivy,3.9
49381,Yzernay,1.6
50002,Agneaux,3.9
50003,Agon-Coutainville,3.6
50004,Airel,2.1
50006,Amigny,3.1
50008,Anctoville-sur-Boscq,5.6
50013,Anneville-en-Saire,3.3
50016,Appeville,1.8
50019,Aucey-la-Plaine,2.4
50021,Audouville-la-Hubert,2.3
50022,Aumeville-Lestre,2.7
50023,Auvers,2.2
50024,Auxais,1.6
50025,Avranches,3.3
50026,Azeville,2.8
50027,Bacilly,2.3
50028,La Baleine,1.7
50029,Barenton,2.0
50030,Barfleur,2.7
50031,Barneville-Carteret,1.3
50032,La Barre-de-Semilly,3.8
50033,Baubigny,1.5
50034,Baudre,4.3
50036,Baupte,1.7
50038,Beauchamps,3.2
50039,Beaucoudray,2.0
50040,Beauficel,1.9
50041,La Hague,2.2
50042,Beauvoir,1.5
50044,Belval,2.6
50045,Benoîtville,3.0
50046,Bérigny,2.4
50048,Beslon,2.4
50049,Besneville,2.6
50050,Beuvrigny,1.8
50052,Beuzeville-la-Bastille,2.0
50054,Biéville,1.4
50055,Biniville,2.8
50058,Blainville-sur-Mer,2.8
50059,Blosville,4.0
50060,La Bloutière,2.7
50062,Boisyvon,2.0
50064,La Bonneville,1.9
50066,Jullouville,3.9
50069,Bourguenolles,2.3
50070,Boutteville,3.0
50072,Brainville,4.3
50074,Brécey,1.5
50076,Bréhal,3.9
50077,Bretteville,3.3
50078,Bretteville-sur-Ay,2.0
50079,Breuville,3.1
50081,Bréville-sur-Mer,5.5
50082,Bricquebec-en-Cotentin,2.0
50083,Bricquebosq,2.3
50084,Bricqueville-la-Blouette,4.4
50085,Bricqueville-sur-Mer,4.1
50086,Brillevast,2.2
50087,Brix,3.4
50088,Brouains,1.3
50090,Buais-Les-Monts,3.2
50092,Cambernon,2.6
50093,Cametours,2.4
50094,Camprond,3.0
50095,Canisy,3.3
50096,Canteloup,3.1
50097,Canville-la-Rocque,2.0
50098,Carantilly,2.0
50099,Carentan-les-Marais,3.1
50101,Carneville,1.8
50102,Carolles,3.6
50105,Catteville,2.4
50106,Cavigny,1.7
50108,Céaux,2.8
50109,Cérences,3.5
50110,Cerisy-la-Forêt,2.0
50111,Cerisy-la-Salle,2.1
50112,La Chaise-Baudouin,2.6
50115,Le Grippon,2.4
50117,Champeaux,2.7
50118,Champrepus,2.9
50120,Chanteloup,3.8
50121,La Chapelle-Cécelin,2.6
50124,La Chapelle-Urée,2.4
50126,Chavoy,3.7
50129,Cherbourg-en-Cotentin,3.3
50130,Chérencé-le-Héron,2.3
50135,Clitourps,2.5
50137,La Colombe,2.7
50138,Colomby,3.0
50139,Condé-sur-Vire,3.6
50142,Vicq-sur-Mer,1.8
50143,Coudeville-sur-Mer,4.4
50144,Coulouvray-Boisbenâtre,1.8
50145,Courcy,3.6
50146,Courtils,2.4
50147,Coutances,4.1
50148,Couvains,2.5
50149,Couville,3.3
50150,Crasville,3.2
50151,Créances,2.6
50152,Les Cresnays,1.5
50155,Crollon,2.8
50156,Crosville-sur-Douve,2.4
50158,Cuves,1.5
50159,Dangy,2.2
50161,Le Dézert,2.2
50162,Digosville,3.1
50164,Domjean,2.7
50165,Donville-les-Bains,4.7
50166,Doville,2.4
50167,Dragey-Ronthon,2.0
50168,Ducey-Les Chéris,3.4
50169,Écausseville,3.1
50172,Émondeville,2.7
50174,Équilly,2.9
50175,Éroudeville,2.3
50176,L'Étang-Bertrand,2.7
50177,Étienville,2.3
50178,Fermanville,1.5
50181,Feugères,2.1
50182,La Feuillie,3.3
50183,Fierville-les-Mines,2.5
50184,Flamanville,2.5
50185,Fleury,3.6
50186,Flottemanville,3.3
50188,Folligny,3.8
50190,Fontenay-sur-Mer,2.1
50192,Fourneaux,1.9
50193,Le Fresne-Poret,1.7
50194,Fresville,2.9
50195,Gathemo,2.3
50196,Gatteville-le-Phare,2.7
50197,Gavray-sur-Sienne,2.3
50198,Geffosses,3.8
50199,Genêts,1.6
50200,Ger,1.9
50205,La Godefroy,2.7
50207,Golleville,2.8
50208,Gonfreville,2.6
50209,Gonneville-Le Theil,2.8
50210,Gorges,2.9
50214,Gouvets,2.1
50215,Gouville-sur-Mer,3.2
50216,Graignes-Mesnil-Angot,1.4
50217,Le Grand-Celland,1.9
50218,Granville,4.4
50219,Gratot,4.3
50221,Grimesnil,2.6
50222,Grosville,3.2
50225,Le Guislain,1.4
50227,Le Ham,2.6
50228,Hambye,2.2
50229,Hamelin,2.1
50230,Hardinvast,4.1
50231,Hauteville-sur-Mer,3.9
50232,Hauteville-la-Guichard,1.7
50233,Hautteville-Bocage,2.9
50234,La Haye-Bellefond,1.8
50235,La Haye-d'Ectot,1.3
50236,La Haye,2.5
50237,La Haye-Pesnel,3.3
50238,Héauville,2.5
50239,Thèreval,3.4
50240,Helleville,3.4
50241,Hémevez,3.0
50243,Heugueville-sur-Sienne,3.8
50246,Hiesville,3.9
50247,Hocquigny,3.2
50251,Huberville,3.2
50252,Hudimesnil,4.8
50253,Huisnes-sur-Mer,1.6
50256,Isigny-le-Buat,1.9
50258,Joganville,2.9
50259,Juilley,3.1
50260,Juvigny les Vallées,2.1
50261,Lamberville,1.9
50262,La Lande-d'Airou,2.3
50263,Lapenty,3.1
50265,Laulne,2.7
50266,Lengronne,2.9
50267,Lessay,2.9
50268,Lestre,2.8
50269,Liesville-sur-Douve,2.3
50270,Lieusaint,3.0
50271,Lingeard,1.4
50272,Tourneville-sur-Mer,3.1
50273,Montsenelle,2.4
50274,Les Loges-Marchis,2.7
50275,Les Loges-sur-Brécey,1.6
50276,Lolif,2.7
50277,Longueville,5.9
50278,Le Loreur,3.7
50279,Le Lorey,2.4
50281,La Lucerne-d'Outremer,3.0
50282,Le Luot,3.3
50283,La Luzerne,3.3
50285,Magneville,2.5
50288,Marcey-les-Grèves,3.5
50289,Marchésieux,1.9
50290,Marcilly,3.2
50291,Margueray,2.5
50292,Marigny-Le-Lozon,2.4
50294,Martinvast,3.1
50295,Maupertuis,2.3
50296,Maupertus-sur-Mer,2.0
50297,La Meauffe,2.2
50298,Méautis,2.5
50299,Le Mesnil,1.9
50300,Le Mesnil-Adelée,1.8
50302,Le Mesnil-Amey,2.9
50304,Le Mesnil-Aubert,2.8
50305,Le Mesnil-au-Val,3.3
50310,Le Mesnil-Eury,3.8
50311,Le Mesnil-Garnier,2.2
50312,Le Mesnil-Gilbert,1.5
50315,Le Mesnillard,2.7
50317,Le Mesnil-Ozenne,1.7
50321,Le Mesnil-Rouxelin,3.3
50324,Le Mesnil-Véneron,1.4
50326,Le Mesnil-Villeman,2.4
50327,La Meurdraquière,4.0
50328,Millières,3.3
50332,Les Moitiers-d'Allonne,1.6
50334,Montabot,2.3
50335,Montaigu-la-Brisette,2.5
50336,Montaigu-les-Bois,1.8
50338,Montbray,1.7
50340,Montcuit,2.7
50341,Montebourg,3.5
50342,Montfarville,2.6
50345,Monthuchon,4.7
50347,Montjoie-Saint-Martin,1.6
50349,Montmartin-sur-Mer,3.8
50350,Montpinchon,1.9
50351,Montrabot,1.4
50352,Montreuil-sur-Lozon,2.9
50353,Le Mont-Saint-Michel,0.5
50356,Moon-sur-Elle,2.6
50357,Morigny,1.4
50359,Mortain-Bocage,2.3
50360,Morville,3.4
50361,La Mouche,2.5
50362,Moulines,3.1
50363,Moyon Villages,2.8
50364,Muneville-le-Bingard,3.5
50365,Muneville-sur-Mer,3.3
50368,Nay,2.5
50369,Négreville,2.3
50370,Néhou,2.7
50371,Le Neufbourg,2.2
50372,Neufmesnil,2.5
50373,Neuville-au-Plain,3.5
50374,Neuville-en-Beaumont,2.8
50376,Nicorps,4.0
50378,Notre-Dame-de-Cenilly,1.5
50379,Notre-Dame-de-Livoye,1.8
50382,Nouainville,3.0
50384,Octeville-l'Avenel,3.1
50387,Orglandes,2.7
50388,Orval sur Sienne,4.6
50389,Ouville,2.7
50390,Ozeville,2.1
50391,Grandparigny,2.9
50393,Percy-en-Normandie,2.4
50394,Périers,2.6
50395,La Pernelle,3.0
50397,Perriers-en-Beauficel,1.4
50398,Le Perron,2.1
50399,Le Petit-Celland,1.9
50400,Picauville,2.1
50401,Pierreville,2.9
50402,Les Pieux,2.6
50403,Pirou,3.1
50405,Le Plessis-Lastelle,2.5
50407,Poilley,2.9
50408,Pontaubault,4.1
50409,Pont-Hébert,2.3
50410,Pontorson,3.1
50411,Ponts,4.6
50412,Port-Bail-sur-Mer,1.5
50413,Précey,3.1
50417,Quettehou,3.4
50419,Quettreville-sur-Sienne,3.9
50420,Quibou,3.2
50421,Quinéville,1.9
50422,Raids,2.8
50423,Rampan,2.4
50425,Rauville-la-Bigot,2.6
50426,Rauville-la-Place,2.8
50428,Reffuveille,2.4
50429,Regnéville-sur-Mer,3.3
50430,Reigneville-Bocage,2.5
50431,Remilly Les Marais,3.1
50433,Réville,3.0
50435,Rocheville,2.6
50436,Romagny Fontenay,2.2
50437,Roncey,3.0
50442,Le Rozel,2.8
50443,Sacey,3.3
50444,Saint-Amand-Villages,3.4
50445,Saint-André-de-Bohon,1.9
50446,Saint-André-de-l'Épine,2.7
50447,Saint-Aubin-des-Préaux,4.8
50448,Saint-Aubin-de-Terregatte,2.1
50450,Saint-Barthélemy,1.7
50451,Saint-Brice,3.5
50452,Saint-Brice-de-Landelles,1.8
50453,Sainte-Cécile,2.7
50454,Saint-Christophe-du-Foc,2.4
50455,Saint-Clair-sur-l'Elle,2.0
50456,Saint-Clément-Rancoudray,1.6
50457,Sainte-Colombe,2.7
50461,Saint-Cyr,2.7
50462,Saint-Cyr-du-Bailleul,1.5
50463,Saint-Denis-le-Gast,1.8
50464,Saint-Denis-le-Vêtu,3.5
50467,Saint-Floxel,2.5
50468,Saint-Fromond,1.6
50469,Sainte-Geneviève,3.0
50471,Saint-Georges-de-la-Rivière,1.9
50472,Saint-Georges-de-Livoye,1.8
50473,Saint-Georges-d'Elle,2.7
50474,Saint-Georges-de-Rouelley,2.2
50475,Saint-Georges-Montcocq,3.5
50476,Saint-Germain-d'Elle,2.3
50478,Saint-Germain-de-Tournebut,2.4
50479,Saint-Germain-de-Varreville,1.6
50480,Saint-Germain-le-Gaillard,2.6
50481,Saint-Germain-sur-Ay,2.7
50482,Saint-Germain-sur-Sèves,2.5
50483,Saint-Gilles,3.7
50484,Saint-Hilaire-du-Harcouët,2.8
50486,Saint-Jacques-de-Néhou,1.7
50487,Saint-James,2.7
50488,Saint-Jean-de-Daye,1.6
50489,Saint-Jean-de-la-Haize,4.0
50490,Saint-Jean-de-la-Rivière,1.3
50491,Saint-Jean-de-Savigny,2.4
50492,Saint-Jean-d'Elle,3.1
50493,Saint-Jean-des-Champs,4.8
50495,Saint-Jean-du-Corail-des-Bois,1.7
50496,Saint-Jean-le-Thomas,2.6
50498,Saint-Joseph,4.2
50499,Saint-Laurent-de-Cuves,1.8
50500,Saint-Laurent-de-Terregatte,1.9
50502,Saint-Lô,4.1
50504,Saint-Louet-sur-Vire,2.5
50505,Saint-Loup,3.1
50506,Saint-Malo-de-la-Lande,3.8
50507,Saint-Marcouf,1.6
50509,Sainte-Marie-du-Mont,2.3
50510,Saint-Martin-d'Aubigny,2.4
50511,Saint-Martin-d'Audouville,3.0
50512,Saint-Martin-de-Bonfossé,3.3
50513,Saint-Martin-de-Cenilly,1.5
50514,Chaulieu,2.4
50517,Saint-Martin-de-Varreville,1.4
50518,Saint-Martin-le-Bouillant,1.8
50519,Saint-Martin-le-Gréard,3.1
50521,Saint-Maur-des-Bois,2.6
50522,Saint-Maurice-en-Cotentin,1.6
50523,Sainte-Mère-Église,3.9
50525,Saint-Michel-de-Montjoie,2.2
50528,Saint-Nicolas-de-Pierrepont,2.4
50529,Saint-Nicolas-des-Bois,1.9
50531,Saint-Ovin,2.2
50532,Saint-Pair-sur-Mer,5.3
50533,Saint-Patrice-de-Claids,2.7
50535,Le Parc,3.0
50536,Saint-Pierre-d'Arthéglise,1.6
50537,Saint-Pierre-de-Coutances,4.5
50538,Saint-Pierre-de-Semilly,2.9
50539,Saint-Pierre-Église,2.4
50540,Saint-Pierre-Langers,4.7
50541,Saint-Planchers,5.4
50542,Saint-Pois,1.3
50543,Saint-Quentin-sur-le-Homme,3.5
50546,Bourgvallées,3.9
50548,Saint-Sauveur-de-Pierrepont,2.4
50549,Saint-Sauveur-la-Pommeraye,3.8
50550,Saint-Sauveur-Villages,3.3
50551,Saint-Sauveur-le-Vicomte,2.9
50552,Saint-Sébastien-de-Raids,2.0
50553,Saint-Senier-de-Beuvron,2.6
50554,Saint-Senier-sous-Avranches,3.3
50556,Sainte-Suzanne-sur-Vire,3.8
50562,Saint-Vaast-la-Hougue,2.7
50563,Saint-Vigor-des-Monts,1.8
50564,Terre-et-Marais,2.2
50565,Sartilly-Baie-Bocage,3.7
50567,Saussemesnil,1.6
50568,Saussey,4.7
50569,Savigny,2.6
50570,Savigny-le-Vieux,2.4
50571,Sébeville,3.1
50572,Sénoville,2.1
50574,Servon,2.7
50575,Sideville,4.0
50576,Siouville-Hague,2.0
50577,Sortosville-en-Beaumont,1.4
50578,Sortosville,2.7
50579,Sottevast,2.5
50580,Sotteville,2.9
50582,Sourdeval,2.0
50584,Subligny,2.3
50585,Surtainville,2.0
50587,Taillepied,2.1
50588,Tamerville,2.6
50589,Tanis,2.3
50590,Le Tanu,2.4
50591,Le Teilleul,1.9
50592,Tessy-Bocage,2.5
50593,Teurthéville-Bocage,3.3
50594,Teurthéville-Hague,3.5
50596,Théville,3.4
50597,Tirepied-sur-Sée,2.5
50598,Tocqueville,2.7
50599,Tollevast,2.6
50601,Torigny-les-Villes,3.6
50603,Tourville-sur-Sienne,3.9
50604,Tréauville,2.6
50606,Tribehou,2.2
50607,La Trinité,2.4
50609,Turqueville,3.0
50610,Urville,2.6
50612,Vains,2.8
50613,Valcanville,3.0
50615,Valognes,3.2
50616,Le Val-Saint-Père,4.0
50617,Varenguebec,2.2
50618,Varouville,2.4
50619,Le Vast,3.0
50621,Vaudreville,2.6
50624,La Vendelée,4.5
50626,Ver,2.7
50628,Vernix,1.4
50629,Vesly,2.7
50633,Le Vicel,2.9
50634,Videcosville,2.9
50637,Villebaudon,2.5
50639,Villedieu-les-Poêles-Rouffigny,3.4
50641,Villiers-Fossard,2.7
50643,Virandeville,3.7
50647,Yquelon,5.5
50648,Yvetot-Bocage,3.1
51001,Ablancourt,2.5
51002,Saint-Martin-d'Ablois,2.9
51003,Aigny,3.4
51004,Allemanche-Launay-et-Soyer,1.8
51005,Allemant,2.6
51006,Alliancelles,6.2
51007,Ambonnay,4.0
51008,Ambrières,2.7
51009,Anglure,3.1
51010,Angluzelles-et-Courcelles,2.3
51012,Anthenay,3.2
51013,Aougny,2.7
51014,Arcis-le-Ponsart,1.9
51015,Argers,3.3
51016,Arrigny,1.8
51017,Arzillières-Neuville,4.0
51018,Athis,3.2
51019,Aubérive,2.9
51020,Aubilly,3.1
51022,Aulnay-l'Aître,2.3
51023,Aulnay-sur-Marne,2.5
51025,Auménancourt,2.8
51027,Auve,0.9
51028,Avenay-Val-d'Or,3.5
51029,Avize,4.7
51030,Aÿ-Champagne,3.9
51031,Baconnes,3.3
51032,Bagneux,2.9
51033,Le Baizil,0.8
51034,Bannay,2.0
51035,Bannes,2.4
51036,Barbonne-Fayel,3.5
51037,Baslieux-lès-Fismes,2.6
51038,Baslieux-sous-Châtillon,3.5
51039,Bassu,1.7
51040,Bassuet,2.4
51041,Baudement,2.9
51042,Baye,0.7
51043,Bazancourt,4.8
51044,Beaumont-sur-Vesle,5.1
51045,Beaunay,2.0
51046,Beine-Nauroy,3.3
51047,Belval-en-Argonne,1.1
51048,Belval-sous-Châtillon,2.3
51049,Bergères-lès-Vertus,4.4
51050,Bergères-sous-Montmirail,3.9
51051,Berméricourt,1.7
51052,Berru,4.4
51053,Berzieux,2.1
51054,Bétheniville,4.1
51055,Bétheny,5.1
51056,Bethon,1.8
51057,Bettancourt-la-Longue,6.2
51058,Bezannes,3.5
51059,Bignicourt-sur-Marne,3.5
51060,Bignicourt-sur-Saulx,2.6
51061,Billy-le-Grand,4.2
51062,Binarville,0.8
51065,Blacy,3.9
51066,Blaise-sous-Arzillières,3.8
51068,Blesme,2.8
51069,Bligny,3.8
51070,Boissy-le-Repos,2.6
51071,Bouchy-Saint-Genest,0.7
51072,Bouilly,3.4
51073,Bouleuse,3.2
51074,Boult-sur-Suippe,2.6
51075,Bourgogne-Fresne,3.2
51076,Boursault,2.9
51077,Bouvancourt,1.8
51078,Bouy,4.0
51079,Bouzy,3.9
51080,Brandonvillers,2.4
51081,Branscourt,3.5
51082,Braux-Sainte-Cohière,2.7
51083,Braux-Saint-Remy,1.7
51084,Bréban,1.1
51085,Le Breuil,2.7
51086,Breuil-sur-Vesle,3.5
51087,Breuvery-sur-Coole,0.9
51088,Brimont,4.3
51089,Brouillet,2.8
51090,Broussy-le-Grand,0.9
51091,Broussy-le-Petit,2.0
51092,Broyes,2.6
51093,Brugny-Vaudancourt,2.1
51094,Brusson,3.8
51095,Le Buisson,2.6
51097,Bussy-le-Château,1.6
51098,Bussy-le-Repos,1.1
51099,Bussy-Lettrée,0.3
51100,La Caure,0.9
51101,Caurel,5.8
51102,Cauroy-lès-Hermonville,2.7
51103,La Celle-sous-Chantemerle,2.8
51104,Cernay-en-Dormois,0.3
51105,Cernay-lès-Reims,3.5
51106,Cernon,0.9
51107,Chaintrix-Bierges,2.5
51108,Châlons-en-Champagne,4.1
51109,Châlons-sur-Vesle,5.4
51110,Chaltrait,3.7
51111,Chambrecy,3.3
51112,Chamery,3.6
51113,Champaubert,1.1
51115,Champfleury,6.6
51116,Champguyon,1.3
51117,Champigneul-Champagne,2.3
51118,Champigny,8.0
51119,Champillon,3.3
51120,Champlat-et-Boujacourt,2.5
51121,Champvoisy,2.3
51122,Changy,3.4
51124,Chantemerle,3.0
51125,Chapelaine,2.1
51126,La Chapelle-Felcourt,0.8
51127,La Chapelle-Lasson,1.2
51128,La Chapelle-sous-Orbais,2.0
51129,Charleville,2.6
51130,Charmont,3.1
51132,Les Charmontois,1.6
51133,Le Châtelier,2.2
51134,Châtelraould-Saint-Louvent,3.2
51135,Châtillon-sur-Broué,1.5
51136,Châtillon-sur-Marne,3.6
51137,Châtillon-sur-Morin,2.6
51138,Châtrices,3.0
51139,Chaudefontaine,3.6
51140,Chaumuzy,3.4
51141,La Chaussée-sur-Marne,2.4
51142,Chavot-Courcourt,3.3
51143,Le Chemin,1.9
51144,Cheminon,3.8
51145,Chenay,5.0
51146,Cheniers,1.1
51147,La Cheppe,1.6
51148,Cheppes-la-Prairie,2.4
51149,Chepy,2.5
51150,Cherville,2.7
51151,Chichey,5.2
51152,Chigny-les-Roses,4.6
51153,Chouilly,5.8
51154,Clamanges,2.4
51155,Clesles,3.4
51156,Cloyes-sur-Marne,3.8
51157,Coizard-Joches,2.2
51158,Val-des-Marais,3.1
51160,Compertrix,3.9
51161,Condé-sur-Marne,3.5
51162,Conflans-sur-Seine,2.7
51163,Congy,1.1
51164,Connantray-Vaurefroy,2.8
51165,Connantre,2.8
51166,Contault,1.1
51167,Coole,1.9
51168,Coolus,2.9
51169,Corbeil,1.1
51170,Corfélix,3.0
51171,Cormicy,2.7
51172,Cormontreuil,5.2
51173,Cormoyeux,2.8
51174,Corribert,0.9
51175,Corrobert,4.1
51176,Corroy,3.4
51177,Coulommes-la-Montagne,4.5
51178,Coupetz,1.3
51179,Coupéville,1.0
51181,Courcelles-Sapicourt,2.5
51182,Courcemain,1.8
51183,Courcy,4.4
51184,Courdemanges,4.2
51185,Courgivaux,1.3
51186,Courjeonnet,0.7
51187,Courlandon,3.1
51188,Courmas,3.8
51190,Courtagnon,1.8
51191,Courtémont,2.1
51192,Courthiézy,3.2
51193,Courtisols,2.1
51194,Courville,2.5
51195,Couvrot,3.6
51196,Cramant,3.3
51197,La Croix-en-Champagne,0.8
51198,Crugny,2.5
51199,Cuchery,2.8
51200,Cuis,4.1
51201,Cuisles,3.5
51202,Cumières,3.7
51203,Cuperly,2.9
51204,Damery,3.0
51205,Dampierre-au-Temple,3.7
51206,Dampierre-le-Château,0.8
51208,Dampierre-sur-Moivre,0.9
51210,Dizy,4.1
51211,Dommartin-Dampierre,2.4
51212,Dommartin-Lettrée,0.7
51213,Dommartin-sous-Hans,2.1
51214,Dommartin-Varimont,0.9
51215,Dompremy,2.8
51216,Dontrien,2.2
51217,Dormans,3.4
51218,Val-de-Vière,1.6
51219,Drosnay,3.4
51220,Drouilly,3.1
51222,Éclaires,2.4
51223,Écollemont,1.8
51224,Écriennes,4.0
51225,Écueil,4.6
51226,Écury-le-Repos,2.0
51227,Écury-sur-Coole,1.8
51228,Élise-Daucourt,3.4
51229,Épense,0.1
51230,Épernay,4.3
51231,L'Épine,3.2
51232,Époye,4.1
51233,Escardes,0.3
51234,Esclavolles-Lurey,2.8
51235,Les Essarts-lès-Sézanne,2.8
51236,Les Essarts-le-Vicomte,0.8
51237,Esternay,1.3
51238,Étoges,2.0
51239,Étréchy,2.9
51240,Étrepy,3.0
51241,Euvy,2.2
51242,Fagnières,2.6
51243,Faux-Fresnay,2.2
51244,Faux-Vésigneul,1.0
51245,Faverolles-et-Coëmy,3.1
51246,Favresse,1.8
51247,Fèrebrianges,2.0
51248,Fère-Champenoise,2.8
51249,Festigny,2.2
51250,Fismes,3.1
51251,Flavigny,4.5
51252,Fleury-la-Rivière,2.3
51253,Florent-en-Argonne,4.3
51254,Fontaine-Denis-Nuisy,4.2
51255,Fontaine-en-Dormois,0.0
51256,Fontaine-sur-Ay,3.5
51258,La Forestière,0.8
51259,Francheville,0.9
51260,Le Fresne,0.8
51262,Frignicourt,4.3
51263,Fromentières,2.0
51264,Le Gault-Soigny,3.9
51265,Gaye,4.4
51266,Germaine,1.4
51267,Germigny,3.5
51268,Germinon,0.9
51269,Giffaumont-Champaubert,1.8
51270,Gigny-Bussy,3.9
51272,Givry-en-Argonne,1.9
51273,Givry-lès-Loisy,3.3
51274,Gizaucourt,1.7
51275,Glannes,3.6
51276,Gourgançon,2.6
51277,Sainte-Marie-du-Lac-Nuisement,1.4
51278,Les Grandes-Loges,4.8
51279,Granges-sur-Aube,2.4
51280,Gratreuil,0.1
51281,Grauves,4.2
51282,Gueux,5.2
51283,Hans,1.1
51284,Haussignémont,2.8
51285,Haussimont,1.5
51286,Hauteville,1.4
51287,Hautvillers,3.7
51288,Heiltz-le-Hutier,2.4
51289,Heiltz-le-Maurupt,4.6
51290,Heiltz-l'Évêque,3.1
51291,Hermonville,2.8
51292,Herpont,0.2
51293,Heutrégiville,5.0
51294,Hourges,2.4
51295,Huiron,3.8
51296,Humbauville,0.5
51298,Igny-Comblizy,2.2
51299,Isles-sur-Suippe,6.1
51300,Isle-sur-Marne,2.6
51301,Isse,2.5
51302,Les Istres-et-Bury,4.0
51303,Jâlons,2.5
51304,Janvilliers,3.0
51305,Janvry,2.9
51306,Joiselle,1.3
51307,Jonchery-sur-Suippe,3.7
51308,Jonchery-sur-Vesle,3.4
51309,Jonquery,2.7
51310,Jouy-lès-Reims,4.5
51311,Jussecourt-Minecourt,4.2
51312,Juvigny,3.3
51313,Lachy,2.8
51314,Lagery,2.3
51315,Landricourt,1.9
51316,Larzicourt,1.9
51317,Laval-sur-Tourbe,0.7
51318,Lavannes,4.7
51319,Lenharrée,1.1
51320,Leuvrigny,3.0
51321,Lhéry,3.1
51322,Lignon,2.4
51323,Linthelles,5.2
51324,Linthes,4.3
51325,Lisse-en-Champagne,2.6
51326,Livry-Louvercy,5.1
51327,Loisy-en-Brie,3.3
51328,Loisy-sur-Marne,3.8
51329,Loivre,2.3
51333,Ludes,4.9
51334,Luxémont-et-Villotte,3.9
51336,Maffrécourt,1.9
51337,Magneux,2.9
51338,Mailly-Champagne,5.5
51339,Mairy-sur-Marne,2.3
51340,Maisons-en-Champagne,2.7
51341,Malmy,1.3
51342,Mancy,3.1
51343,Marcilly-sur-Seine,2.8
51344,Mardeuil,3.9
51345,Mareuil-en-Brie,1.0
51346,Mareuil-le-Port,4.1
51348,Marfaux,2.3
51349,Margerie-Hancourt,3.9
51350,Margny,2.8
51351,Marigny,3.6
51352,Marolles,3.7
51353,Marsangis,2.4
51354,Marson,1.9
51355,Massiges,0.3
51356,Matignicourt-Goncourt,3.4
51357,Matougues,2.1
51358,Maurupt-le-Montois,2.5
51359,Mécringes,4.0
51360,Le Meix-Saint-Epoing,1.3
51361,Le Meix-Tiercelin,0.6
51362,Merfy,4.1
51363,Merlaut,2.9
51364,Méry-Prémecy,3.0
51365,Les Mesneux,6.0
51367,Le Mesnil-sur-Oger,4.0
51368,Minaucourt-le-Mesnil-lès-Hurlus,0.3
51369,Mœurs-Verdey,4.4
51370,Moiremont,3.0
51371,Moivre,0.8
51372,Moncetz-Longevas,3.3
51373,Moncetz-l'Abbaye,2.9
51374,Mondement-Montgivroux,3.0
51375,Montbré,4.8
51376,Montgenost,2.4
51377,Montépreux,1.8
51378,Monthelon,3.8
51379,Montigny-sur-Vesle,2.7
51380,Montmirail,3.9
51381,Montmort-Lucy,1.4
51382,Mont-sur-Courville,2.9
51384,Morangis,3.0
51386,Morsains,2.6
51387,Moslins,3.3
51388,Mourmelon-le-Grand,3.7
51389,Mourmelon-le-Petit,4.3
51390,Moussy,3.3
51391,Muizon,5.8
51392,Mutigny,3.0
51393,Nanteuil-la-Forêt,2.6
51395,Nesle-la-Reposte,1.0
51396,Nesle-le-Repons,2.8
51397,La Neuville-aux-Bois,0.9
51398,La Neuville-aux-Larris,3.0
51399,La Neuville-au-Pont,3.0
51402,Neuvy,1.3
51403,Nogent-l'Abbesse,4.6
51404,Noirlieu,0.6
51406,Norrois,3.8
51407,La Noue,2.6
51409,Nuisement-sur-Coole,1.5
51410,Œuilly,3.5
51412,Ognes,2.9
51413,Oiry,5.3
51414,Olizy,3.5
51415,Omey,1.5
51416,Orbais-l'Abbaye,2.2
51417,Orconte,3.0
51418,Ormes,7.0
51419,Outines,3.0
51420,Outrepont,3.4
51421,Oyes,1.7
51422,Pargny-lès-Reims,4.5
51423,Pargny-sur-Saulx,4.0
51424,Passavant-en-Argonne,2.4
51425,Passy-Grigny,3.2
51426,Péas,4.3
51428,Les Petites-Loges,5.0
51429,Pévy,2.0
51430,Pierre-Morains,3.3
51431,Pierry,3.9
51432,Pleurs,4.2
51433,Plichancourt,3.2
51434,Plivot,4.2
51435,Pocancy,1.9
51436,Pogny,1.5
51437,Poilly,4.3
51438,Poix,0.3
51439,Pomacle,5.7
51440,Pontfaverger-Moronvilliers,3.5
51441,Ponthion,2.8
51442,Possesse,1.6
51443,Potangis,2.0
51444,Pouillon,4.5
51445,Pourcy,3.1
51446,Pringy,3.2
51447,Prosnes,5.3
51448,Prouilly,3.3
51449,Prunay,5.1
51450,Puisieulx,4.6
51451,Queudes,3.5
51452,Rapsécourt,0.8
51453,Recy,4.0
51454,Reims,5.1
51455,Reims-la-Brûlée,2.8
51456,Remicourt,1.1
51457,Cœur-de-la-Vallée,3.7
51458,Reuves,1.7
51459,Réveillon,0.2
51460,Rieux,3.9
51461,Rilly-la-Montagne,4.1
51463,Les Rivières-Henruel,3.8
51464,Romain,3.4
51465,Romery,3.4
51466,Romigny,2.5
51468,Rosnay,3.5
51469,Rouffy,2.5
51470,Rouvroy-Ripont,0.0
51471,Sacy,4.2
51472,Saint-Amand-sur-Fion,3.3
51473,Saint-Bon,0.1
51474,Saint-Brice-Courcelles,4.8
51475,Saint-Chéron,2.7
51476,Saint-Étienne-au-Temple,3.8
51477,Saint-Étienne-sur-Suippe,3.5
51478,Saint-Eulien,1.9
51479,Saint-Euphraise-et-Clairizet,3.4
51480,Sainte-Gemme,2.8
51482,Saint-Germain-la-Ville,2.2
51483,Saint-Gibrien,2.4
51484,Saint-Gilles,2.6
51485,Saint-Hilaire-au-Temple,2.5
51486,Saint-Hilaire-le-Grand,3.7
51487,Saint-Hilaire-le-Petit,2.6
51488,Saint-Imoges,2.9
51489,Saint-Jean-devant-Possesse,1.6
51490,Saint-Jean-sur-Moivre,0.9
51491,Saint-Jean-sur-Tourbe,0.7
51492,Saint-Just-Sauvage,3.3
51493,Saint-Léonard,6.0
51495,Saint-Loup,5.1
51496,Saint-Lumier-en-Champagne,2.1
51497,Saint-Lumier-la-Populeuse,1.0
51498,Saint-Mard-sur-Auve,0.9
51499,Saint-Mard-lès-Rouffy,2.5
51500,Saint-Mard-sur-le-Mont,1.1
51501,Sainte-Marie-à-Py,1.0
51502,Saint-Martin-aux-Champs,2.4
51503,Saint-Martin-l'Heureux,2.3
51504,Saint-Martin-sur-le-Pré,4.2
51505,Saint-Masmes,4.3
51506,Saint-Memmie,5.2
51507,Sainte-Menehould,3.6
51508,Saint-Ouen-Domprot,1.1
51509,Saint-Pierre,1.1
51510,Saint-Quentin-les-Marais,3.7
51511,Saint-Quentin-le-Verger,2.0
51512,Saint-Quentin-sur-Coole,0.9
51513,Saint-Remy-en-Bouzemont-Saint-Genest-et-Isson,4.1
51514,Saint-Remy-sous-Broyes,3.8
51515,Saint-Remy-sur-Bussy,0.8
51516,Saint-Saturnin,1.8
51517,Saint-Souplet-sur-Py,1.3
51518,Saint-Thierry,4.5
51519,Saint-Thomas-en-Argonne,1.6
51520,Saint-Utin,3.0
51521,Saint-Vrain,2.4
51522,Sapignicourt,1.6
51523,Sarcy,3.4
51524,Saron-sur-Aube,2.9
51525,Sarry,3.1
51526,Saudoy,4.9
51527,Savigny-sur-Ardres,3.6
51528,Scrupt,3.1
51529,Selles,4.2
51530,Sept-Saulx,5.1
51531,Sermaize-les-Bains,5.7
51532,Sermiers,4.3
51533,Servon-Melzicourt,0.8
51534,Serzy-et-Prin,3.5
51535,Sézanne,4.4
51536,Sillery,5.4
51537,Sivry-Ante,1.7
51538,Sogny-aux-Moulins,3.1
51539,Sogny-en-l'Angle,4.7
51542,Soizy-aux-Bois,3.0
51543,Somme-Bionne,1.5
51544,Sommepy-Tahure,1.3
51545,Sommesous,1.0
51546,Somme-Suippe,2.0
51547,Somme-Tourbe,1.3
51548,Somme-Vesle,0.4
51549,Somme-Yèvre,0.1
51550,Sompuis,0.7
51551,Somsois,2.4
51552,Songy,3.2
51553,Souain-Perthes-lès-Hurlus,2.8
51555,Soudé,0.9
51556,Soudron,0.0
51557,Soulanges,3.0
51558,Soulières,3.6
51559,Suippes,2.8
51560,Suizy-le-Franc,1.0
51562,Taissy,5.6
51563,Talus-Saint-Prix,1.7
51564,Val de Livre,3.6
51565,Thaas,2.2
51566,Thibie,0.1
51567,Thiéblemont-Farémont,4.1
51568,Thil,5.0
51569,Thillois,8.1
51570,Le Thoult-Trosnay,1.7
51571,Val-de-Vesle,5.5
51572,Tilloy-et-Bellay,0.3
51573,Tinqueux,6.7
51574,Togny-aux-Bœufs,1.5
51576,Tours-sur-Marne,3.5
51577,Tramery,3.9
51578,Trécon,2.8
51579,Tréfols,1.5
51580,Trépail,4.4
51581,Treslon,3.0
51582,Trigny,3.3
51583,Trois-Fontaines-l'Abbaye,3.7
51584,Trois-Puits,5.2
51585,Troissy,3.8
51586,Unchair,3.1
51587,Vadenay,3.0
51588,Valmy,1.6
51589,Vanault-le-Châtel,1.6
51590,Vanault-les-Dames,2.6
51591,Vandeuil,3.3
51592,Vandières,3.9
51594,Vassimont-et-Chapelaine,0.8
51595,Vatry,0.1
51596,Vauchamps,3.9
51597,Vauciennes,2.8
51598,Vauclerc,4.3
51599,Vaudemange,4.9
51600,Vaudesincourt,3.3
51601,Vavray-le-Grand,2.8
51602,Vavray-le-Petit,1.7
51603,Vélye,2.2
51604,Ventelay,3.0
51605,Venteuil,2.1
51607,Verdon,2.9
51608,Vernancourt,1.6
51609,Verneuil,3.8
51610,Verrières,3.4
51611,Vert-Toulon,3.5
51612,Blancs-Coteaux,3.9
51613,Verzenay,4.9
51614,Verzy,4.1
51616,Vésigneul-sur-Marne,2.4
51617,La Veuve,4.3
51618,Le Vézier,1.7
51619,Le Vieil-Dampierre,1.4
51620,Vienne-la-Ville,2.4
51621,Vienne-le-Château,1.9
51622,Ville-Dommange,4.4
51623,Ville-en-Selve,3.7
51624,Ville-en-Tardenois,2.8
51625,Villeneuve-la-Lionne,0.2
51626,La Villeneuve-lès-Charleville,2.6
51627,Villeneuve-Renneville-Chevigny,3.5
51628,Villeneuve-Saint-Vistre-et-Villevotte,2.2
51629,Villers-Allerand,4.0
51630,Villers-aux-Bois,4.3
51631,Villers-aux-Nœuds,5.6
51632,Villers-en-Argonne,2.2
51633,Villers-Franqueux,4.1
51634,Villers-le-Château,1.1
51635,Villers-le-Sec,6.2
51636,Villers-Marmery,4.5
51638,Villeseneux,1.5
51639,La Ville-sous-Orbais,0.5
51640,Ville-sur-Tourbe,1.4
51641,Villevenard,0.7
51642,Villiers-aux-Corneilles,2.1
51643,Vinay,2.9
51644,Vincelles,3.7
51645,Vindey,4.6
51646,Virginy,1.1
51647,Vitry-en-Perthois,4.3
51648,Vitry-la-Ville,1.4
51649,Vitry-le-François,3.8
51650,Voilemont,1.7
51652,Vouarces,2.2
51654,Vouillers,0.8
51655,Vouzy,2.5
51656,Vraux,2.7
51657,Vrigny,4.5
51658,Vroil,4.7
51659,Wargemoulin-Hurlus,0.0
51660,Warmeriville,5.9
51662,Witry-lès-Reims,4.7
51663,Magenta,4.4
52001,Ageville,1.3
52002,Aigremont,2.3
52003,Aillianville,1.3
52004,Aingoulaincourt,0.9
52005,Aizanville,2.1
52006,Allichamps,2.3
52007,Ambonville,0.6
52008,Andelot-Blancheville,6.0
52009,Andilly-en-Bassigny,0.9
52011,Annéville-la-Prairie,2.7
52012,Annonville,2.1
52013,Anrosey,2.1
52014,Aprey,1.7
52015,Arbigny-sous-Varennes,1.9
52016,Arbot,1.8
52017,Arc-en-Barrois,4.3
52019,Arnancourt,3.5
52021,Attancourt,1.8
52022,Aubepierre-sur-Aube,3.1
52023,Auberive,2.7
52025,Audeloncourt,2.0
52027,Aujeurres,0.5
52028,Aulnoy-sur-Aube,1.8
52029,Autigny-le-Grand,4.1
52030,Autigny-le-Petit,4.1
52031,Autreville-sur-la-Renne,2.6
52033,Avrecourt,2.6
52034,Bailly-aux-Forges,3.3
52035,Baissey,1.3
52037,Bannes,2.8
52038,Bassoncourt,3.2
52039,Baudrecourt,3.4
52040,Bay-sur-Aube,2.7
52042,Beauchemin,1.5
52043,Belmont,2.0
52044,Roches-Bettaincourt,5.6
52045,Bettancourt-la-Ferrée,2.9
52047,Beurville,4.4
52050,Biesles,2.3
52051,Bize,2.6
52053,Blaisy,1.7
52055,Blécourt,1.8
52056,Blessonville,3.8
52057,Blumeray,4.0
52058,Bologne,4.6
52059,Bonnecourt,1.8
52060,Bourbonne-les-Bains,2.7
52061,Bourdons-sur-Rognon,1.3
52062,Bourg,2.6
52063,Bourg-Sainte-Marie,1.5
52064,Bourmont-entre-Meuse-et-Mouzon,0.7
52065,Bouzancourt,2.6
52066,Brachay,4.5
52067,Brainville-sur-Meuse,0.7
52069,Braux-le-Châtel,1.9
52070,Brennes,2.9
52072,Brethenay,4.1
52074,Breuvannes-en-Bassigny,3.4
52075,Briaucourt,3.8
52076,Bricon,3.5
52079,Brousseval,3.3
52082,Bugnières,3.6
52083,Champsevraine,2.7
52084,Busson,4.3
52085,Buxières-lès-Clefmont,1.9
52087,Buxières-lès-Villiers,3.0
52088,Ceffonds,2.0
52089,Celles-en-Bassigny,0.9
52090,Celsoy,2.8
52091,Cerisières,2.8
52092,Chalancey,2.2
52093,Chalindrey,4.1
52094,Vals-des-Tilles,2.3
52095,Chalvraines,3.3
52097,Chambroncourt,0.5
52099,Chamouilley,2.6
52101,Champigneulles-en-Bassigny,3.3
52102,Champigny-lès-Langres,3.4
52103,Champigny-sous-Varennes,1.9
52104,Chancenay,3.1
52105,Changey,2.7
52106,Chanoy,3.4
52107,Chantraines,5.3
52108,Charmes,3.2
52109,Charmes-en-l'Angle,3.0
52110,Charmes-la-Grande,3.0
52113,Chassigny,2.3
52114,Châteauvillain,3.7
52115,Chatenay-Mâcheron,3.3
52116,Chatenay-Vaudin,4.0
52118,Chatonrupt-Sommermont,3.6
52119,Chaudenay,3.2
52120,Chauffourt,2.8
52121,Chaumont,3.3
52122,Chaumont-la-Ville,2.7
52123,Chevillon,2.9
52124,Chézeaux,1.9
52125,Chamarandes-Choignes,3.3
52126,Choilley-Dardenay,0.4
52127,Choiseul,3.2
52128,Cirey-lès-Mareilles,4.9
52129,Cirey-sur-Blaise,3.5
52130,Cirfontaines-en-Azois,2.6
52131,Cirfontaines-en-Ornois,2.1
52132,Clefmont,2.0
52133,Clinchamp,0.5
52134,Cohons,3.7
52135,Coiffy-le-Bas,2.0
52136,Coiffy-le-Haut,1.9
52137,Colmier-le-Bas,1.5
52138,Colmier-le-Haut,1.5
52140,Colombey les Deux Églises,2.1
52141,Condes,4.1
52142,Consigny,1.3
52145,Coublanc,3.3
52146,Coupray,6.3
52147,Courcelles-en-Montagne,1.8
52149,Courcelles-sur-Blaise,4.8
52151,Cour-l'Évêque,5.0
52155,Culmont,3.3
52156,Curel,3.3
52157,Curmont,2.5
52158,Cusey,0.7
52159,Cuves,1.9
52160,Daillancourt,2.3
52161,Daillecourt,2.5
52162,Dammartin-sur-Meuse,3.2
52163,Dampierre,3.9
52164,Damrémont,2.4
52165,Dancevoir,3.9
52167,Darmannes,4.6
52168,Dinteville,2.7
52169,Domblain,3.3
52170,Dommarien,0.7
52171,Dommartin-le-Franc,4.6
52172,Dommartin-le-Saint-Père,3.7
52173,Domremy-Landéville,2.4
52174,Doncourt-sur-Meuse,1.5
52175,Donjeux,4.2
52177,Doulaincourt-Saucourt,4.3
52178,Doulevant-le-Château,3.5
52179,Doulevant-le-Petit,4.0
52181,Échenay,0.0
52182,Éclaron-Braucourt-Sainte-Livière,2.6
52183,Ecot-la-Combe,3.2
52184,Effincourt,0.5
52185,Enfonvelle,3.0
52187,Épizon,1.1
52189,Le Val-d'Esnoms,0.4
52190,Esnouveaux,1.3
52193,Euffigneix,2.3
52194,Eurville-Bienville,2.3
52195,Farincourt,0.7
52196,Faverolles,0.8
52197,Fayl-Billot,3.0
52198,Fays,3.3
52199,Ferrière-et-Lafolie,2.9
52200,Flagey,2.6
52201,Flammerécourt,2.4
52203,Fontaines-sur-Marne,2.8
52204,Forcey,2.0
52205,Foulain,2.8
52206,Frampas,1.3
52207,Frécourt,2.8
52208,Fresnes-sur-Apance,3.0
52211,Froncles,3.7
52212,Fronville,4.1
52213,Genevrières,2.9
52214,La Genevroye,2.1
52216,Germaines,3.0
52217,Germainvilliers,3.3
52218,Germay,0.0
52219,Germisay,0.6
52220,Giey-sur-Aujon,3.6
52221,Gillancourt,1.6
52222,Gillaumé,1.1
52223,Gilley,0.7
52227,Graffigny-Chemin,1.1
52228,Grandchamp,2.6
52229,Grenant,2.5
52230,Gudmont-Villiers,5.2
52231,Guindrecourt-aux-Ormes,4.0
52232,Guindrecourt-sur-Blaise,2.8
52233,Guyonvelle,2.1
52234,Hâcourt,1.5
52235,Hallignicourt,3.2
52237,Harréville-les-Chanteurs,2.7
52240,Heuilley-le-Grand,2.1
52242,Haute-Amance,2.7
52243,Huilliécourt,1.5
52244,Humbécourt,2.8
52245,Humberville,4.2
52246,Humes-Jorquenay,3.5
52247,Illoud,0.5
52248,Is-en-Bassigny,3.6
52249,Isômes,0.9
52250,Joinville,3.3
52251,Jonchery,2.7
52253,Juzennecourt,1.7
52254,Lachapelle-en-Blaisy,1.8
52256,Lafauche,2.3
52257,Laferté-sur-Amance,2.1
52258,Laferté-sur-Aube,1.9
52260,Lamancine,4.6
52264,Laneuvelle,1.9
52265,Bayard-sur-Marne,1.9
52266,Laneuville-à-Rémy,2.4
52267,Laneuville-au-Pont,2.3
52269,Langres,3.7
52271,Lanques-sur-Rognon,1.3
52272,Lanty-sur-Aube,2.0
52273,Larivière-Arnoncourt,3.8
52274,Latrecey-Ormoy-sur-Aube,3.9
52275,Lavernoy,1.4
52276,Laville-aux-Bois,1.9
52277,Lavilleneuve,3.6
52278,Lavilleneuve-au-Roi,1.6
52280,Lecey,2.7
52282,Leffonds,1.5
52284,Leschères-sur-le-Blaiseron,2.4
52285,Leuchey,0.7
52286,Leurville,3.0
52287,Levécourt,2.2
52288,Lezéville,1.1
52289,Liffol-le-Petit,3.1
52290,Les Loges,3.0
52291,Longchamp,0.7
52292,Longeau-Percey,2.5
52294,Louvemont,1.8
52295,Louvières,2.2
52297,Luzy-sur-Marne,2.8
52298,Maâtz,3.3
52300,Magneux,2.0
52301,Maisoncelles,1.5
52302,Maizières,2.9
52303,Maizières-sur-Amance,1.8
52304,Malaincourt-sur-Meuse,0.7
52305,Mandres-la-Côte,2.6
52306,Manois,6.1
52307,Marac,1.7
52308,Maranville,3.2
52310,Marbéville,2.1
52311,Marcilly-en-Bassigny,1.1
52312,Mardor,1.2
52313,Mareilles,4.0
52315,Marnay-sur-Marne,1.1
52316,Mathons,3.3
52318,Melay,2.6
52319,Mennouveaux,0.0
52320,Merrey,3.2
52321,Mertrud,4.5
52322,Meures,3.2
52325,Millières,0.0
52326,Mirbel,2.1
52327,Moëslains,3.1
52328,Montcharvot,2.1
52330,Montheries,1.8
52331,La Porte du Der,1.8
52332,Val-de-Meuse,3.3
52335,Montot-sur-Rognon,6.2
52336,Montreuil-sur-Blaise,2.2
52337,Montreuil-sur-Thonnance,2.0
52341,Morancourt,4.7
52342,Morionvilliers,0.5
52344,Mouilleron,1.6
52346,Mussey-sur-Marne,4.4
52347,Narcy,1.6
52348,Neuilly-l'Évêque,1.9
52349,Neuilly-sur-Suize,1.9
52350,Neuvelle-lès-Voisey,2.8
52352,Ninville,1.1
52353,Nogent,2.9
52354,Noidant-Chatenoy,3.7
52355,Noidant-le-Rocheux,1.6
52356,Nomécourt,4.6
52357,Noncourt-sur-le-Rongeant,2.6
52358,Noyers,3.1
52359,Nully,3.3
52360,Occey,1.7
52362,Orbigny-au-Mont,2.2
52363,Orbigny-au-Val,2.2
52364,Orcevaux,2.2
52365,Orges,2.5
52366,Ormancey,1.7
52367,Ormoy-lès-Sexfontaines,1.7
52369,Orquevaux,4.2
52370,Osne-le-Val,1.9
52371,Oudincourt,3.3
52372,Outremécourt,1.3
52373,Ozières,1.3
52374,Le Pailly,2.7
52375,Palaiseul,2.1
52376,Pansey,1.2
52377,Parnoy-en-Bassigny,2.8
52378,Paroy-sur-Saulx,0.7
52380,Peigney,3.1
52383,Perrancey-les-Vieux-Moulins,1.9
52384,Perrogney-les-Fontaines,1.6
52385,Perrusse,2.0
52386,Perthes,1.6
52388,Pierremont-sur-Amance,2.6
52390,Pisseloup,2.6
52391,Planrupt,1.2
52392,Plesnoy,1.6
52393,Poinsenot,2.3
52394,Poinson-lès-Fayl,2.4
52395,Poinson-lès-Grancey,2.3
52396,Poinson-lès-Nogent,2.5
52397,Poiseul,1.5
52398,Poissons,2.7
52399,Pont-la-Ville,2.8
52400,Le Châtelet-sur-Meuse,3.5
52401,Poulangy,1.5
52403,Praslay,2.7
52405,Le Montsaugeonnais,1.1
52406,Pressigny,1.9
52407,Prez-sous-Lafauche,3.6
52411,Rives Dervoises,2.8
52413,Rachecourt-Suzémont,3.0
52414,Rachecourt-sur-Marne,2.9
52415,Rançonnières,2.4
52416,Rangecourt,2.8
52419,Rennepont,2.5
52420,Reynel,5.6
52421,Riaucourt,3.1
52422,Richebourg,5.0
52423,Rimaucourt,6.5
52424,Rivières-le-Bois,1.3
52425,Rivière-les-Fosses,1.2
52426,Rizaucourt-Buchey,2.7
52428,Rochefort-sur-la-Côte,4.4
52429,Roches-sur-Marne,2.6
52431,Rochetaillée,2.1
52432,Rolampont,3.4
52433,Romain-sur-Meuse,0.7
52436,Rouécourt,1.8
52437,Rouelles,2.7
52438,Rougeux,2.8
52439,Rouvres-sur-Aube,3.0
52440,Rouvroy-sur-Marne,4.2
52442,Rupt,4.5
52443,Sailly,0.9
52444,Saint-Blin,4.6
52445,Saint-Broingt-le-Bois,1.3
52446,Saint-Broingt-les-Fosses,0.7
52447,Saint-Ciergues,1.2
52448,Saint-Dizier,2.9
52449,Saints-Geosmes,3.8
52450,Saint-Loup-sur-Aujon,3.3
52452,Saint-Martin-lès-Langres,1.9
52453,Saint-Maurice,3.3
52455,Saint-Thiébault,1.3
52456,Saint-Urbain-Maconcourt,4.1
52457,Saint-Vallier-sur-Marne,3.3
52459,Sarcey,1.9
52461,Sarrey,3.0
52463,Saudron,1.2
52464,Saulles,2.5
52465,Saulxures,2.2
52467,Savigny,1.7
52468,Semilly,3.3
52469,Semoutiers-Montsaon,4.1
52470,Serqueux,3.3
52472,Sexfontaines,1.3
52473,Signéville,4.9
52474,Silvarouvres,2.3
52475,Sommancourt,2.7
52476,Sommerécourt,1.3
52479,Sommevoire,3.8
52480,Soncourt-sur-Marne,4.5
52482,Soulaucourt-sur-Mouzon,1.1
52483,Soyers,2.0
52484,Suzannecourt,3.6
52486,Ternat,1.5
52487,Thilleux,2.9
52488,Thivet,2.4
52489,Thol-lès-Millières,0.7
52490,Thonnance-lès-Joinville,3.8
52491,Thonnance-les-Moulins,1.5
52492,Torcenay,4.1
52493,Tornay,0.7
52494,Treix,3.7
52495,Trémilly,3.1
52497,Troisfontaines-la-Ville,1.6
52499,Vaillant,1.2
52500,Valcourt,3.2
52502,Valleret,2.6
52503,Valleroy,0.7
52504,Varennes-sur-Amance,2.3
52505,Vaudrecourt,0.7
52506,Vaudrémont,2.0
52507,Vauxbons,1.5
52510,Vaux-sur-Blaise,3.1
52511,Vaux-sur-Saint-Urbain,2.7
52512,Vecqueville,3.8
52513,Velles,1.5
52514,Verbiesles,1.9
52515,Verseilles-le-Bas,2.0
52516,Verseilles-le-Haut,1.3
52517,Vesaignes-sous-Lafauche,3.3
52518,Vesaignes-sur-Marne,2.0
52519,Vesvres-sous-Chalancey,0.3
52520,Vicq,1.8
52522,Viéville,3.3
52523,Vignes-la-Côte,6.6
52524,Vignory,3.1
52525,Villars-en-Azois,0.7
52526,Villars-Santenoge,2.8
52528,Ville-en-Blaisois,3.7
52529,Villegusien-le-Lac,1.4
52534,Villiers-en-Lieu,2.1
52535,Villiers-le-Sec,4.0
52536,Villiers-lès-Aprey,0.5
52538,Villiers-sur-Suize,1.7
52539,Violot,1.8
52540,Vitry-en-Montagne,1.8
52541,Vitry-lès-Nogent,2.2
52542,Vivey,3.2
52543,Voillecomte,1.5
52544,Voisey,3.5
52545,Voisines,0.3
52546,Voncourt,1.7
52547,Vouécourt,3.5
52548,Vraincourt,3.3
52549,Vroncourt-la-Côte,1.5
52550,Wassy,1.6
53001,Ahuillé,2.9
53002,Alexain,1.1
53003,Ambrières-les-Vallées,2.0
53005,Andouillé,1.2
53007,Argentré,2.4
53008,Aron,2.4
53009,Arquenay,2.7
53010,Assé-le-Bérenger,3.8
53011,Astillé,1.5
53012,Athée,2.7
53013,Averton,2.1
53015,La Baconnière,2.5
53016,Bais,2.2
53017,Val-du-Maine,2.9
53018,Ballots,2.4
53019,Bannes,2.4
53021,La Bazoge-Montpinçon,1.6
53022,La Bazouge-de-Chemeré,2.5
53023,La Bazouge-des-Alleux,1.5
53025,Bazougers,2.3
53026,Beaulieu-sur-Oudon,2.5
53027,Beaumont-Pied-de-Bœuf,3.8
53028,Belgeard,1.7
53029,Bierné-les-Villages,3.4
53030,Le Bignon-du-Maine,2.5
53031,La Bigottière,0.9
53033,La Boissière,3.5
53034,Bonchamp-lès-Laval,3.4
53035,Bouchamps-lès-Craon,3.3
53036,Bouère,3.1
53037,Bouessay,3.5
53038,Boulay-les-Ifs,1.8
53039,Le Bourgneuf-la-Forêt,1.3
53040,Bourgon,2.0
53041,Brains-sur-les-Marches,2.0
53042,Brecé,2.8
53043,Brée,2.2
53045,La Brûlatte,2.1
53046,Le Buret,3.1
53047,Carelles,3.5
53048,Chailland,2.2
53049,Châlons-du-Maine,2.7
53051,Champéon,2.3
53052,Champfrémont,1.7
53053,Champgenéteux,2.1
53054,Changé,3.8
53055,Chantrigné,2.4
53056,La Chapelle-Anthenaise,2.4
53057,La Chapelle-au-Riboul,2.0
53058,La Chapelle-Craonnaise,3.1
53059,La Chapelle-Rainsouin,2.8
53061,Charchigné,1.7
53062,Château-Gontier-sur-Mayenne,3.4
53063,Châtelain,3.0
53064,Châtillon-sur-Colmont,2.7
53066,Chemazé,3.1
53067,Chémeré-le-Roi,2.5
53068,Chérancé,2.8
53069,Chevaigné-du-Maine,2.4
53071,Colombiers-du-Plessis,3.5
53072,Commer,1.9
53073,Congrier,2.1
53074,Contest,1.8
53075,Cosmes,2.7
53076,Cossé-en-Champagne,2.3
53077,Cossé-le-Vivien,2.0
53078,Coudray,2.1
53079,Couesmes-Vaucé,2.3
53080,Couptrain,2.2
53082,Courbeveille,1.5
53083,Courcité,2.2
53084,Craon,3.1
53085,Crennes-sur-Fraubée,2.1
53086,La Croixille,2.4
53087,La Cropte,3.1
53088,Cuillé,2.5
53089,Daon,1.7
53090,Denazé,2.8
53091,Désertines,2.7
53093,La Dorée,2.4
53094,Entrammes,2.7
53096,Ernée,2.7
53097,Évron,3.0
53098,Fontaine-Couverte,1.6
53099,Forcé,3.8
53100,Fougerolles-du-Plessis,1.8
53101,Fromentières,4.0
53102,Gastines,2.0
53103,Le Genest-Saint-Isle,3.1
53104,Gennes-Longuefuye,4.5
53105,Gesnes,1.7
53106,Gesvres,2.6
53107,Gorron,2.2
53108,La Gravelle,3.5
53109,Grazay,1.7
53110,Grez-en-Bouère,4.0
53111,La Haie-Traversaine,2.5
53112,Le Ham,1.5
53113,Hambers,2.9
53114,Hardanges,1.9
53115,Hercé,2.8
53116,Le Horps,1.4
53117,Houssay,2.6
53118,Le Housseau-Brétignolles,2.1
53119,L'Huisserie,3.0
53120,Izé,3.4
53121,Javron-les-Chapelles,2.3
53122,Jublains,2.2
53123,Juvigné,2.1
53124,Prée-d'Anjou,4.0
53125,Landivy,2.5
53126,Larchamp,2.3
53127,Lassay-les-Châteaux,2.4
53128,Laubrières,2.7
53129,Launay-Villiers,1.8
53130,Laval,4.2
53131,Lesbois,2.7
53132,Levaré,3.1
53133,Lignières-Orgères,2.8
53134,Livet,2.4
53135,Livré-la-Touche,3.2
53136,La Roche-Neuville,2.6
53137,Loiron-Ruillé,2.5
53139,Loupfougères,2.3
53140,Louverné,4.0
53141,Louvigné,1.8
53142,Madré,2.8
53143,Maisoncelles-du-Maine,1.9
53144,Marcillé-la-Ville,1.3
53145,Marigné-Peuton,3.8
53146,Martigné-sur-Mayenne,3.2
53147,Mayenne,2.1
53148,Mée,3.4
53150,Ménil,2.1
53151,Méral,2.7
53152,Meslay-du-Maine,3.0
53153,Mézangers,3.0
53154,Montaudin,3.1
53155,Montenay,2.8
53156,Montflours,2.5
53157,Montigné-le-Brillant,3.0
53158,Montjean,2.4
53160,Montreuil-Poulay,2.6
53161,Montsûrs,1.9
53162,Moulay,1.9
53163,Neau,2.8
53164,Neuilly-le-Vendin,3.0
53165,Niafles,3.2
53168,Nuillé-sur-Vicoin,1.7
53169,Olivet,1.9
53170,Oisseau,2.9
53172,Origné,1.0
53173,La Pallu,2.4
53174,Parigné-sur-Braye,2.4
53175,Parné-sur-Roc,2.4
53176,Le Pas,2.2
53177,La Pellerine,2.2
53178,Peuton,2.8
53179,Placé,1.8
53180,Pommerieux,2.4
53181,Pontmain,1.5
53182,Port-Brillet,2.0
53184,Préaux,2.8
53185,Pré-en-Pail-Saint-Samson,1.8
53186,Quelaines-Saint-Gault,2.2
53187,Ravigny,1.7
53188,Renazé,3.2
53189,Rennes-en-Grenouilles,2.3
53190,Le Ribay,1.3
53191,La Roë,2.1
53192,La Rouaudière,2.2
53193,Ruillé-Froid-Fonds,3.9
53195,Sacé,1.6
53196,Saint-Aignan-de-Couptrain,1.9
53197,Saint-Aignan-sur-Roë,3.2
53198,Saint-Aubin-du-Désert,1.5
53199,Saint-Aubin-Fosse-Louvain,2.6
53200,Saint-Baudelle,1.7
53201,Saint-Berthevin,3.6
53202,Saint-Berthevin-la-Tannière,3.0
53203,Saint-Brice,2.9
53204,Saint-Calais-du-Désert,2.1
53206,Saint-Charles-la-Forêt,2.8
53208,Saint-Cyr-en-Pail,2.0
53209,Saint-Cyr-le-Gravelais,2.6
53210,Saint-Denis-d'Anjou,3.1
53211,Saint-Denis-de-Gastines,3.4
53212,Saint-Denis-du-Maine,2.9
53213,Saint-Ellier-du-Maine,2.0
53214,Saint-Erblon,2.2
53216,Saint-Fraimbault-de-Prières,2.9
53218,Sainte-Gemmes-le-Robert,3.3
53219,Saint-Georges-Buttavent,2.9
53220,Saint-Georges-le-Fléchard,2.5
53221,Saint-Georges-sur-Erve,2.0
53222,Saint-Germain-d'Anxure,1.3
53223,Saint-Germain-de-Coulamer,2.7
53224,Saint-Germain-le-Fouilloux,2.6
53225,Saint-Germain-le-Guillaume,1.6
53226,Saint-Hilaire-du-Maine,2.1
53228,Blandouet-Saint Jean,1.0
53229,Saint-Jean-sur-Mayenne,2.7
53230,Saint-Julien-du-Terroux,2.4
53232,Saint-Léger,2.6
53233,Saint-Loup-du-Dorat,3.0
53234,Saint-Loup-du-Gast,2.5
53235,Sainte-Marie-du-Bois,2.5
53236,Saint-Mars-du-Désert,1.6
53237,Saint-Mars-sur-Colmont,3.1
53238,Saint-Mars-sur-la-Futaie,1.7
53240,Saint-Martin-du-Limet,3.6
53242,Saint-Michel-de-la-Roë,2.4
53243,Saint-Ouën-des-Toits,1.7
53245,Saint-Pierre-des-Landes,1.8
53246,Saint-Pierre-des-Nids,1.6
53247,Saint-Pierre-la-Cour,2.1
53248,Saint-Pierre-sur-Erve,2.0
53249,Vimartin-sur-Orthe,2.7
53250,Saint-Poix,2.9
53251,Saint-Quentin-les-Anges,3.6
53253,Saint-Saturnin-du-Limet,3.1
53255,Sainte-Suzanne-et-Chammes,2.1
53256,Saint-Thomas-de-Courceriers,1.6
53257,Saulges,2.6
53258,La Selle-Craonnaise,3.5
53259,Senonnes,1.7
53260,Simplé,3.3
53261,Soucé,1.4
53262,Soulgé-sur-Ouette,2.1
53263,Thubœuf,2.7
53264,Thorigné-en-Charnie,1.9
53265,Torcé-Viviers-en-Charnie,1.6
53266,Trans,2.0
53267,Vaiges,2.8
53269,Vautorte,2.9
53270,Vieuvy,3.3
53271,Villaines-la-Juhel,1.9
53272,Villepail,2.7
53273,Villiers-Charlemagne,3.9
53276,Voutré,2.9
54001,Abaucourt,2.6
54002,Abbéville-lès-Conflans,2.4
54003,Aboncourt,4.4
54004,Affléville,2.1
54005,Affracourt,4.7
54006,Agincourt,5.8
54007,Aingeray,2.9
54008,Allain,4.9
54009,Allamont,3.3
54010,Allamps,3.9
54011,Allondrelle-la-Malmaison,2.3
54012,Amance,3.8
54013,Amenoncourt,2.3
54014,Ancerviller,2.8
54015,Anderny,2.8
54016,Andilly,2.3
54017,Angomont,2.3
54018,Anoux,2.4
54019,Ansauville,1.2
54020,Anthelupt,5.5
54021,Armaucourt,4.4
54022,Arnaville,2.6
54023,Arracourt,1.8
54024,Arraye-et-Han,4.3
54025,Art-sur-Meurthe,5.0
54026,Athienville,1.4
54027,Atton,6.1
54028,Auboué,3.7
54029,Audun-le-Roman,3.3
54030,Autrepierre,2.3
54031,Autreville-sur-Moselle,3.9
54032,Autrey,2.5
54033,Avillers,3.4
54034,Avrainville,2.1
54035,Avricourt,2.4
54036,Avril,3.9
54037,Azelot,3.1
54038,Azerailles,3.3
54039,Baccarat,2.5
54040,Badonviller,3.7
54041,Bagneux,3.1
54042,Bainville-aux-Miroirs,3.2
54043,Bainville-sur-Madon,2.6
54044,Barbas,3.6
54045,Barbonville,2.4
54046,Barisey-au-Plain,3.6
54047,Barisey-la-Côte,3.8
54048,Les Baroches,2.6
54049,Baslieux,1.8
54050,Bathelémont,0.5
54051,Batilly,4.1
54052,Battigny,2.2
54053,Bauzemont,0.4
54054,Bayon,2.8
54055,Bayonville-sur-Mad,2.7
54056,Bazailles,2.4
54057,Beaumont,1.6
54058,Béchamps,1.0
54059,Belleau,3.1
54060,Belleville,6.0
54061,Bénaménil,3.6
54062,Benney,2.4
54063,Bernécourt,1.0
54064,Bertrambois,2.5
54065,Bertrichamps,2.7
54066,Bettainvillers,2.6
54067,Beuveille,3.3
54068,Beuvezin,1.1
54069,Beuvillers,4.2
54070,Bey-sur-Seille,4.1
54071,Bezange-la-Grande,3.0
54072,Bezaumont,4.2
54073,Bicqueley,3.1
54074,Bienville-la-Petite,2.5
54075,Bionville,2.3
54076,Blainville-sur-l'Eau,3.3
54077,Blâmont,3.5
54078,Blémerey,1.9
54079,Blénod-lès-Pont-à-Mousson,4.0
54080,Blénod-lès-Toul,5.9
54081,Boismont,3.0
54082,Boncourt,3.1
54083,Bonviller,2.6
54084,Mont-Bonvillers,2.4
54085,Borville,1.9
54086,Boucq,0.8
54087,Bouillonville,3.2
54088,Bouvron,2.9
54089,Bouxières-aux-Chênes,3.6
54090,Bouxières-aux-Dames,7.8
54091,Bouxières-sous-Froidmont,3.2
54092,Bouzanville,3.5
54093,Brainville,2.5
54094,Bralleville,5.8
54095,Bratte,2.4
54096,Bréhain-la-Ville,4.0
54097,Bréménil,3.5
54098,Brémoncourt,1.9
54099,Val de Briey,3.4
54100,Brin-sur-Seille,4.6
54101,Brouville,2.1
54102,Bruley,3.0
54103,Bruville,2.6
54104,Buissoncourt,2.9
54105,Bulligny,4.1
54106,Bures,0.9
54107,Buriville,2.4
54108,Burthecourt-aux-Chênes,2.7
54109,Ceintrey,3.5
54110,Cerville,2.4
54111,Chaligny,1.9
54112,Chambley-Bussières,1.7
54113,Champenoux,3.6
54114,Champey-sur-Moselle,2.8
54115,Champigneulles,5.9
54116,Chanteheux,4.0
54117,Chaouilley,3.3
54118,Charency-Vezin,2.4
54119,Charey,3.8
54120,Charmes-la-Côte,3.6
54121,Charmois,2.4
54122,Chaudeney-sur-Moselle,5.7
54123,Chavigny,5.7
54124,Chazelles-sur-Albe,1.3
54125,Chenevières,5.1
54126,Chenicourt,4.7
54127,Chenières,3.3
54128,Choloy-Ménillot,5.3
54129,Cirey-sur-Vezouze,3.7
54130,Clayeures,1.9
54131,Clémery,2.5
54132,Clérey-sur-Brenon,3.0
54133,Coincourt,0.4
54134,Colmey,2.6
54135,Colombey-les-Belles,4.2
54136,Conflans-en-Jarnisy,2.8
54137,Cons-la-Grandville,3.1
54138,Cosnes-et-Romain,3.2
54139,Courbesseaux,2.5
54140,Courcelles,3.2
54141,Coyviller,1.6
54142,Crantenoy,5.0
54143,Crépey,2.6
54144,Crévéchamps,2.1
54145,Crévic,3.2
54146,Crézilles,4.6
54147,Crion,2.7
54148,Croismare,4.2
54149,Crusnes,3.9
54150,Custines,6.2
54151,Cutry,3.4
54152,Damelevières,2.4
54153,Dampvitoux,3.8
54154,Deneuvre,3.0
54155,Deuxville,2.5
54156,Diarville,3.6
54157,Dieulouard,4.1
54158,Dolcourt,1.4
54159,Dombasle-sur-Meurthe,4.6
54160,Domèvre-en-Haye,1.5
54161,Domèvre-sur-Vezouze,2.4
54162,Domgermain,4.1
54163,Domjevin,2.6
54164,Dommarie-Eulmont,3.4
54165,Dommartemont,4.5
54166,Dommartin-la-Chaussée,2.8
54167,Dommartin-lès-Toul,5.6
54168,Dommartin-sous-Amance,4.4
54169,Domprix,3.4
54170,Domptail-en-l'Air,1.4
54171,Doncourt-lès-Conflans,2.9
54172,Doncourt-lès-Longuyon,1.6
54173,Drouville,1.8
54174,Écrouves,4.4
54175,Einvaux,1.7
54176,Einville-au-Jard,2.4
54177,Emberménil,1.3
54178,Épiez-sur-Chiers,2.4
54179,Éply,2.7
54180,Erbéviller-sur-Amezule,3.3
54181,Errouville,2.9
54182,Essey-et-Maizerais,4.3
54183,Essey-la-Côte,1.7
54184,Essey-lès-Nancy,4.9
54185,Étreval,2.3
54186,Eulmont,3.7
54187,Euvezin,3.2
54188,Faulx,3.0
54189,Favières,2.2
54190,Fécocourt,2.0
54191,Fenneviller,3.1
54192,Ferrières,2.5
54193,Fey-en-Haye,2.6
54194,Fillières,2.5
54195,Flainval,3.6
54196,Flavigny-sur-Moselle,5.2
54197,Fléville-devant-Nancy,6.4
54198,Fléville-Lixières,3.3
54199,Flin,3.5
54200,Flirey,1.6
54201,Fontenoy-la-Joûte,3.0
54202,Fontenoy-sur-Moselle,5.2
54203,Forcelles-Saint-Gorgon,3.6
54204,Forcelles-sous-Gugney,3.6
54205,Foug,3.6
54206,Fraimbois,5.6
54207,Fraisnes-en-Saintois,4.2
54208,Francheville,3.4
54209,Franconville,3.5
54210,Fréménil,3.4
54211,Frémonville,4.1
54212,Fresnois-la-Montagne,2.9
54213,Friauville,2.4
54214,Frolois,2.8
54215,Frouard,4.6
54216,Froville,2.5
54217,Gélacourt,2.8
54218,Gélaucourt,2.2
54219,Gellenoncourt,2.2
54220,Gémonville,4.2
54221,Gerbécourt-et-Haplemont,3.2
54222,Gerbéviller,3.5
54223,Germiny,0.4
54224,Germonville,4.5
54225,Gézoncourt,1.2
54226,Gibeaumeix,4.9
54227,Giraumont,2.7
54228,Giriviller,1.9
54229,Glonville,2.1
54230,Gogney,3.7
54231,Gondrecourt-Aix,1.8
54232,Gondreville,6.2
54233,Gondrexon,1.4
54234,Gorcy,1.5
54235,Goviller,2.6
54236,Grand-Failly,3.5
54237,Grimonviller,3.1
54238,Gripport,4.4
54239,Griscourt,2.2
54240,Grosrouvres,1.2
54241,Gugney,3.6
54242,Gye,3.7
54243,Hablainville,2.1
54244,Hagéville,3.0
54245,Haigneville,1.7
54246,Halloville,3.1
54247,Hammeville,3.3
54248,Hamonville,1.2
54249,Hannonville-Suzémont,1.9
54250,Haraucourt,2.9
54251,Harbouey,3.8
54252,Haroué,4.1
54253,Hatrize,4.5
54254,Haucourt-Moulaine,4.0
54255,Haudonville,3.4
54256,Haussonville,2.3
54257,Heillecourt,6.6
54258,Hénaménil,1.6
54259,Herbéviller,2.3
54260,Hériménil,6.3
54261,Herserange,2.0
54262,Hoéville,1.6
54263,Homécourt,4.8
54264,Houdelmont,2.4
54265,Houdemont,6.8
54266,Houdreville,3.5
54268,Housséville,3.9
54269,Hudiviller,6.3
54270,Hussigny-Godbrange,2.7
54271,Igney,2.6
54272,Jaillon,2.1
54273,Jarny,2.8
54274,Jarville-la-Malgrange,5.3
54275,Jaulny,3.7
54276,Jeandelaincourt,3.6
54277,Jeandelize,2.6
54278,Jevoncourt,5.4
54279,Jezainville,2.9
54280,Jœuf,3.3
54281,Jolivet,3.9
54282,Joppécourt,2.7
54283,Jouaville,4.1
54284,Joudreville,1.4
54285,Juvrecourt,1.7
54286,Labry,3.6
54287,Lachapelle,1.9
54288,Lagney,2.9
54289,Laître-sous-Amance,3.6
54290,Laix,3.0
54291,Lalœuf,3.7
54292,Lamath,4.5
54293,Landécourt,2.5
54294,Landremont,3.5
54295,Landres,3.8
54296,Laneuvelotte,3.7
54297,Laneuveville-aux-Bois,2.1
54298,Laneuveville-derrière-Foug,1.9
54299,Laneuveville-devant-Bayon,5.4
54300,Laneuveville-devant-Nancy,4.4
54301,Lanfroicourt,5.8
54302,Lantéfontaine,3.2
54303,Laronxe,4.7
54304,Laxou,4.1
54305,Lay-Saint-Christophe,4.2
54306,Lay-Saint-Remy,2.6
54307,Lebeuville,2.9
54308,Leintrey,1.6
54309,Lemainville,3.1
54310,Leménil-Mitry,2.8
54311,Lenoncourt,3.3
54312,Lesménils,5.8
54313,Létricourt,4.2
54314,Lexy,2.5
54315,Leyr,3.8
54316,Limey-Remenauville,1.4
54317,Lironville,1.5
54318,Liverdun,2.2
54320,Loisy,3.5
54321,Longlaville,2.1
54322,Longuyon,3.4
54323,Longwy,2.7
54324,Lorey,2.0
54325,Loromontzey,2.4
54326,Lubey,2.3
54327,Lucey,3.0
54328,Ludres,6.5
54329,Lunéville,5.4
54330,Lupcourt,5.3
54331,Magnières,3.1
54332,Maidières,4.2
54333,Mailly-sur-Seille,2.8
54334,Mairy-Mainville,2.8
54335,Maixe,1.7
54336,Maizières,2.1
54337,Malavillers,2.7
54338,Malleloy,4.3
54339,Malzéville,5.3
54340,Mamey,1.9
54343,Mandres-aux-Quatre-Tours,0.8
54344,Mangonville,2.4
54345,Manoncourt-en-Vermois,3.5
54346,Manoncourt-en-Woëvre,1.9
54348,Manonville,1.5
54349,Manonviller,3.1
54350,Marainviller,3.3
54351,Marbache,5.3
54352,Maron,2.7
54353,Mars-la-Tour,2.0
54354,Marthemont,1.3
54355,Martincourt,0.5
54356,Mattexey,2.3
54357,Maxéville,7.1
54358,Mazerulles,3.8
54359,Méhoncourt,3.1
54360,Ménil-la-Tour,2.2
54362,Mercy-le-Bas,3.1
54363,Mercy-le-Haut,2.6
54364,Méréville,4.4
54365,Merviller,3.1
54366,Messein,4.0
54367,Mexy,3.4
54368,Mignéville,2.1
54369,Millery,5.7
54370,Minorville,1.3
54371,Moineville,4.2
54372,Moivrons,3.8
54373,Moncel-lès-Lunéville,7.2
54374,Moncel-sur-Seille,3.8
54375,Montauville,4.2
54376,Montenoy,3.1
54377,Montigny,2.9
54378,Montigny-sur-Chiers,3.1
54379,Mont-l'Étroit,1.7
54380,Mont-le-Vignoble,4.1
54381,Montreux,3.4
54382,Mont-Saint-Martin,2.6
54383,Mont-sur-Meurthe,4.9
54385,Morfontaine,2.8
54386,Moriviller,2.2
54387,Morville-sur-Seille,2.6
54388,Mouacourt,0.4
54389,Mouaville,1.7
54390,Mousson,4.9
54391,Moutiers,3.8
54392,Moutrot,4.2
54393,Moyen,2.5
54394,Murville,3.5
54395,Nancy,5.2
54396,Neufmaisons,2.1
54397,Neuves-Maisons,3.0
54398,Neuviller-lès-Badonviller,2.9
54399,Neuviller-sur-Moselle,2.7
54400,Nomeny,4.1
54401,Nonhigny,3.7
54402,Norroy-le-Sec,3.0
54403,Norroy-lès-Pont-à-Mousson,3.1
54404,Noviant-aux-Prés,1.1
54405,Ochey,2.8
54406,Ogéviller,3.1
54407,Ognéville,2.4
54408,Olley,3.4
54409,Omelmont,3.3
54410,Onville,2.8
54411,Ormes-et-Ville,3.1
54412,Othe,1.1
54413,Ozerailles,2.3
54414,Pagney-derrière-Barine,2.5
54415,Pagny-sur-Moselle,2.7
54416,Pannes,4.2
54417,Parey-Saint-Césaire,2.2
54418,Parroy,0.6
54419,Parux,3.5
54420,Petit-Failly,3.8
54421,Petitmont,3.0
54422,Pettonville,1.8
54423,Pexonne,3.3
54424,Phlin,3.7
54425,Piennes,3.0
54426,Pierre-la-Treiche,4.9
54427,Pierre-Percée,3.0
54428,Pierrepont,3.5
54429,Pierreville,2.6
54430,Pompey,4.6
54431,Pont-à-Mousson,5.2
54432,Pont-Saint-Vincent,2.3
54433,Port-sur-Seille,3.5
54434,Praye,4.0
54435,Prény,1.5
54436,Preutin-Higny,3.7
54437,Pulligny,2.8
54438,Pulney,1.7
54439,Pulnoy,4.7
54440,Puxe,3.3
54441,Puxieux,1.3
54442,Quevilloncourt,3.6
54443,Raon-lès-Leau,1.5
54444,Raucourt,2.1
54445,Raville-sur-Sânon,1.5
54446,Réchicourt-la-Petite,1.3
54447,Réclonville,3.1
54449,Rehainviller,7.1
54450,Reherrey,2.5
54451,Réhon,2.5
54452,Reillon,1.5
54453,Rembercourt-sur-Mad,3.0
54455,Remenoville,2.1
54456,Réméréville,3.1
54457,Remoncourt,1.6
54458,Repaix,4.1
54459,Richardménil,6.2
54460,Rogéville,1.4
54461,Romain,2.3
54462,Rosières-aux-Salines,5.3
54463,Rosières-en-Haye,2.2
54464,Rouves,2.2
54465,Roville-devant-Bayon,2.8
54466,Royaumeix,2.1
54467,Rozelieures,1.9
54468,Saffais,2.4
54469,Saint-Ail,3.7
54470,Saint-Baussant,2.9
54471,Saint-Boingt,1.5
54472,Saint-Clément,5.7
54473,Saint-Firmin,5.1
54474,Sainte-Geneviève,3.4
54475,Saint-Germain,2.0
54476,Saint-Jean-lès-Longuyon,3.1
54477,Saint-Julien-lès-Gorze,2.2
54478,Saint-Marcel,2.3
54479,Saint-Mard,2.2
54480,Saint-Martin,1.3
54481,Saint-Maurice-aux-Forges,3.6
54482,Saint-Max,5.6
54483,Saint-Nicolas-de-Port,3.4
54484,Sainte-Pôle,2.5
54485,Saint-Pancré,2.5
54486,Saint-Remimont,2.5
54487,Saint-Rémy-aux-Bois,1.6
54488,Saint-Sauveur,2.3
54489,Saint-Supplet,2.7
54490,Saizerais,2.4
54491,Sancy,2.9
54492,Sanzey,1.2
54493,Saulnes,1.7
54494,Saulxerotte,1.1
54495,Saulxures-lès-Nancy,5.1
54496,Saulxures-lès-Vannes,3.1
54497,Saxon-Sion,3.1
54498,Seichamps,3.4
54499,Seicheprey,1.2
54500,Selaincourt,2.6
54501,Seranville,2.1
54502,Serres,1.2
54504,Serrouville,3.8
54505,Sexey-aux-Forges,1.7
54507,Sionviller,2.7
54508,Sivry,3.4
54509,Sommerviller,3.2
54510,Sornéville,2.7
54511,Sponville,1.1
54512,Tanconville,3.6
54513,Tantonville,4.3
54514,Tellancourt,2.8
54515,Thélod,1.3
54516,They-sous-Vaudemont,3.5
54517,Thézey-Saint-Martin,3.6
54518,Thiaucourt-Regniéville,3.3
54519,Thiaville-sur-Meurthe,2.4
54520,Thiébauménil,5.2
54521,Thil,2.9
54522,Thorey-Lyautey,3.0
54523,Thuilley-aux-Groseilles,1.6
54524,Thumeréville,1.9
54525,Tiercelet,4.2
54526,Tomblaine,7.2
54527,Tonnoy,1.8
54528,Toul,5.2
54529,Tramont-Émy,3.3
54530,Tramont-Lassus,3.3
54531,Tramont-Saint-André,3.8
54532,Tremblecourt,1.6
54533,Trieux,2.7
54534,Trondes,2.6
54535,Tronville,1.4
54536,Tucquegnieux,3.0
54537,Ugny,2.6
54538,Uruffe,4.1
54539,Vacqueville,1.6
54540,Val-et-Châtillon,3.0
54541,Valhey,0.7
54542,Valleroy,3.6
54543,Vallois,2.8
54544,Vandelainville,2.7
54545,Vandeléville,3.9
54546,Vandières,3.6
54547,Vandœuvre-lès-Nancy,6.8
54548,Vannes-le-Châtel,3.9
54549,Varangéville,3.5
54550,Vathiménil,5.0
54551,Vaucourt,1.0
54552,Vaudémont,2.5
54553,Vaudeville,3.8
54554,Vaudigny,4.1
54555,Vaxainville,1.5
54556,Vého,2.2
54557,Bois-de-Haye,6.2
54558,Velaine-sous-Amance,2.8
54559,Velle-sur-Moselle,2.4
54560,Veney,1.7
54561,Vennezey,2.1
54562,Verdenal,1.9
54563,Vézelise,3.5
54564,Viéville-en-Haye,1.9
54565,Vigneulles,2.4
54566,Vilcey-sur-Trey,2.6
54567,Villacourt,2.3
54568,Ville-au-Montois,1.9
54569,Ville-au-Val,4.1
54570,Villecey-sur-Mad,3.1
54571,Ville-en-Vermois,6.2
54572,Ville-Houdlémont,1.7
54573,Villers-en-Haye,1.8
54574,Villers-la-Chèvre,3.1
54575,Villers-la-Montagne,3.7
54576,Villers-le-Rond,2.6
54577,Villers-lès-Moivrons,3.2
54578,Villers-lès-Nancy,3.4
54579,Villers-sous-Prény,3.5
54580,Villerupt,2.4
54581,Ville-sur-Yron,2.1
54582,Villette,2.1
54583,Villey-le-Sec,3.2
54584,Villey-Saint-Étienne,2.9
54585,Virecourt,2.6
54586,Viterne,1.3
54587,Vitrey,2.8
54588,Vitrimont,4.6
54589,Vittonville,2.5
54590,Viviers-sur-Chiers,3.0
54591,Voinémont,2.8
54592,Vroncourt,3.6
54593,Waville,2.8
54594,Xammes,3.3
54595,Xermaménil,5.5
54596,Xeuilley,2.6
54597,Xirocourt,5.5
54598,Xivry-Circourt,3.5
54599,Xonville,0.6
54600,Xousse,1.1
54601,Xures,0.5
54602,Han-devant-Pierrepont,3.2
55001,Abainville,3.2
55002,Abaucourt-Hautecourt,3.6
55004,Aincreville,2.4
55005,Amanty,3.3
55007,Ambly-sur-Meuse,2.8
55008,Amel-sur-l'Étang,3.7
55009,Ancemont,3.7
55010,Ancerville,3.2
55011,Andernay,6.5
55012,Apremont-la-Forêt,3.5
55013,Arrancy-sur-Crusnes,3.8
55014,Aubréville,4.8
55015,Aulnois-en-Perthois,3.4
55017,Autrécourt-sur-Aire,3.5
55018,Autréville-Saint-Lambert,3.8
55021,Avillers-Sainte-Croix,2.6
55022,Avioth,1.1
55023,Avocourt,2.2
55024,Azannes-et-Soumazannes,2.4
55025,Baâlon,3.1
55026,Badonvilliers-Gérauvilliers,2.9
55027,Bannoncourt,3.2
55028,Bantheville,2.8
55029,Bar-le-Duc,3.3
55031,Baudonvilliers,2.6
55032,Baudrémont,4.3
55033,Baulny,2.5
55034,Bazeilles-sur-Othain,1.1
55035,Bazincourt-sur-Saulx,2.1
55036,Beauclair,4.2
55037,Beaufort-en-Argonne,4.2
55038,Beaulieu-en-Argonne,1.6
55040,Beausite,3.1
55041,Behonne,2.5
55042,Belleray,4.2
55043,Belleville-sur-Meuse,3.6
55044,Belrain,5.0
55045,Belrupt-en-Verdunois,4.3
55046,Beney-en-Woëvre,4.2
55047,Béthelainville,2.5
55048,Béthincourt,0.6
55049,Beurey-sur-Saulx,3.5
55051,Biencourt-sur-Orge,0.9
55053,Billy-sous-Mangiennes,3.0
55054,Bislée,4.8
55055,Blanzée,2.3
55057,Boinville-en-Woëvre,3.6
55058,Boncourt-sur-Meuse,3.2
55059,Bonnet,3.2
55060,Bonzée,2.1
55061,Le Bouchon-sur-Saulx,2.2
55062,Bouconville-sur-Madt,2.0
55063,Bouligny,3.4
55064,Bouquemont,4.7
55065,Boureuilles,4.1
55066,Bovée-sur-Barboure,1.2
55067,Boviolles,1.4
55068,Brabant-en-Argonne,3.1
55069,Brabant-le-Roi,4.4
55070,Brabant-sur-Meuse,2.1
55071,Brandeville,3.5
55072,Braquis,4.8
55073,Bras-sur-Meuse,3.0
55075,Brauvilliers,1.4
55076,Bréhéville,2.6
55077,Breux,0.7
55078,Brieulles-sur-Meuse,1.4
55079,Brillon-en-Barrois,2.4
55080,Brixey-aux-Chanoines,0.6
55081,Brizeaux,2.4
55082,Brocourt-en-Argonne,3.1
55083,Brouennes,2.4
55084,Broussey-en-Blois,1.2
55085,Broussey-Raulecourt,1.0
55087,Bure,1.2
55088,Burey-en-Vaux,4.4
55089,Burey-la-Côte,2.8
55093,Buxières-sous-les-Côtes,2.7
55094,Buzy-Darmont,4.3
55095,Cesse,2.8
55096,Chaillon,5.2
55097,Chalaines,3.8
55099,Champneuville,1.8
55100,Champougny,3.0
55101,Chardogne,3.9
55102,Charny-sur-Meuse,3.7
55103,Charpentry,1.6
55104,Chassey-Beaupré,2.1
55105,Châtillon-sous-les-Côtes,3.2
55106,Chattancourt,1.6
55107,Chaumont-devant-Damvillers,3.5
55108,Chaumont-sur-Aire,5.4
55109,Chauvency-le-Château,2.8
55110,Chauvency-Saint-Hubert,2.7
55111,Chauvoncourt,4.8
55113,Cheppy,2.2
55114,Chonville-Malaumont,2.8
55115,Cierges-sous-Montfaucon,1.5
55116,Le Claon,4.3
55117,Clermont-en-Argonne,5.3
55118,Cléry-le-Grand,0.7
55119,Cléry-le-Petit,1.9
55120,Combles-en-Barrois,2.8
55121,Combres-sous-les-Côtes,3.1
55122,Commercy,3.5
55123,Les Hauts-de-Chée,2.5
55124,Consenvoye,3.2
55125,Contrisson,6.5
55127,Courcelles-en-Barrois,2.6
55128,Courcelles-sur-Aire,5.9
55129,Courouvre,5.7
55132,Cousances-les-Forges,2.1
55133,Couvertpuis,1.2
55134,Couvonges,6.1
55137,Cuisy,1.3
55138,Culey,2.5
55140,Cunel,2.8
55141,Dagonville,1.8
55142,Dainville-Bertheléville,2.1
55143,Damloup,3.0
55144,Dammarie-sur-Saulx,1.5
55145,Damvillers,3.8
55146,Dannevoux,0.6
55148,Delouze-Rosières,3.9
55149,Delut,3.2
55150,Demange-Baudignécourt,2.1
55153,Dieppe-sous-Douaumont,2.7
55154,Dieue-sur-Meuse,3.4
55155,Dombasle-en-Argonne,4.6
55156,Dombras,4.9
55157,Dommartin-la-Montagne,2.4
55158,Dommary-Baroncourt,4.1
55159,Dompcevrin,3.4
55160,Dompierre-aux-Bois,2.0
55162,Domremy-la-Canne,4.1
55163,Doncourt-aux-Templiers,3.2
55165,Doulcon,1.9
55166,Dugny-sur-Meuse,4.3
55167,Dun-sur-Meuse,1.6
55168,Duzey,4.1
55169,Écouviez,0.8
55170,Écurey-en-Verdunois,3.5
55171,Eix,3.7
55172,Les Éparges,2.1
55173,Épiez-sur-Meuse,3.9
55174,Épinonville,1.6
55175,Érize-la-Brûlée,5.8
55177,Érize-la-Petite,3.7
55178,Érize-Saint-Dizier,5.2
55179,Erneville-aux-Bois,1.8
55180,Esnes-en-Argonne,2.4
55181,Étain,4.3
55182,Éton,4.1
55183,Étraye,3.5
55184,Euville,3.4
55185,Èvres,1.9
55186,Fains-Véel,3.8
55188,Flassigny,1.1
55191,Foameix-Ornel,3.6
55192,Fontaines-Saint-Clair,0.7
55193,Forges-sur-Meuse,1.8
55194,Foucaucourt-sur-Thabas,2.4
55195,Fouchères-aux-Bois,2.1
55196,Frémeréville-sous-les-Côtes,1.9
55197,Fresnes-au-Mont,5.3
55198,Fresnes-en-Woëvre,4.0
55199,Froidos,5.6
55200,Fromeréville-les-Vallons,4.9
55201,Fromezey,4.0
55202,Futeau,3.1
55204,Génicourt-sur-Meuse,2.8
55206,Gercourt-et-Drillancourt,1.8
55207,Géry,3.7
55208,Gesnes-en-Argonne,1.6
55210,Gimécourt,5.8
55211,Gincrey,2.7
55212,Girauvoisin,2.1
55214,Givrauval,2.6
55215,Gondrecourt-le-Château,3.2
55216,Gouraincourt,4.5
55217,Goussaincourt,1.9
55218,Gremilly,3.3
55219,Grimaucourt-en-Woëvre,2.5
55220,Grimaucourt-près-Sampigny,2.8
55221,Guerpont,3.7
55222,Gussainville,3.6
55224,Haironville,2.6
55225,Halles-sous-les-Côtes,3.6
55226,Han-lès-Juvigny,1.9
55228,Hannonville-sous-les-Côtes,4.0
55229,Han-sur-Meuse,3.5
55232,Harville,2.8
55236,Haudainville,6.2
55237,Haudiomont,2.7
55241,Heippes,3.3
55242,Hennemont,3.0
55243,Herbeuville,4.0
55244,Herméville-en-Woëvre,4.1
55245,Heudicourt-sous-les-Côtes,3.7
55246,Hévilliers,1.5
55247,Horville-en-Ornois,3.2
55248,Houdelaincourt,3.2
55250,Inor,4.2
55251,Ippécourt,3.2
55252,Iré-le-Sec,2.8
55253,Les Islettes,4.3
55254,Les Trois-Domaines,4.4
55255,Jametz,3.5
55256,Jonville-en-Woëvre,1.9
55257,Jouy-en-Argonne,4.0
55258,Geville,2.2
55260,Julvécourt,3.9
55261,Juvigny-en-Perthois,2.3
55262,Juvigny-sur-Loison,3.1
55263,Kœur-la-Grande,5.2
55264,Kœur-la-Petite,5.2
55265,Labeuville,2.4
55266,Lachalade,3.1
55267,Lachaussée,2.0
55268,Lacroix-sur-Meuse,3.2
55269,Lahaymeix,4.5
55270,Lahayville,2.5
55271,Laheycourt,3.3
55272,Laimont,5.1
55274,Lamorville,3.6
55275,Lamouilly,3.2
55276,Landrecourt-Lempire,4.7
55278,Laneuville-au-Rupt,4.1
55279,Laneuville-sur-Meuse,2.9
55280,Lanhères,2.0
55281,Latour-en-Woëvre,1.7
55282,Lavallée,4.4
55284,Lavincourt,3.9
55285,Lavoye,3.2
55286,Lemmes,5.5
55288,Lérouville,4.0
55289,Levoncourt,3.7
55290,Lignières-sur-Aire,1.8
55291,Ligny-en-Barrois,3.1
55292,Liny-devant-Dun,0.7
55293,Lion-devant-Dun,1.6
55295,Lisle-en-Barrois,2.2
55296,L'Isle-en-Rigault,2.5
55297,Lissey,3.5
55298,Loisey,2.0
55299,Loison,2.4
55300,Longeaux,2.6
55301,Longchamps-sur-Aire,5.0
55302,Longeville-en-Barrois,4.5
55303,Loupmont,1.0
55304,Louppy-le-Château,3.6
55306,Louppy-sur-Loison,2.9
55310,Luzy-Saint-Martin,2.6
55311,Maizeray,2.4
55312,Maizey,3.4
55313,Malancourt,1.3
55315,Mandres-en-Barrois,2.1
55316,Mangiennes,3.0
55317,Manheulles,3.0
55320,Marchéville-en-Woëvre,2.4
55321,Marre,2.5
55322,Marson-sur-Barboure,0.8
55323,Martincourt-sur-Meuse,3.7
55324,Marville,3.1
55325,Maucourt-sur-Orne,3.0
55326,Maulan,2.9
55327,Mauvages,3.8
55328,Maxey-sur-Vaise,4.4
55329,Mécrin,3.7
55330,Méligny-le-Grand,1.8
55331,Méligny-le-Petit,0.8
55332,Menaucourt,2.4
55333,Ménil-aux-Bois,3.6
55334,Ménil-la-Horgne,5.0
55335,Ménil-sur-Saulx,2.1
55336,Merles-sur-Loison,2.6
55338,Milly-sur-Bradon,2.4
55339,Mogeville,1.8
55340,Mognéville,5.4
55341,Moirey-Flabas-Crépion,3.5
55343,Montblainville,1.3
55344,Montbras,4.2
55345,Mont-devant-Sassey,1.6
55346,Montfaucon-d'Argonne,1.6
55347,Les Monthairons,2.5
55348,Montiers-sur-Saulx,0.9
55349,Montigny-devant-Sassey,2.2
55350,Montigny-lès-Vaucouleurs,3.4
55351,Montmédy,1.2
55352,Montplonne,2.1
55353,Montsec,1.8
55355,Montzéville,2.5
55356,Moranville,2.5
55357,Morgemoulin,3.6
55358,Chanteraine,2.4
55359,Morley,1.6
55360,Mouilly,2.0
55361,Moulainville,3.7
55362,Moulins-Saint-Hubert,3.6
55363,Moulotte,2.5
55364,Mouzay,3.3
55365,Murvaux,1.6
55366,Val-d'Ornain,5.1
55367,Muzeray,3.0
55368,Naives-en-Blois,2.1
55369,Naives-Rosières,4.4
55370,Naix-aux-Forges,1.6
55371,Nançois-le-Grand,2.0
55372,Nançois-sur-Ornain,3.6
55373,Nant-le-Grand,2.3
55374,Nant-le-Petit,2.0
55375,Nantillois,1.8
55376,Nantois,2.2
55377,Nepvant,3.2
55378,Nettancourt,4.9
55379,Le Neufour,3.4
55380,Neuville-en-Verdunois,4.0
55381,Neuville-lès-Vaucouleurs,3.2
55382,Neuville-sur-Ornain,5.1
55383,Neuvilly-en-Argonne,5.1
55384,Nicey-sur-Aire,5.0
55385,Nixéville-Blercourt,5.1
55386,Nonsard-Lamarche,4.4
55387,Nouillonpont,4.1
55388,Noyers-Auzécourt,3.8
55389,Nubécourt,2.6
55391,Olizy-sur-Chiers,3.7
55394,Ornes,2.1
55395,Osches,1.6
55396,Ourches-sur-Meuse,3.6
55397,Pagny-la-Blanche-Côte,4.1
55398,Pagny-sur-Meuse,5.7
55399,Pareid,2.6
55400,Parfondrupt,3.4
55401,Les Paroches,4.8
55403,Peuvillers,4.1
55404,Pierrefitte-sur-Aire,5.0
55405,Pillon,2.6
55406,Pintheville,3.0
55407,Pont-sur-Meuse,3.7
55408,Pouilly-sur-Meuse,1.9
55409,Pretz-en-Argonne,1.9
55410,Quincy-Landzécourt,2.4
55411,Rambluzin-et-Benoite-Vaux,3.3
55412,Rambucourt,0.4
55414,Rancourt-sur-Ornain,6.8
55415,Ranzières,1.9
55416,Rarécourt,4.7
55419,Récicourt,4.3
55420,Récourt-le-Creux,3.9
55421,Reffroy,0.8
55422,Regnéville-sur-Meuse,0.0
55423,Rembercourt-Sommaisne,2.2
55424,Remennecourt,5.7
55425,Remoiville,2.9
55426,Resson,3.6
55427,Revigny-sur-Ornain,5.3
55428,Réville-aux-Bois,3.5
55429,Riaville,3.0
55430,Ribeaucourt,1.2
55431,Richecourt,1.2
55433,Rigny-la-Salle,3.8
55434,Rigny-Saint-Martin,3.8
55435,Robert-Espagne,3.6
55436,Les Roises,1.7
55437,Romagne-sous-les-Côtes,3.5
55438,Romagne-sous-Montfaucon,2.8
55439,Ronvaux,2.7
55442,Raival,4.1
55443,Rouvres-en-Woëvre,3.7
55444,Rouvrois-sur-Meuse,3.4
55445,Rouvrois-sur-Othain,4.1
55446,Rumont,4.4
55447,Rupt-aux-Nonains,0.6
55448,Rupt-devant-Saint-Mihiel,5.8
55449,Rupt-en-Woëvre,2.2
55450,Rupt-sur-Othain,4.7
55452,Saint-Amand-sur-Ornain,1.6
55453,Saint-André-en-Barrois,1.5
55454,Saint-Aubin-sur-Aire,3.9
55456,Saint-Germain-sur-Meuse,3.7
55457,Saint-Hilaire-en-Woëvre,3.4
55458,Saint-Jean-lès-Buzy,3.4
55459,Saint-Joire,1.8
55460,Saint-Julien-sous-les-Côtes,2.9
55461,Saint-Laurent-sur-Othain,4.0
55462,Saint-Maurice-sous-les-Côtes,4.3
55463,Saint-Mihiel,3.3
55464,Saint-Pierrevillers,3.7
55465,Saint-Remy-la-Calonne,3.1
55466,Salmagne,1.5
55467,Sampigny,3.7
55468,Samogneux,2.7
55469,Sassey-sur-Meuse,2.4
55470,Saudrupt,2.5
55471,Saulmory-Villefranche,2.4
55472,Saulvaux,3.6
55473,Saulx-lès-Champlon,3.1
55474,Sauvigny,1.9
55475,Sauvoy,3.3
55476,Savonnières-devant-Bar,3.6
55477,Savonnières-en-Perthois,1.9
55479,Seigneulles,4.1
55481,Senon,3.7
55482,Senoncourt-les-Maujouy,3.6
55484,Septsarges,1.3
55485,Sepvigny,3.2
55487,Seuzey,2.8
55488,Silmont,3.7
55489,Sivry-la-Perche,3.7
55490,Sivry-sur-Meuse,2.0
55492,Sommedieue,2.5
55493,Sommeilles,3.8
55494,Sommelonne,3.3
55495,Sorbey,2.6
55496,Sorcy-Saint-Martin,5.1
55497,Les Souhesmes-Rampont,5.4
55498,Souilly,3.0
55500,Spincourt,4.5
55501,Stainville,3.0
55502,Stenay,2.9
55503,Taillancourt,3.7
55504,Tannois,3.7
55505,Thierville-sur-Meuse,4.4
55506,Thillombois,4.0
55507,Thillot,4.3
55508,Thonne-la-Long,0.7
55509,Thonne-le-Thil,1.9
55510,Thonne-les-Près,2.1
55511,Thonnelle,1.2
55512,Tilly-sur-Meuse,2.6
55514,Trémont-sur-Saulx,2.2
55515,Trésauvaux,2.1
55516,Tréveray,1.4
55517,Seuil-d'Argonne,1.6
55518,Cousances-lès-Triconville,0.8
55519,Tronville-en-Barrois,4.3
55520,Troussey,3.2
55521,Troyon,2.6
55522,Ugny-sur-Meuse,3.5
55523,Vacherauville,3.9
55525,Vadelaincourt,4.9
55526,Vadonville,3.7
55527,Varennes-en-Argonne,2.8
55528,Varnéville,1.9
55530,Valbois,4.2
55531,Vassincourt,5.2
55532,Vaubecourt,1.6
55533,Vaucouleurs,3.6
55534,Vaudeville-le-Haut,2.5
55535,Vaudoncourt,3.5
55536,Vauquois,2.2
55537,Douaumont-Vaux,2.1
55540,Vaux-lès-Palameix,1.0
55541,Vavincourt,3.3
55543,Velaines,3.9
55544,Velosnes,1.1
55545,Verdun,4.2
55546,Verneuil-Grand,0.8
55547,Verneuil-Petit,1.0
55549,Véry,1.6
55551,Vigneulles-lès-Hattonchâtel,4.4
55552,Vigneul-sous-Montmédy,1.2
55553,Vignot,3.2
55554,Villécloye,1.1
55555,Ville-devant-Belrain,5.0
55556,Ville-devant-Chaumont,3.5
55557,Ville-en-Woëvre,4.7
55559,Villeroy-sur-Méholle,3.0
55560,Villers-aux-Vents,3.4
55561,Villers-devant-Dun,3.0
55562,Villers-le-Sec,1.6
55563,Villers-lès-Mangiennes,3.3
55565,Villers-sous-Pareid,3.3
55566,Villers-sur-Meuse,3.2
55567,Ville-sur-Cousances,4.1
55568,Ville-sur-Saulx,2.4
55569,Villotte-devant-Louppy,1.7
55570,Villotte-sur-Aire,5.0
55571,Vilosnes-Haraumont,2.0
55572,Vittarville,4.1
55573,Void-Vacon,6.1
55574,Vouthon-Bas,2.6
55575,Vouthon-Haut,2.5
55577,Waly,3.7
55578,Warcq,4.1
55579,Watronville,3.2
55580,Wavrille,3.8
55581,Willeroncourt,2.0
55582,Wiseppe,3.0
55583,Woël,4.2
55584,Woimbey,4.5
55586,Xivray-et-Marvoisin,1.2
56001,Allaire,3.1
56002,Ambon,4.6
56003,Arradon,5.4
56004,Arzal,4.6
56005,Arzon,3.1
56006,Augan,2.8
56007,Auray,6.1
56008,Baden,3.3
56009,Bangor,6.1
56010,Baud,2.9
56011,Béganne,2.9
56012,Beignon,2.5
56013,Belz,4.3
56014,Berné,3.8
56015,Berric,3.7
56017,Bignan,4.4
56018,Billiers,3.2
56019,Billio,2.3
56020,Bohal,4.4
56021,Brandérion,5.0
56022,Brandivy,2.3
56023,Brech,4.4
56024,Bréhan,2.1
56025,Brignac,3.2
56026,Bubry,2.2
56027,Buléon,4.2
56028,Caden,3.7
56029,Calan,3.6
56030,Camoël,3.8
56031,Camors,2.9
56032,Campénéac,2.8
56033,Carentoir,3.4
56034,Carnac,4.0
56035,Caro,2.4
56036,Caudan,6.0
56039,La Chapelle-Neuve,2.4
56040,Cléguer,2.7
56041,Cléguérec,1.6
56042,Colpo,3.7
56043,Concoret,2.9
56044,Cournon,2.4
56045,Le Cours,2.8
56046,Crach,5.3
56047,Crédin,2.2
56048,Le Croisty,3.6
56050,La Croix-Helléan,3.5
56051,Cruguel,2.6
56052,Damgan,2.5
56053,Elven,5.1
56054,Erdeven,4.6
56055,Étel,3.0
56056,Évriguet,2.9
56057,Le Faouët,2.8
56058,Férel,3.1
56060,Les Fougerêts,2.4
56061,La Gacilly,3.4
56062,Gâvres,0.7
56063,Gestel,5.3
56065,Gourhel,3.6
56066,Gourin,2.3
56067,Grand-Champ,3.3
56068,La Grée-Saint-Laurent,2.4
56069,Groix,10.6
56070,Guégon,3.6
56071,Guéhenno,3.1
56072,Gueltas,2.9
56073,Guémené-sur-Scorff,2.1
56074,Guénin,2.3
56075,Guer,4.0
56076,Guern,2.0
56077,Le Guerno,4.1
56078,Guidel,4.4
56079,Guillac,3.7
56080,Guilliers,3.1
56081,Guiscriff,2.6
56082,Helléan,3.2
56083,Hennebont,6.2
56084,Le Hézo,2.7
56085,Hœdic,0.0
56086,Île-d'Houat,14.1
56087,Île-aux-Moines,0.0
56088,Île-d'Arz,0.0
56089,Inguiniel,3.3
56090,Inzinzac-Lochrist,2.7
56091,Josselin,3.9
56092,Kerfourn,2.5
56093,Kergrist,2.3
56094,Kervignac,4.4
56096,Landaul,4.6
56097,Landévant,3.5
56098,Lanester,5.4
56099,Langoëlan,2.7
56100,Langonnet,3.1
56101,Languidic,3.7
56102,Forges de Lanouée,2.8
56103,Lantillac,2.7
56104,Lanvaudan,3.8
56105,Lanvénégen,3.0
56106,Larmor-Baden,2.2
56107,Larmor-Plage,3.3
56108,Larré,3.4
56109,Lauzach,4.6
56110,Lignol,3.1
56111,Limerzel,3.7
56112,Lizio,3.2
56113,Locmalo,2.1
56114,Locmaria,4.0
56115,Locmaria-Grand-Champ,4.7
56116,Locmariaquer,2.7
56117,Locminé,3.8
56118,Locmiquélic,2.7
56119,Locoal-Mendon,5.3
56120,Locqueltas,4.5
56121,Lorient,4.4
56122,Loyat,2.9
56123,Malansac,3.5
56124,Malestroit,3.1
56125,Malguénac,1.9
56126,Marzan,4.7
56127,Mauron,3.1
56128,Melrand,1.7
56129,Ménéac,2.3
56130,Merlevenez,4.0
56131,Meslan,3.5
56132,Meucon,6.2
56133,Missiriac,2.6
56134,Mohon,2.0
56135,Molac,3.5
56136,Monteneuf,2.5
56137,Monterblanc,2.3
56139,Montertelot,4.7
56140,Moréac,3.7
56141,Moustoir-Ac,3.2
56143,Muzillac,4.5
56144,Évellys,2.9
56145,Néant-sur-Yvel,3.2
56146,Neulliac,2.5
56147,Nivillac,3.7
56148,Nostang,4.9
56149,Noyal-Muzillac,3.8
56151,Noyal-Pontivy,3.5
56152,Le Palais,6.1
56153,Péaule,4.2
56154,Peillac,3.2
56155,Pénestin,1.3
56156,Persquen,2.1
56157,Plaudren,3.3
56158,Plescop,7.1
56159,Pleucadeuc,3.2
56160,Pleugriffet,2.9
56161,Ploemel,6.0
56162,Ploemeur,4.2
56163,Ploërdut,2.9
56164,Ploeren,8.5
56165,Ploërmel,3.8
56166,Plouay,4.1
56167,Plougoumelen,5.6
56168,Plouharnel,5.1
56169,Plouhinec,4.0
56170,Plouray,2.8
56171,Pluherlin,3.0
56172,Plumelec,2.7
56173,Pluméliau-Bieuzy,2.6
56174,Plumelin,3.1
56175,Plumergat,4.8
56176,Pluneret,6.4
56177,Pluvigner,2.8
56178,Pontivy,3.6
56179,Pont-Scorff,3.9
56180,Porcaro,2.8
56181,Port-Louis,2.0
56182,Priziac,3.3
56184,Questembert,3.9
56185,Quéven,5.8
56186,Quiberon,2.8
56188,Quistinic,2.2
56189,Radenac,3.1
56190,Réguiny,2.7
56191,Réminiac,3.1
56193,Riantec,3.5
56194,Rieux,3.4
56195,La Roche-Bernard,4.5
56196,Rochefort-en-Terre,4.1
56197,Val d'Oust,4.0
56198,Rohan,3.0
56199,Roudouallec,4.1
56200,Ruffiac,1.9
56201,Le Saint,3.1
56202,Saint-Abraham,3.9
56203,Saint-Aignan,1.7
56204,Saint-Allouestre,3.9
56205,Saint-Armel,3.7
56206,Saint-Avé,6.6
56207,Saint-Barthélemy,2.6
56208,Saint-Brieuc-de-Mauron,3.4
56209,Sainte-Brigitte,1.2
56210,Saint-Caradec-Trégomel,3.3
56211,Saint-Congard,2.4
56212,Saint-Dolay,2.4
56213,Saint-Gérand-Croixanvec,4.2
56214,Saint-Gildas-de-Rhuys,3.8
56215,Saint-Gonnery,3.4
56216,Saint-Gorgon,3.3
56218,Saint-Gravé,2.7
56219,Saint-Guyomard,3.9
56220,Sainte-Hélène,3.4
56221,Saint-Jacut-les-Pins,3.4
56222,Saint-Jean-Brévelay,3.4
56223,Saint-Jean-la-Poterie,3.3
56224,Saint-Laurent-sur-Oust,2.7
56225,Saint-Léry,3.0
56226,Saint-Malo-de-Beignon,2.2
56227,Saint-Malo-des-Trois-Fontaines,2.9
56228,Saint-Marcel,2.6
56229,Saint-Martin-sur-Oust,3.0
56230,Saint-Nicolas-du-Tertre,1.5
56231,Saint-Nolff,3.9
56232,Saint-Perreux,3.5
56233,Saint-Philibert,3.6
56234,Saint-Pierre-Quiberon,3.3
56236,Saint-Servant,3.6
56237,Saint-Thuriau,2.8
56238,Saint-Tugdual,2.9
56239,Saint-Vincent-sur-Oust,2.8
56240,Sarzeau,3.9
56241,Sauzon,6.1
56242,Séglien,1.6
56243,Séné,3.7
56244,Sérent,3.1
56245,Silfiac,1.0
56246,Le Sourn,2.8
56247,Sulniac,3.7
56248,Surzur,4.1
56249,Taupont,3.1
56250,Théhillac,3.0
56251,Theix-Noyalo,5.8
56252,Le Tour-du-Parc,2.2
56253,Tréal,2.0
56254,Trédion,1.9
56255,Treffléan,5.1
56256,Tréhorenteuc,2.6
56257,La Trinité-Porhoët,2.2
56258,La Trinité-sur-Mer,3.8
56259,La Trinité-Surzur,5.5
56260,Vannes,5.7
56261,La Vraie-Croix,3.3
56262,Le Bono,4.6
56263,Sainte-Anne-d'Auray,5.0
56264,Kernascléden,3.6
57001,Aboncourt,1.3
57002,Aboncourt-sur-Seille,4.6
57003,Abreschviller,1.5
57004,Achain,2.7
57006,Achen,2.3
57007,Adaincourt,3.4
57008,Adelange,3.4
57009,Ajoncourt,5.1
57010,Alaincourt-la-Côte,4.4
57011,Albestroff,1.7
57012,Algrange,2.2
57013,Alsting,2.1
57014,Altrippe,1.8
57015,Altviller,3.6
57016,Alzing,2.1
57017,Amanvillers,1.6
57018,Amelécourt,4.5
57019,Amnéville,2.3
57020,Ancerville,4.5
57021,Ancy-Dornot,3.6
57022,Angevillers,4.4
57024,Antilly,1.9
57025,Anzeling,2.3
57026,Apach,2.1
57027,Arraincourt,2.7
57028,Argancy,7.2
57029,Arriance,3.3
57030,Arry,1.9
57031,Ars-Laquenexy,3.4
57032,Ars-sur-Moselle,4.7
57033,Arzviller,4.1
57034,Aspach,2.9
57035,Assenoncourt,2.4
57036,Attilloncourt,3.3
57037,Aube,3.6
57038,Audun-le-Tiche,2.1
57039,Augny,4.7
57040,Aulnois-sur-Seille,4.2
57041,Aumetz,3.8
57042,Avricourt,2.5
57043,Ay-sur-Moselle,4.6
57044,Azoudange,2.1
57045,Bacourt,3.5
57046,Baerenthal,1.4
57047,Bambiderstroff,1.5
57048,Bannay,4.8
57049,Le Ban-Saint-Martin,5.4
57050,Barchain,3.5
57051,Baronville,2.9
57052,Barst,2.9
57053,Bassing,2.7
57054,Baudrecourt,3.8
57055,Bazoncourt,4.0
57056,Bébing,3.6
57057,Béchy,3.6
57058,Behren-lès-Forbach,3.4
57059,Bellange,3.0
57060,Bénestroff,3.3
57061,Béning-lès-Saint-Avold,3.1
57062,Berg-sur-Moselle,2.6
57063,Bérig-Vintrange,2.5
57064,Berling,2.2
57065,Bermering,2.6
57066,Berthelming,2.8
57067,Bertrange,6.1
57069,Berviller-en-Moselle,2.3
57070,Bettange,3.1
57071,Bettborn,3.5
57072,Bettelainville,1.3
57073,Betting,4.8
57074,Bettviller,2.8
57075,Beux,3.4
57076,Beyren-lès-Sierck,2.1
57077,Bezange-la-Petite,2.3
57079,Bibiche,3.5
57080,Bickenholtz,2.8
57081,Bidestroff,3.6
57082,Biding,2.6
57083,Bining,2.1
57084,Bioncourt,4.2
57085,Bionville-sur-Nied,3.2
57086,Belles-Forêts,2.0
57087,Bisten-en-Lorraine,2.1
57088,Bistroff,2.4
57089,Bitche,2.4
57090,Blanche-Église,4.2
57091,Bliesbruck,2.2
57092,Blies-Ébersing,2.7
57093,Blies-Guersviller,1.8
57095,Boucheporn,3.4
57096,Boulange,3.3
57097,Boulay-Moselle,3.4
57098,Bourgaltroff,3.3
57099,Bourdonnay,2.3
57100,Bourscheid,2.5
57101,Bousbach,3.6
57102,Bousse,4.0
57103,Bousseviller,1.0
57104,Boust,2.1
57105,Boustroff,2.5
57106,Bouzonville,2.9
57107,Bréhain,3.1
57108,Breidenbach,0.5
57109,Breistroff-la-Grande,1.6
57110,Brettnach,2.4
57111,Bronvaux,3.0
57112,Brouck,2.5
57113,Brouderdorff,4.5
57114,Brouviller,3.5
57115,Brulange,2.9
57116,Buchy,4.7
57117,Buding,2.4
57118,Budling,1.8
57119,Buhl-Lorraine,4.4
57120,Burlioncourt,3.0
57121,Burtoncourt,1.9
57122,Cappel,3.4
57123,Carling,5.3
57124,Cattenom,3.2
57125,Chailly-lès-Ennery,2.5
57126,Chambrey,3.8
57127,Chanville,3.9
57128,Charleville-sous-Bois,3.1
57129,Charly-Oradour,3.2
57130,Château-Bréhain,3.4
57131,Château-Rouge,1.5
57132,Château-Salins,4.7
57133,Château-Voué,3.2
57134,Châtel-Saint-Germain,3.1
57136,Chémery-les-Deux,2.3
57137,Cheminot,5.8
57138,Chenois,2.8
57139,Chérisey,3.0
57140,Chesny,2.2
57141,Chicourt,3.3
57142,Chieulles,3.3
57143,Clouange,3.8
57144,Cocheren,3.2
57145,Coincy,3.6
57146,Coin-lès-Cuvry,5.8
57147,Coin-sur-Seille,4.1
57148,Colligny-Maizery,3.3
57149,Colmen,2.5
57150,Condé-Northen,3.5
57151,Conthil,3.2
57152,Contz-les-Bains,2.4
57153,Corny-sur-Moselle,3.7
57154,Coume,2.9
57155,Courcelles-Chaussy,3.6
57156,Courcelles-sur-Nied,3.8
57158,Craincourt,3.6
57159,Créhange,2.3
57160,Creutzwald,3.3
57161,Cutting,3.4
57162,Cuvry,5.5
57163,Dabo,2.3
57165,Dalem,1.3
57166,Dalhain,2.7
57167,Dalstein,3.0
57168,Danne-et-Quatre-Vents,2.6
57169,Dannelbourg,3.7
57171,Delme,4.5
57172,Denting,3.1
57173,Desseling,1.2
57174,Destry,2.3
57175,Diane-Capelle,2.1
57176,Diebling,3.1
57177,Dieuze,3.6
57178,Diffembach-lès-Hellimer,2.2
57179,Distroff,2.9
57180,Dolving,3.5
57181,Domnom-lès-Dieuze,3.4
57182,Donjeux,4.7
57183,Donnelay,2.5
57186,Ébersviller,2.5
57187,Éblange,3.2
57188,Éguelshardt,1.3
57189,Eincheville,3.2
57190,Elvange,2.8
57191,Elzange,2.0
57192,Enchenberg,3.4
57193,Ennery,5.3
57194,Entrange,2.4
57195,Epping,2.2
57196,Erching,1.5
57197,Ernestviller,3.2
57198,Erstroff,2.5
57199,Escherange,1.9
57200,Les Étangs,3.5
57201,Etting,2.7
57202,Etzling,3.1
57203,Évrange,1.2
57204,Failly,2.5
57205,Falck,2.3
57206,Fameck,3.6
57207,Farébersviller,4.1
57208,Farschviller,1.9
57209,Faulquemont,3.5
57210,Fénétrange,2.7
57211,Fèves,3.2
57212,Féy,6.1
57213,Filstroff,2.1
57214,Fixem,2.5
57215,Flastroff,2.5
57216,Fleisheim,2.1
57217,Flétrange,2.8
57218,Fleury,3.5
57219,Flévy,3.0
57220,Flocourt,3.9
57221,Florange,4.8
57222,Folkling,3.0
57224,Folschviller,3.3
57225,Fonteny,3.6
57226,Fontoy,3.7
57227,Forbach,3.6
57228,Fossieux,3.9
57229,Foulcrey,2.9
57230,Fouligny,2.9
57231,Foville,4.5
57232,Francaltroff,2.2
57233,Fraquelfing,2.9
57234,Frauenberg,2.3
57235,Freistroff,2.2
57236,Frémery,3.1
57237,Frémestroff,2.0
57238,Fresnes-en-Saulnois,5.2
57239,Freybouse,2.6
57240,Freyming-Merlebach,5.5
57241,Fribourg,1.8
57242,Gandrange,3.7
57244,Garrebourg,2.3
57245,Gavisse,2.8
57246,Gelucourt,3.7
57247,Gerbécourt,3.7
57248,Givrycourt,1.4
57249,Glatigny,2.6
57250,Goetzenbruck,2.9
57251,Goin,1.6
57252,Gomelange,2.5
57253,Gondrexange,2.9
57254,Gorze,1.9
57255,Gosselming,3.3
57256,Gravelotte,3.3
57257,Grémecey,2.0
57258,Gréning,1.5
57259,Grindorff-Bizing,3.4
57260,Grosbliederstroff,3.7
57261,Gros-Réderching,3.1
57262,Grostenquin,2.8
57263,Grundviller,3.7
57264,Guebenhouse,3.2
57265,Guébestroff,3.3
57266,Guéblange-lès-Dieuze,3.3
57267,Le Val-de-Guéblange,2.9
57268,Guébling,3.1
57269,Guénange,5.8
57270,Val-de-Bride,3.6
57271,Guenviller,3.4
57272,Guermange,2.5
57273,Guerstling,1.1
57274,Guerting,3.3
57275,Guessling-Hémering,3.3
57276,Guinglange,3.6
57277,Guinkirchen,2.7
57278,Guinzeling,1.8
57280,Guntzviller,3.4
57281,Haboudange,2.7
57282,Hagen,0.8
57283,Hagondange,5.4
57284,Hallering,1.8
57286,Halstroff,3.6
57287,Basse-Ham,4.1
57288,Ham-sous-Varsberg,3.8
57289,Hambach,4.8
57290,Hampont,3.0
57291,Hangviller,2.0
57292,Hannocourt,3.0
57293,Han-sur-Nied,4.4
57294,Hanviller,1.5
57295,Haraucourt-sur-Seille,4.3
57296,Hargarten-aux-Mines,3.3
57297,Harprich,3.2
57298,Harreberg,3.2
57299,Hartzviller,2.7
57300,Haselbourg,1.6
57301,Haspelschiedt,1.0
57302,Hattigny,3.1
57303,Hauconcourt,7.1
57304,Haut-Clocher,2.9
57305,Havange,4.9
57306,Hayange,3.6
57307,Hayes,3.0
57308,Hazembourg,2.3
57309,Heining-lès-Bouzonville,1.4
57310,Hellering-lès-Fénétrange,3.0
57311,Hellimer,2.2
57312,Helstroff,4.6
57313,Hémilly,3.2
57314,Héming,4.2
57315,Henridorff,4.0
57316,Henriville,3.6
57317,Hérange,3.3
57318,Hermelange,3.0
57319,Herny,3.4
57320,Hertzing,3.5
57321,Hesse,4.3
57322,Hestroff,1.8
57323,Hettange-Grande,2.6
57324,Hilbesheim,2.9
57325,Hilsprich,2.1
57326,Hinckange,3.3
57328,Holacourt,4.6
57329,Holling,2.8
57330,Holving,3.0
57331,Hombourg-Budange,2.3
57332,Hombourg-Haut,4.0
57333,Hommarting,3.8
57334,Hommert,3.5
57335,Honskirch,2.9
57336,L'Hôpital,3.4
57337,Hoste,2.1
57338,Hottviller,2.6
57339,Hultehouse,1.7
57340,Hundling,3.3
57341,Hunting,3.8
57342,Ibigny,3.6
57343,Illange,5.8
57344,Imling,3.6
57345,Inglange,3.1
57346,Insming,1.9
57347,Insviller,1.4
57348,Ippling,4.2
57349,Jallaucourt,5.5
57350,Jouy-aux-Arches,4.7
57351,Jury,2.6
57352,Jussy,3.9
57353,Juvelize,3.4
57354,Juville,3.4
57355,Kalhausen,3.0
57356,Kanfen,2.5
57357,Kappelkinger,2.1
57358,Kédange-sur-Canner,2.3
57359,Kemplich,3.1
57360,Kerbach,4.1
57361,Kerling-lès-Sierck,3.8
57362,Kerprich-aux-Bois,2.5
57364,Kirsch-lès-Sierck,1.8
57365,Kirschnaumen,3.1
57366,Kirviller,2.8
57367,Klang,2.9
57368,Knutange,3.9
57370,Kœnigsmacker,4.0
57371,Haute-Kontz,2.7
57372,Kuntzig,3.2
57373,Lachambre,3.6
57374,Lafrimbolle,2.4
57375,Lagarde,0.8
57376,Lambach,2.3
57377,Landange,3.7
57379,Landroff,3.3
57380,Laneuveville-lès-Lorquin,2.4
57381,Laneuveville-en-Saulnois,5.0
57382,Langatte,2.3
57383,Languimberg,0.9
57384,Laning,2.5
57385,Laquenexy,4.5
57386,Laudrefang,3.6
57387,Laumesfeld,3.7
57388,Launstroff,1.7
57389,Lelling,3.1
57390,Lemberg,3.4
57391,Lemoncourt,4.9
57392,Lemud,4.4
57393,Lengelsheim,1.0
57394,Léning,1.9
57395,Lesse,2.8
57396,Lessy,4.5
57397,Ley,3.1
57398,Leyviller,2.0
57399,Lezey,3.4
57401,Lidrezing,2.3
57402,Liederschiedt,0.5
57403,Liéhon,2.7
57404,Lindre-Basse,3.3
57405,Lindre-Haute,3.3
57406,Liocourt,5.4
57407,Lixheim,4.3
57408,Lixing-lès-Rouhling,4.5
57409,Lixing-lès-Saint-Avold,2.8
57410,Lhor,2.5
57411,Lommerange,2.2
57412,Longeville-lès-Metz,4.8
57413,Longeville-lès-Saint-Avold,4.8
57414,Lorquin,3.5
57415,Lorry-lès-Metz,3.2
57416,Lorry-Mardigny,3.6
57417,Lostroff,3.0
57418,Loudrefing,4.2
57419,Loupershouse,4.4
57421,Loutzviller,0.5
57422,Louvigny,2.7
57423,Lubécourt,4.5
57424,Lucy,3.5
57425,Luppy,2.8
57426,Luttange,1.3
57427,Lutzelbourg,4.4
57428,Macheren,3.5
57430,Mainvillers,3.3
57431,Maizeroy,4.1
57433,Maizières-lès-Metz,6.4
57434,Maizières-lès-Vic,3.2
57436,Malaucourt-sur-Seille,5.0
57437,Malling,2.8
57438,Malroy,3.8
57439,Manderen-Ritzing,1.9
57440,Manhoué,5.2
57441,Manom,3.3
57442,Many,4.0
57443,Marange-Silvange,3.7
57444,Marange-Zondrange,2.7
57445,Marieulles,2.8
57446,Marimont-lès-Bénestroff,3.8
57447,Marly,4.6
57448,Marsal,4.3
57449,Marsilly,3.4
57451,Marthille,3.1
57452,La Maxe,5.3
57453,Maxstadt,2.2
57454,Mécleuves,3.3
57455,Mégange,2.7
57456,Meisenthal,1.9
57457,Menskirch,1.8
57459,Merschweiller,1.8
57460,Merten,2.5
57461,Métairies-Saint-Quirin,2.6
57462,Metting,2.6
57463,Metz,5.4
57464,Metzeresche,1.7
57465,Metzervisse,2.4
57466,Metzing,3.4
57467,Mey,2.6
57468,Mittelbronn,5.2
57469,Mittersheim,2.5
57470,Molring,1.8
57471,Momerstroff,3.2
57472,Moncheux,4.5
57473,Moncourt,1.4
57474,Mondelange,6.4
57475,Mondorff,1.9
57476,Monneren,3.6
57477,Montbronn,2.3
57478,Montdidier,2.4
57479,Montenach,2.9
57480,Montigny-lès-Metz,3.4
57481,Montois-la-Montagne,5.1
57482,Ogy-Montoy-Flanville,3.7
57483,Morhange,2.6
57484,Morsbach,4.1
57485,Morville-lès-Vic,5.2
57486,Morville-sur-Nied,3.6
57487,Moulins-lès-Metz,6.3
57488,Moussey,1.6
57489,Mouterhouse,1.8
57490,Moyenvic,3.3
57491,Moyeuvre-Grande,3.2
57492,Moyeuvre-Petite,2.8
57493,Mulcey,4.5
57494,Munster,2.5
57495,Narbéfontaine,2.1
57496,Nébing,1.9
57497,Nelling,2.0
57498,Neufchef,2.6
57499,Neufgrange,4.5
57500,Neufmoulins,4.0
57501,Neufvillage,2.8
57502,Neunkirchen-lès-Bouzonville,2.5
57504,Niderhoff,2.8
57505,Niderviller,5.1
57506,Niederstinzel,3.2
57507,Niedervisse,2.2
57508,Nilvange,3.1
57509,Nitting,3.2
57510,Noisseville,2.8
57511,Norroy-le-Veneur,1.7
57512,Nouilly,3.5
57513,Nousseviller-lès-Bitche,1.2
57514,Nousseviller-Saint-Nabor,3.4
57515,Novéant-sur-Moselle,2.8
57516,Oberdorff,1.5
57517,Obergailbach,1.3
57518,Oberstinzel,3.5
57519,Obervisse,2.5
57520,Obreck,2.4
57521,Œting,5.4
57524,Ommeray,1.9
57525,Oriocourt,4.9
57526,Ormersviller,1.2
57527,Orny,1.9
57528,Oron,3.7
57529,Ottange,1.8
57530,Ottonville,2.7
57531,Oudrenne,2.8
57532,Pagny-lès-Goin,3.8
57533,Pange,4.4
57534,Peltre,3.7
57535,Petit-Réderching,3.5
57536,Petit-Tenquin,1.5
57537,Petite-Rosselle,1.7
57538,Pettoncourt,3.4
57539,Pévange,2.7
57540,Phalsbourg,3.9
57541,Philippsbourg,2.0
57542,Piblange,1.5
57543,Pierrevillers,4.9
57544,Plaine-de-Walsch,3.8
57545,Plappeville,3.9
57546,Plesnois,2.0
57547,Pommérieux,2.6
57548,Pontoy,2.9
57549,Pontpierre,3.0
57550,Porcelette,3.9
57551,Postroff,3.1
57552,Pouilly,4.6
57553,Pournoy-la-Chétive,3.7
57554,Pournoy-la-Grasse,2.5
57555,Prévocourt,3.0
57556,Puttelange-aux-Lacs,3.3
57557,Puttelange-lès-Thionville,2.1
57558,Puttigny,3.7
57559,Puzieux,3.9
57560,Racrange,2.4
57561,Rahling,4.1
57562,Ranguevaux,1.5
57563,Raville,3.2
57564,Réchicourt-le-Château,1.9
57565,Rédange,1.2
57566,Réding,4.1
57567,Rémelfang,2.8
57568,Rémelfing,3.6
57569,Rémeling,2.4
57570,Rémering,1.7
57571,Rémering-lès-Puttelange,2.8
57572,Rémilly,4.0
57573,Réning,1.4
57574,Basse-Rentgen,1.3
57575,Retonfey,1.3
57576,Rettel,2.2
57577,Reyersviller,3.2
57578,Rezonville-Vionville,1.6
57579,Rhodes,0.7
57580,Riche,3.0
57581,Richeling,3.1
57582,Richemont,5.5
57583,Richeval,3.6
57584,Rimling,2.1
57586,Rochonvillers,2.1
57587,Rodalbe,1.8
57588,Rodemack,2.0
57589,Rohrbach-lès-Bitche,3.3
57590,Rolbing,0.0
57591,Rombas,2.9
57592,Romelfing,3.3
57593,Roncourt,3.8
57594,Roppeviller,0.5
57595,Rorbach-lès-Dieuze,3.1
57596,Rosbruck,4.2
57597,Rosselange,3.9
57598,Rouhling,3.7
57599,Roupeldange,3.5
57600,Roussy-le-Village,1.4
57601,Rozérieulles,4.0
57602,Rurange-lès-Thionville,3.0
57603,Russange,1.8
57604,Rustroff,2.2
57605,Sailly-Achâtel,4.0
57606,Saint-Avold,4.8
57607,Sainte-Barbe,3.6
57609,Saint-Epvre,3.8
57610,Saint-François-Lacroix,3.4
57611,Saint-Georges,3.9
57612,Saint-Hubert,0.9
57613,Saint-Jean-de-Bassel,2.8
57614,Saint-Jean-Kourtzerode,4.4
57615,Saint-Jean-Rohrbach,2.2
57616,Saint-Julien-lès-Metz,4.7
57617,Saint-Jure,2.6
57618,Saint-Louis,2.9
57619,Saint-Louis-lès-Bitche,3.3
57620,Sainte-Marie-aux-Chênes,4.3
57621,Saint-Médard,3.4
57622,Saint-Privat-la-Montagne,2.8
57623,Saint-Quirin,1.3
57624,Sainte-Ruffine,4.6
57625,Salonnes,4.0
57626,Sanry-lès-Vigy,2.2
57627,Sanry-sur-Nied,5.1
57628,Sarralbe,3.6
57629,Sarraltroff,4.5
57630,Sarrebourg,4.1
57631,Sarreguemines,3.9
57633,Sarreinsming,3.2
57634,Saulny,2.7
57635,Schalbach,2.3
57636,Schmittviller,2.8
57637,Schneckenbusch,3.6
57638,Schœneck,2.2
57639,Schorbach,1.5
57640,Schwerdorff,1.3
57641,Schweyen,0.5
57642,Scy-Chazelles,4.4
57643,Secourt,4.3
57644,Seingbouse,3.5
57645,Semécourt,5.4
57647,Serémange-Erzange,3.3
57648,Servigny-lès-Raville,4.0
57649,Servigny-lès-Sainte-Barbe,2.2
57650,Sierck-les-Bains,2.4
57651,Siersthal,2.5
57652,Sillegny,3.8
57653,Silly-en-Saulnois,4.8
57654,Silly-sur-Nied,2.3
57655,Solgne,5.6
57656,Sorbey,3.8
57657,Sotzeling,1.5
57658,Soucht,2.0
57659,Spicheren,2.0
57660,Stiring-Wendel,3.3
57661,Sturzelbronn,0.5
57662,Suisse,3.2
57663,Talange,7.0
57664,Tarquimpol,3.3
57665,Tenteling,2.8
57666,Terville,4.9
57667,Téterchen,3.5
57668,Teting-sur-Nied,3.3
57669,Théding,2.5
57670,Thicourt,3.1
57671,Thimonville,3.1
57672,Thionville,4.4
57673,Thonville,2.9
57674,Tincry,4.3
57675,Torcheville,1.0
57676,Tragny,4.1
57677,Trémery,4.6
57678,Tressange,3.6
57679,Tritteling-Redlach,3.1
57680,Troisfontaines,3.4
57681,Tromborn,2.0
57682,Turquestein-Blancrupt,0.1
57683,Uckange,5.3
57684,Vahl-Ebersing,2.9
57685,Vahl-lès-Bénestroff,2.5
57686,Vahl-lès-Faulquemont,3.5
57687,Vallerange,2.7
57689,Valmestroff,2.6
57690,Valmont,3.1
57691,Valmunster,2.8
57692,Vannecourt,2.7
57693,Vantoux,2.7
57694,Vany,3.1
57695,Varize-Vaudoncourt,5.3
57696,Varsberg,3.4
57697,Vasperviller,1.9
57698,Vatimont,4.9
57700,Vaudreching,2.2
57701,Vaux,4.0
57702,Vaxy,3.7
57703,Veckersviller,2.2
57704,Veckring,2.5
57705,Velving,2.7
57706,Vergaville,3.3
57707,Vernéville,3.0
57708,Verny,2.3
57709,Vescheim,2.2
57711,Vibersviller,2.2
57712,Vic-sur-Seille,4.4
57713,Vieux-Lixheim,4.1
57714,Haute-Vigneulles,1.8
57715,Vigny,2.7
57716,Vigy,1.9
57717,Viller,2.7
57718,Villers-Stoncourt,3.7
57719,Villers-sur-Nied,2.5
57720,Villing,1.8
57721,Vilsberg,2.4
57723,Virming,2.5
57724,Vitry-sur-Orne,3.8
57725,Vittersbourg,2.0
57726,Vittoncourt,3.2
57727,Viviers,3.7
57728,Voimhaut,3.8
57730,Volmerange-lès-Boulay,3.5
57731,Volmerange-les-Mines,2.4
57732,Volmunster,1.4
57733,Volstroff,2.5
57734,Voyer,2.1
57736,Vry,1.8
57737,Vulmont,3.7
57738,Waldhouse,0.5
57739,Waldweistroff,2.9
57740,Waldwisse,1.9
57741,Walschbronn,0.5
57742,Walscheid,2.4
57743,Waltembourg,5.4
57745,Wiesviller,2.8
57746,Willerwald,4.1
57747,Wintersbourg,2.1
57748,Wittring,1.2
57749,Vœlfling-lès-Bouzonville,2.1
57750,Wœlfling-lès-Sarreguemines,2.5
57751,Woippy,4.1
57752,Woustviller,3.9
57753,Wuisse,3.2
57754,Xanrey,2.8
57755,Xocourt,3.3
57756,Xouaxange,2.8
57757,Yutz,4.1
57759,Zarbeling,3.2
57760,Zetting,1.9
57761,Zilling,3.1
57762,Zimming,1.1
57763,Zommange,3.6
57764,Zoufftgen,1.7
57765,Diesen,4.6
57767,Stuckange,3.8
58001,Achun,1.5
58002,Alligny-Cosne,2.2
58003,Alligny-en-Morvan,2.2
58004,Alluy,2.2
58005,Amazy,2.5
58006,Anlezy,1.7
58007,Annay,3.0
58008,Anthien,4.2
58009,Arbourse,1.5
58010,Arleuf,0.0
58011,Armes,3.4
58012,Arquian,2.6
58013,Arthel,0.9
58014,Arzembouy,1.3
58015,Asnan,2.5
58016,Asnois,2.8
58017,Aunay-en-Bazois,1.5
58018,Authiou,0.9
58019,Avrée,5.0
58020,Avril-sur-Loire,1.0
58021,Azy-le-Vif,1.2
58023,Bazoches,2.0
58024,Bazolles,2.7
58025,Béard,1.4
58026,Beaulieu,1.1
58027,Beaumont-la-Ferrière,1.8
58028,Beaumont-Sardolles,2.5
58029,Beuvron,1.5
58030,Biches,2.3
58031,Billy-Chevannes,4.6
58032,Billy-sur-Oisy,2.4
58033,Bitry,2.1
58034,Blismes,0.0
58035,Bona,5.2
58036,Bouhy,1.9
58037,Brassy,4.3
58038,Breugnon,2.2
58039,Brèves,2.8
58040,Brinay,2.8
58041,Brinon-sur-Beuvron,0.8
58042,Bulcy,0.9
58043,Bussy-la-Pesle,0.5
58044,La Celle-sur-Loire,3.6
58045,La Celle-sur-Nièvre,1.8
58046,Cercy-la-Tour,3.7
58047,Cervon,3.8
58048,Cessy-les-Bois,1.1
58049,Chalaux,0.8
58050,Challement,2.4
58051,Challuy,3.8
58052,Champallement,1.1
58053,Champlemy,1.2
58054,Champlin,0.6
58055,Champvert,2.7
58056,Champvoux,1.1
58057,Chantenay-Saint-Imbert,2.4
58058,La Chapelle-Saint-André,0.6
58059,La Charité-sur-Loire,1.6
58060,Charrin,3.4
58061,Chasnay,1.1
58062,Château-Chinon (Ville),1.0
58063,Château-Chinon (Campagne),0.0
58064,Châteauneuf-Val-de-Bargis,1.5
58065,Châtillon-en-Bazois,3.2
58066,Châtin,1.0
58067,Chaulgnes,2.1
58068,Chaumard,1.0
58069,Chaumot,2.6
58070,Chazeuil,0.9
58071,Chevannes-Changy,0.1
58072,Chevenon,2.4
58073,Chevroches,3.4
58074,Chiddes,3.6
58075,Chitry-les-Mines,2.6
58076,Chougny,0.6
58077,Ciez,1.6
58078,Cizely,3.6
58079,Clamecy,3.4
58080,La Collancelle,2.1
58081,Colméry,0.7
58082,Corancy,0.0
58083,Corbigny,3.7
58084,Corvol-d'Embernard,0.6
58085,Corvol-l'Orgueilleux,2.4
58086,Cosne-Cours-sur-Loire,3.1
58087,Cossaye,2.7
58088,Coulanges-lès-Nevers,4.2
58089,Couloutre,0.9
58090,Courcelles,1.0
58092,Crux-la-Ville,3.0
58093,Cuncy-lès-Varzy,1.1
58094,Dampierre-sous-Bouhy,3.2
58095,Decize,1.7
58096,Devay,2.4
58097,Diennes-Aubigny,2.0
58098,Dirol,3.8
58099,Dommartin,2.3
58101,Dompierre-sur-Nièvre,2.0
58102,Donzy,1.1
58103,Dornecy,3.8
58104,Dornes,1.8
58105,Druy-Parigny,0.9
58106,Dun-les-Places,2.4
58107,Dun-sur-Grandry,0.3
58108,Empury,1.6
58109,Entrains-sur-Nohain,1.4
58110,Epiry,1.2
58111,Fâchin,0.0
58112,La Fermeté,3.4
58113,Fertrève,1.6
58114,Fléty,5.9
58115,Fleury-sur-Loire,0.7
58116,Flez-Cuzy,2.7
58117,Fourchambault,3.3
58118,Fours,4.0
58119,Frasnay-Reugny,3.6
58120,Gâcogne,2.6
58121,Garchizy,2.4
58122,Garchy,0.8
58123,Germenay,2.7
58124,Germigny-sur-Loire,1.2
58125,Gien-sur-Cure,2.9
58126,Gimouille,2.5
58127,Giry,1.8
58128,Glux-en-Glenne,0.0
58129,Gouloux,3.0
58130,Grenois,1.8
58131,Guérigny,1.7
58132,Guipy,1.6
58133,Héry,2.0
58134,Imphy,1.5
58135,Isenay,4.7
58136,Jailly,4.2
58137,Lamenay-sur-Loire,0.8
58138,Langeron,2.9
58139,Lanty,5.9
58140,Larochemillay,1.8
58141,Lavault-de-Frétoy,1.1
58142,Limanton,3.3
58143,Limon,3.1
58144,Livry,2.4
58145,Lormes,3.4
58146,Lucenay-lès-Aix,3.2
58147,Lurcy-le-Bourg,2.5
58148,Luthenay-Uxeloup,0.6
58149,Luzy,6.4
58150,Lys,1.8
58151,La Machine,2.2
58152,Magny-Cours,2.5
58153,Magny-Lormes,3.9
58154,La Maison-Dieu,3.0
58155,La Marche,2.4
58156,Marcy,0.1
58157,Marigny-l'Église,0.0
58158,Mars-sur-Allier,1.7
58159,Marigny-sur-Yonne,3.2
58160,Marzy,2.2
58161,Maux,2.6
58162,Menestreau,0.8
58163,Menou,1.0
58164,Mesves-sur-Loire,1.8
58165,Metz-le-Comte,2.5
58166,Mhère,1.3
58168,Millay,3.6
58169,Moissy-Moulinot,3.1
58170,Monceaux-le-Comte,4.1
58171,Montapas,3.1
58172,Montambert,4.0
58173,Montaron,5.0
58174,Montenoison,1.9
58175,Mont-et-Marré,2.0
58176,Montigny-aux-Amognes,3.6
58177,Montigny-en-Morvan,0.5
58178,Montigny-sur-Canne,2.5
58179,Montreuillon,0.6
58180,Montsauche-les-Settons,5.2
58181,Moraches,1.1
58182,Moulins-Engilbert,4.2
58183,Mouron-sur-Yonne,1.2
58184,Moussy,1.9
58185,Moux-en-Morvan,3.3
58186,Murlin,1.5
58187,Myennes,3.5
58188,Nannay,1.1
58189,Narcy,1.1
58190,Neuffontaines,2.7
58191,Neuilly,1.7
58192,Neuville-lès-Decize,1.8
58193,Neuvy-sur-Loire,3.3
58194,Nevers,3.0
58195,La Nocle-Maulaix,1.8
58196,Nolay,2.0
58197,Nuars,3.1
58198,Oisy,3.3
58199,Onlay,2.9
58200,Ouagne,2.2
58201,Oudan,0.4
58202,Ougny,2.1
58203,Oulon,1.0
58204,Vaux d'Amognes,3.1
58205,Ouroux-en-Morvan,4.0
58206,Parigny-la-Rose,0.0
58207,Parigny-les-Vaux,1.8
58208,Pazy,2.2
58209,Perroy,0.6
58210,Planchez,4.6
58211,Poil,3.4
58212,Poiseux,1.7
58213,Pougny,1.6
58214,Pougues-les-Eaux,3.2
58215,Pouilly-sur-Loire,2.5
58216,Pouques-Lormes,2.9
58217,Pousseaux,3.7
58218,Prémery,2.1
58219,Préporché,3.4
58220,Raveau,1.8
58221,Rémilly,4.6
58222,Rix,3.0
58223,Rouy,4.6
58224,Ruages,3.7
58225,Saincaize-Meauce,1.7
58226,Saint-Agnan,1.4
58227,Saint-Amand-en-Puisaye,3.4
58228,Saint-Andelain,2.6
58229,Saint-André-en-Morvan,0.8
58230,Saint-Aubin-des-Chaumes,2.4
58231,Saint-Aubin-les-Forges,1.0
58232,Saint-Benin-d'Azy,3.5
58233,Saint-Benin-des-Bois,3.8
58234,Saint-Bonnot,1.7
58235,Saint-Brisson,1.9
58236,Sainte-Colombe-des-Bois,0.9
58237,Saint-Didier,2.4
58238,Saint-Éloi,4.2
58239,Saint-Firmin,4.1
58240,Saint-Franchy,3.4
58241,Saint-Germain-Chassenay,2.2
58242,Saint-Germain-des-Bois,2.2
58243,Saint-Gratien-Savigny,3.2
58244,Saint-Hilaire-en-Morvan,1.0
58245,Saint-Hilaire-Fontaine,3.4
58246,Saint-Honoré-les-Bains,3.4
58247,Saint-Jean-aux-Amognes,3.9
58248,Saint-Laurent-l'Abbaye,2.4
58249,Saint-Léger-de-Fougeret,1.0
58250,Saint-Léger-des-Vignes,1.7
58251,Saint-Loup-des-Bois,2.3
58252,Saint-Malo-en-Donziois,1.1
58253,Sainte-Marie,3.2
58254,Saint-Martin-d'Heuille,2.5
58255,Saint-Martin-du-Puy,1.6
58256,Saint-Martin-sur-Nohain,1.6
58257,Saint-Maurice,3.2
58258,Saint-Ouen-sur-Loire,1.3
58259,Saint-Parize-en-Viry,1.7
58260,Saint-Parize-le-Châtel,1.9
58261,Saint-Père,3.2
58262,Saint-Péreuse,2.3
58263,Saint-Pierre-du-Mont,1.8
58264,Saint-Pierre-le-Moûtier,2.2
58265,Saint-Quentin-sur-Nohain,1.0
58266,Saint-Révérien,2.1
58267,Saint-Saulge,3.7
58268,Saint-Seine,1.3
58269,Saint-Sulpice,3.8
58270,Saint-Vérain,2.3
58271,Saizy,3.1
58272,Sardy-lès-Épiry,1.2
58273,Sauvigny-les-Bois,3.3
58274,Savigny-Poil-Fol,4.5
58275,Saxi-Bourdon,5.4
58276,Sémelay,3.6
58277,Sermages,3.5
58278,Sermoise-sur-Loire,4.3
58279,Sichamps,1.7
58280,Sougy-sur-Loire,1.2
58281,Suilly-la-Tour,0.8
58282,Surgy,3.7
58283,Taconnay,0.8
58284,Talon,1.5
58285,Tamnay-en-Bazois,3.1
58286,Tannay,3.1
58287,Tazilly,5.9
58288,Teigny,2.6
58289,Ternant,2.7
58290,Thaix,4.6
58291,Thianges,2.7
58292,Tintury,2.1
58293,Toury-Lurcy,2.1
58294,Toury-sur-Jour,2.0
58295,Tracy-sur-Loire,2.6
58296,Tresnay,1.7
58297,Trois-Vèvres,3.0
58298,Tronsanges,2.2
58299,Trucy-l'Orgueilleux,2.2
58300,Urzy,1.8
58301,Vandenesse,4.9
58302,Varennes-lès-Narcy,1.4
58303,Varennes-Vauzelles,3.4
58304,Varzy,1.1
58305,Vauclaix,2.7
58306,Verneuil,3.6
58307,Vielmanay,1.1
58308,Vignol,3.2
58309,Villapourçon,1.5
58310,Villiers-le-Sec,1.5
58311,Ville-Langy,2.6
58312,Villiers-sur-Yonne,3.3
58313,Vitry-Laché,1.6
59001,Abancourt,3.1
59002,Abscon,5.4
59003,Aibes,3.9
59004,Aix-en-Pévèle,4.9
59005,Allennes-les-Marais,3.8
59006,Amfroipret,3.0
59007,Anhiers,3.5
59008,Aniche,3.7
59009,Villeneuve-d'Ascq,5.4
59010,Anneux,3.5
59011,Annœullin,3.8
59012,Anor,3.0
59013,Anstaing,4.5
59014,Anzin,3.9
59015,Arleux,3.1
59016,Armbouts-Cappel,4.5
59017,Armentières,4.0
59018,Arnèke,2.8
59019,Artres,3.4
59021,Assevent,3.6
59022,Attiches,3.9
59023,Aubencheul-au-Bac,3.5
59024,Auberchicourt,3.4
59025,Aubers,5.0
59026,Aubigny-au-Bac,3.5
59027,Aubry-du-Hainaut,6.0
59028,Auby,4.2
59029,Auchy-lez-Orchies,6.3
59031,Audignies,2.8
59032,Aulnoy-lez-Valenciennes,6.2
59033,Aulnoye-Aymeries,2.3
59034,Avelin,8.3
59035,Avesnelles,3.5
59036,Avesnes-sur-Helpe,3.8
59037,Avesnes-les-Aubert,2.6
59038,Avesnes-le-Sec,3.0
59039,Awoingt,3.7
59041,Bachant,2.3
59042,Bachy,3.9
59043,Bailleul,4.8
59044,Baisieux,5.1
59045,Baives,0.6
59046,Bambecque,3.1
59047,Banteux,3.2
59048,Bantigny,3.2
59049,Bantouzelle,3.6
59050,Bas-Lieu,4.0
59051,La Bassée,5.3
59052,Bauvin,3.4
59053,Bavay,3.1
59054,Bavinchove,3.5
59055,Bazuel,3.0
59056,Beaucamps-Ligny,6.6
59057,Beaudignies,4.0
59058,Beaufort,4.6
59059,Beaumont-en-Cambrésis,3.8
59060,Beaurain,3.0
59061,Beaurepaire-sur-Sambre,4.2
59062,Beaurieux,1.8
59063,Beauvois-en-Cambrésis,3.2
59064,Bellaing,3.9
59065,Bellignies,2.4
59066,Bérelles,3.3
59067,Bergues,3.6
59068,Berlaimont,2.5
59069,Bermerain,3.1
59070,Bermeries,2.2
59071,Bersée,4.9
59072,Bersillies,2.4
59073,Berthen,3.3
59074,Bertry,3.4
59075,Béthencourt,3.7
59076,Bettignies,2.5
59077,Bettrechies,1.6
59078,Beugnies,3.8
59079,Beuvrages,4.0
59080,Beuvry-la-Forêt,4.3
59081,Bévillers,3.6
59082,Bierne,3.9
59083,Bissezeele,3.4
59084,Blaringhem,4.3
59085,Blécourt,3.3
59086,Boeschepe,2.6
59087,Boëseghem,4.5
59088,Bois-Grenier,7.7
59089,Bollezeele,2.6
59090,Bondues,7.4
59091,Borre,5.5
59092,Bouchain,4.3
59093,Boulogne-sur-Helpe,3.8
59094,Bourbourg,3.0
59096,Bourghelles,3.0
59097,Boursies,2.4
59098,Bousbecque,4.6
59099,Bousies,3.8
59100,Bousignies,5.1
59101,Bousignies-sur-Roc,1.1
59102,Boussières-en-Cambrésis,3.7
59103,Boussières-sur-Sambre,2.9
59104,Boussois,3.5
59105,Bouvignies,2.9
59106,Bouvines,5.1
59107,Bray-Dunes,1.4
59108,Briastre,3.4
59109,Brillon,5.1
59110,Brouckerque,3.0
59111,Broxeele,2.6
59112,Bruay-sur-l'Escaut,4.1
59113,Bruille-lez-Marchiennes,4.3
59114,Bruille-Saint-Amand,5.0
59115,Brunémont,2.6
59116,Bry,3.6
59117,Bugnicourt,3.3
59118,Busigny,3.3
59119,Buysscheure,2.2
59120,Caëstre,4.8
59121,Cagnoncles,3.6
59122,Cambrai,3.0
59123,Camphin-en-Carembault,5.7
59124,Camphin-en-Pévèle,4.3
59125,Cantaing-sur-Escaut,3.3
59126,Cantin,4.0
59127,Capelle,3.0
59128,Capinghem,9.4
59129,Cappelle-en-Pévèle,4.4
59130,Cappelle-Brouck,2.7
59131,Cappelle-la-Grande,4.3
59132,Carnières,3.9
59133,Carnin,4.8
59134,Cartignies,4.0
59135,Cassel,3.5
59136,Le Cateau-Cambrésis,3.5
59137,Catillon-sur-Sambre,2.8
59138,Cattenières,3.7
59139,Caudry,2.8
59140,Caullery,2.8
59141,Cauroir,3.8
59142,Cerfontaine,4.1
59143,La Chapelle-d'Armentières,7.1
59144,Château-l'Abbaye,4.3
59145,Chemy,5.3
59146,Chéreng,4.3
59147,Choisies,3.2
59148,Clairfayts,2.0
59149,Clary,3.4
59150,Cobrieux,3.9
59151,Colleret,4.0
59152,Comines,3.3
59153,Condé-sur-l'Escaut,4.0
59155,Coudekerque-Branche,3.9
59156,Courchelettes,3.3
59157,Cousolre,2.0
59158,Coutiches,5.8
59159,Craywick,3.1
59160,Crespin,3.3
59161,Crèvecœur-sur-l'Escaut,4.2
59162,Crochte,3.6
59163,Croix,6.8
59164,Croix-Caluyau,3.9
59165,Cuincy,5.1
59166,Curgies,6.6
59167,Cuvillers,3.0
59168,Cysoing,4.2
59169,Damousies,3.2
59170,Dechy,4.1
59171,Dehéries,3.2
59172,Denain,3.8
59173,Deûlémont,4.7
59174,Dimechaux,3.9
59175,Dimont,3.4
59176,Doignies,1.9
59177,Dompierre-sur-Helpe,3.8
59178,Douai,3.2
59179,Douchy-les-Mines,5.5
59180,Le Doulieu,5.2
59181,Dourlers,4.1
59182,Drincham,2.5
59183,Dunkerque,3.6
59184,Ebblinghem,4.7
59185,Écaillon,3.5
59186,Eccles,3.0
59187,Éclaibes,3.6
59188,Écuélin,4.1
59189,Eecke,4.4
59190,Élesmes,3.4
59191,Élincourt,3.8
59192,Émerchicourt,3.8
59193,Emmerin,4.9
59194,Englefontaine,3.6
59195,Englos,11.4
59196,Ennetières-en-Weppes,9.4
59197,Ennevelin,4.5
59198,Eppe-Sauvage,0.9
59199,Erchin,2.5
59200,Eringhem,2.6
59201,Erquinghem-le-Sec,6.9
59202,Erquinghem-Lys,6.4
59203,Erre,4.6
59204,Escarmain,2.9
59205,Escaudain,5.0
59206,Escaudœuvres,3.0
59207,Escautpont,4.6
59208,Escobecques,7.0
59209,Esnes,3.6
59210,Esquelbecq,3.0
59211,Esquerchin,4.3
59212,Estaires,4.7
59213,Estourmel,3.4
59214,Estrées,3.2
59215,Estreux,6.0
59216,Eswars,3.3
59217,Eth,2.9
59218,Étrœungt,4.1
59219,Estrun,3.1
59220,Faches-Thumesnil,3.0
59221,Famars,4.8
59222,Faumont,3.9
59223,Le Favril,3.1
59224,Féchain,2.2
59225,Feignies,2.7
59226,Felleries,3.5
59227,Fenain,3.5
59228,Férin,3.3
59229,Féron,3.6
59230,Ferrière-la-Grande,4.1
59231,Ferrière-la-Petite,3.9
59232,La Flamengrie,2.7
59233,Flaumont-Waudrechies,3.5
59234,Flers-en-Escrebieux,6.7
59236,Flesquières,3.1
59237,Flêtre,5.4
59238,Flines-lès-Mortagne,2.8
59239,Flines-lez-Raches,3.1
59240,Floursies,4.7
59241,Floyon,3.4
59242,Fontaine-au-Bois,3.0
59243,Fontaine-au-Pire,2.5
59244,Fontaine-Notre-Dame,3.8
59246,Forest-en-Cambrésis,4.2
59247,Forest-sur-Marque,5.0
59249,Fourmies,2.9
59250,Fournes-en-Weppes,5.9
59251,Frasnoy,2.8
59252,Frelinghien,4.9
59253,Fresnes-sur-Escaut,4.8
59254,Fressain,3.3
59255,Fressies,2.9
59256,Fretin,5.0
59257,Fromelles,5.6
59258,Genech,4.4
59259,Ghissignies,3.4
59260,Ghyvelde,3.4
59261,Glageon,2.9
59262,Godewaersvelde,3.8
59263,Gœulzin,3.9
59264,Gognies-Chaussée,1.3
59265,Gommegnies,3.0
59266,Gondecourt,4.5
59267,Gonnelieu,4.2
59268,La Gorgue,4.6
59269,Gouzeaucourt,3.1
59270,Grand-Fayt,3.3
59271,Grande-Synthe,3.2
59272,Grand-Fort-Philippe,2.1
59273,Gravelines,2.4
59274,La Groise,3.7
59275,Gruson,3.9
59276,Guesnain,3.1
59277,Gussignies,1.0
59278,Hallennes-lez-Haubourdin,10.0
59279,Halluin,2.7
59280,Hamel,2.4
59281,Hantay,3.5
59282,Hardifort,3.6
59283,Hargnies,3.2
59284,Hasnon,4.2
59285,Haspres,3.5
59286,Haubourdin,4.6
59287,Haucourt-en-Cambrésis,3.6
59288,Haulchin,4.7
59289,Haussy,2.1
59290,Haut-Lieu,3.9
59291,Hautmont,3.1
59292,Haveluy,3.8
59293,Haverskerque,3.5
59294,Haynecourt,3.3
59295,Hazebrouck,3.5
59296,Hecq,3.4
59297,Hélesmes,4.3
59299,Hem,6.6
59300,Hem-Lenglet,3.0
59301,Hergnies,3.5
59302,Hérin,4.7
59303,Herlies,5.4
59304,Herrin,3.5
59305,Herzeele,4.3
59306,Hestrud,1.6
59307,Holque,2.3
59308,Hondeghem,4.2
59309,Hondschoote,2.0
59310,Hon-Hergies,1.5
59311,Honnechy,3.6
59312,Honnecourt-sur-Escaut,3.7
59313,Hordain,4.6
59314,Hornaing,3.6
59315,Houdain-lez-Bavay,2.8
59316,Houplin-Ancoisne,5.4
59317,Houplines,5.3
59318,Houtkerque,2.9
59319,Hoymille,3.6
59320,Illies,7.1
59321,Inchy,3.8
59322,Iwuy,4.5
59323,Jenlain,5.7
59324,Jeumont,3.1
59325,Jolimetz,3.5
59326,Killem,2.3
59327,Lallaing,4.3
59328,Lambersart,5.9
59329,Lambres-lez-Douai,3.3
59330,Landas,5.3
59331,Landrecies,3.2
59332,Lannoy,3.9
59333,Larouillies,4.2
59334,Lauwin-Planque,4.2
59335,Lecelles,5.0
59336,Lécluse,2.7
59337,Lederzeele,2.8
59338,Ledringhem,3.2
59339,Leers,4.1
59340,Leffrinckoucke,2.8
59341,Lesdain,3.3
59342,Lez-Fontaine,2.6
59343,Lesquin,8.9
59344,Leval,2.6
59345,Lewarde,3.6
59346,Lezennes,9.7
59347,Liessies,3.5
59348,Lieu-Saint-Amand,4.4
59349,Ligny-en-Cambrésis,3.3
59350,Lille,6.1
59351,Limont-Fontaine,3.7
59352,Linselles,3.6
59353,Locquignol,3.0
59354,Loffre,3.8
59356,Lompret,3.6
59357,La Longueville,3.6
59358,Looberghe,2.8
59359,Loon-Plage,2.9
59360,Loos,3.1
59361,Lourches,5.0
59363,Louvignies-Quesnoy,3.5
59364,Louvil,4.2
59365,Louvroil,3.9
59366,Lynde,3.9
59367,Lys-lez-Lannoy,4.2
59368,La Madeleine,4.6
59369,Maing,3.6
59370,Mairieux,3.1
59371,Le Maisnil,5.5
59372,Malincourt,3.2
59374,Marbaix,3.9
59375,Marchiennes,4.9
59377,Marcoing,3.8
59378,Marcq-en-Barœul,5.7
59379,Marcq-en-Ostrevent,3.2
59381,Maresches,3.8
59382,Maretz,3.7
59383,Marly,6.1
59384,Maroilles,3.5
59385,Marpent,3.9
59386,Marquette-lez-Lille,8.3
59387,Marquette-en-Ostrevant,3.0
59388,Marquillies,4.5
59389,Masnières,3.8
59390,Masny,3.1
59391,Mastaing,3.4
59392,Maubeuge,4.0
59393,Maulde,4.0
59394,Maurois,4.3
59395,Mazinghien,2.9
59396,Mecquignies,3.0
59397,Merckeghem,2.1
59398,Mérignies,4.1
59399,Merris,5.4
59400,Merville,4.6
59401,Méteren,6.6
59402,Millam,2.2
59403,Millonfosse,5.6
59405,Mœuvres,2.2
59406,Monceau-Saint-Waast,2.3
59407,Monchaux-sur-Écaillon,4.1
59408,Moncheaux,3.6
59409,Monchecourt,2.7
59410,Mons-en-Barœul,5.3
59411,Mons-en-Pévèle,3.7
59412,Montay,3.8
59413,Montigny-en-Cambrésis,3.4
59414,Montigny-en-Ostrevent,3.9
59415,Montrécourt,2.5
59416,Morbecque,4.3
59418,Mortagne-du-Nord,3.3
59419,Mouchin,4.6
59420,Moustier-en-Fagne,0.9
59421,Mouvaux,6.7
59422,Naves,2.9
59423,Neuf-Berquin,4.7
59424,Neuf-Mesnil,4.0
59425,Neuville-en-Avesnois,3.4
59426,Neuville-en-Ferrain,7.1
59427,La Neuville,3.3
59428,Neuville-Saint-Rémy,3.9
59429,Neuville-sur-Escaut,6.0
59430,Neuvilly,3.3
59431,Nieppe,5.6
59432,Niergnies,4.0
59433,Nieurlet,2.9
59434,Nivelle,4.7
59435,Nomain,4.8
59436,Noordpeene,2.8
59437,Noyelles-lès-Seclin,5.8
59438,Noyelles-sur-Escaut,3.6
59439,Noyelles-sur-Sambre,2.4
59440,Noyelles-sur-Selle,4.0
59441,Obies,2.6
59442,Obrechies,3.3
59443,Ochtezeele,2.9
59444,Odomez,4.4
59445,Ohain,2.4
59446,Oisy,4.4
59447,Onnaing,5.0
59448,Oost-Cappel,2.2
59449,Orchies,5.9
59450,Ors,3.1
59451,Orsinval,4.6
59452,Ostricourt,3.7
59453,Oudezeele,2.8
59454,Oxelaëre,3.3
59455,Paillencourt,2.2
59456,Pecquencourt,6.1
59457,Pérenchies,4.6
59458,Péronne-en-Mélantois,4.9
59459,Petite-Forêt,4.4
59461,Petit-Fayt,3.2
59462,Phalempin,5.1
59463,Pitgam,2.6
59464,Poix-du-Nord,3.1
59465,Pommereuil,3.3
59466,Pont-à-Marcq,6.3
59467,Pont-sur-Sambre,2.9
59468,Potelle,3.2
59469,Pradelles,5.2
59470,Prémesques,6.1
59471,Préseau,4.3
59472,Preux-au-Bois,3.8
59473,Preux-au-Sart,3.1
59474,Prisches,3.7
59475,Prouvy,4.6
59476,Proville,2.7
59477,Provin,4.0
59478,Quaëdypre,3.7
59479,Quarouble,4.4
59480,Quérénaing,3.3
59481,Le Quesnoy,3.2
59482,Quesnoy-sur-Deûle,5.1
59483,Quiévelon,3.9
59484,Quiévrechain,2.6
59485,Quiévy,4.0
59486,Râches,5.3
59487,Radinghem-en-Weppes,7.1
59488,Raillencourt-Sainte-Olle,3.3
59489,Raimbeaucourt,2.9
59490,Rainsars,4.3
59491,Raismes,6.2
59492,Ramillies,2.9
59493,Ramousies,3.4
59494,Raucourt-au-Bois,3.3
59495,Recquignies,2.8
59496,Rejet-de-Beaulieu,2.4
59497,Renescure,4.0
59498,Reumont,3.7
59499,Rexpoëde,2.6
59500,Ribécourt-la-Tour,3.0
59501,Rieulay,5.1
59502,Rieux-en-Cambrésis,3.5
59503,Robersart,3.7
59504,Rœulx,4.1
59505,Rombies-et-Marchipont,4.7
59506,Romeries,2.5
59507,Ronchin,7.4
59508,Roncq,6.5
59509,Roost-Warendin,4.2
59511,Rosult,5.8
59512,Roubaix,5.6
59513,Roucourt,3.8
59514,Rousies,3.9
59515,Rouvignies,6.6
59516,Rubrouck,2.3
59517,Les Rues-des-Vignes,3.4
59518,Ruesnes,3.4
59519,Rumegies,4.8
59520,Rumilly-en-Cambrésis,3.3
59521,Sailly-lez-Cambrai,3.5
59522,Sailly-lez-Lannoy,2.2
59523,Sainghin-en-Mélantois,6.3
59524,Sainghin-en-Weppes,3.9
59525,Sains-du-Nord,3.4
59526,Saint-Amand-les-Eaux,5.0
59527,Saint-André-lez-Lille,4.4
59528,Saint-Aubert,3.0
59529,Saint-Aubin,3.7
59530,Saint-Aybert,4.0
59531,Saint-Benin,2.3
59532,Saint-Georges-sur-l'Aa,3.0
59533,Saint-Hilaire-lez-Cambrai,3.6
59534,Saint-Hilaire-sur-Helpe,3.5
59535,Saint-Jans-Cappel,3.1
59536,Sainte-Marie-Cappel,3.7
59537,Saint-Martin-sur-Écaillon,3.1
59538,Saint-Momelin,2.5
59539,Saint-Pierre-Brouck,2.2
59541,Saint-Python,2.9
59542,Saint-Remy-Chaussée,3.5
59543,Saint-Remy-du-Nord,3.3
59544,Saint-Saulve,5.1
59545,Saint-Souplet,2.3
59546,Saint-Sylvestre-Cappel,4.3
59547,Saint-Vaast-en-Cambrésis,3.2
59548,Saint-Waast,3.2
59549,Salesches,3.3
59550,Salomé,5.9
59551,Saméon,5.0
59552,Sancourt,3.0
59553,Santes,4.7
59554,Sars-et-Rosières,5.3
59555,Sars-Poteries,3.0
59556,Sassegnies,1.6
59557,Saultain,5.8
59558,Saulzoir,2.8
59559,Sebourg,5.0
59560,Seclin,5.5
59562,Sémeries,4.2
59563,Semousies,4.9
59564,La Sentinelle,8.6
59565,Sepmeries,2.8
59566,Sequedin,5.5
59567,Séranvillers-Forenville,3.5
59568,Sercus,4.0
59569,Sin-le-Noble,5.2
59570,Socx,4.6
59571,Solesmes,3.4
59572,Solre-le-Château,3.3
59573,Solrinnes,3.3
59574,Somain,4.1
59575,Sommaing,2.9
59576,Spycker,2.8
59577,Staple,3.9
59578,Steenbecque,3.3
59579,Steene,3.2
59580,Steenvoorde,5.0
59581,Steenwerck,5.7
59582,Strazeele,5.4
59583,Taisnières-en-Thiérache,2.6
59584,Taisnières-sur-Hon,2.0
59585,Templemars,5.0
59586,Templeuve-en-Pévèle,4.1
59587,Terdeghem,4.2
59588,Téteghem-Coudekerque-Village,4.9
59589,Thiant,5.1
59590,Thiennes,3.8
59591,Thivencelle,4.1
59592,Thumeries,3.5
59593,Thun-l'Évêque,3.1
59594,Thun-Saint-Amand,4.4
59595,Thun-Saint-Martin,3.4
59596,Tilloy-lez-Marchiennes,5.1
59597,Tilloy-lez-Cambrai,3.3
59598,Toufflers,3.8
59599,Tourcoing,4.2
59600,Tourmignies,4.9
59601,Trélon,2.2
59602,Tressin,4.5
59603,Trith-Saint-Léger,3.7
59604,Troisvilles,3.7
59605,Uxem,3.6
59606,Valenciennes,4.3
59607,Vendegies-au-Bois,3.5
59608,Vendegies-sur-Écaillon,3.2
59609,Vendeville,10.6
59610,Verchain-Maugré,3.6
59611,Verlinghem,6.1
59612,Vertain,2.7
59613,Vicq,5.4
59614,Viesly,3.6
59615,Vieux-Berquin,5.6
59616,Vieux-Condé,4.0
59617,Vieux-Mesnil,3.4
59618,Vieux-Reng,2.4
59619,Villereau,3.3
59620,Villers-au-Tertre,2.9
59622,Villers-en-Cauchies,2.7
59623,Villers-Guislain,3.2
59624,Villers-Outréaux,3.3
59625,Villers-Plouich,2.9
59626,Villers-Pol,4.1
59627,Villers-Sire-Nicole,1.9
59628,Volckerinckhove,2.2
59629,Vred,5.2
59630,Wahagnies,3.6
59631,Walincourt-Selvigny,3.0
59632,Wallers,4.3
59633,Wallers-en-Fagne,1.2
59634,Wallon-Cappel,4.8
59635,Wambaix,3.8
59636,Wambrechies,7.1
59637,Wandignies-Hamage,4.0
59638,Wannehain,2.7
59639,Wargnies-le-Grand,4.5
59640,Wargnies-le-Petit,4.2
59641,Warhem,3.3
59642,Warlaing,3.2
59643,Warneton,3.0
59645,Wasnes-au-Bac,2.6
59646,Wasquehal,4.3
59647,Watten,2.5
59648,Wattignies,4.1
59649,Wattignies-la-Victoire,3.7
59650,Wattrelos,4.6
59651,Wavrechain-sous-Denain,5.2
59652,Wavrechain-sous-Faulx,3.2
59653,Wavrin,5.5
59654,Waziers,4.9
59655,Wemaers-Cappel,3.7
59656,Wervicq-Sud,3.9
59657,West-Cappel,3.2
59658,Wicres,5.0
59659,Wignehies,3.5
59660,Willems,4.0
59661,Willies,2.3
59662,Winnezeele,3.4
59663,Wormhout,3.3
59664,Wulverdinghe,2.1
59665,Wylder,3.5
59666,Zegerscappel,2.9
59667,Zermezeele,2.9
59668,Zuydcoote,2.9
59669,Zuytpeene,3.9
59670,Don,3.0
60001,Abancourt,3.0
60002,Abbecourt,3.3
60003,Abbeville-Saint-Lucien,3.0
60004,Achy,4.1
60005,Acy-en-Multien,1.4
60006,Les Ageux,3.3
60007,Agnetz,2.0
60008,Airion,2.5
60009,Allonne,6.0
60010,Amblainville,1.8
60011,Amy,2.8
60012,Andeville,1.4
60013,Angicourt,2.4
60014,Angivillers,3.1
60015,Angy,2.0
60016,Ansacq,1.4
60017,Ansauvillers,3.3
60019,Antheuil-Portes,2.6
60020,Antilly,1.0
60021,Appilly,2.9
60022,Apremont,3.7
60023,Armancourt,3.7
60024,Arsy,4.1
60025,Attichy,2.8
60026,Auchy-la-Montagne,3.5
60027,Auger-Saint-Vincent,2.5
60028,Aumont-en-Halatte,3.6
60029,Auneuil,1.7
60030,Auteuil,3.2
60031,Autheuil-en-Valois,1.8
60032,Autrêches,1.2
60033,Avilly-Saint-Léonard,2.9
60034,Avrechy,2.1
60035,Avricourt,2.8
60036,Avrigny,3.3
60037,Babœuf,2.8
60039,Bacouël,3.5
60040,Bailleul-le-Soc,3.1
60041,Bailleul-sur-Thérain,2.4
60042,Bailleval,3.0
60043,Bailly,2.5
60044,Balagny-sur-Thérain,1.7
60045,Barbery,3.0
60046,Bargny,1.8
60047,Baron,1.3
60048,Baugy,3.3
60049,Bazancourt,1.9
60050,Bazicourt,3.3
60051,Beaudéduit,2.9
60052,Beaugies-sous-Bois,2.5
60053,Beaulieu-les-Fontaines,4.2
60054,Beaumont-les-Nonains,1.4
60055,Beaurains-lès-Noyon,3.2
60056,Beaurepaire,2.5
60057,Beauvais,4.7
60058,Beauvoir,4.7
60059,Béhéricourt,3.3
60060,Belle-Église,1.5
60061,Belloy,2.5
60062,Berlancourt,2.6
60063,Berneuil-en-Bray,2.9
60064,Berneuil-sur-Aisne,3.0
60065,Berthecourt,2.9
60066,Béthancourt-en-Valois,3.1
60067,Béthisy-Saint-Martin,2.8
60068,Béthisy-Saint-Pierre,2.4
60069,Betz,2.2
60070,Bienville,4.1
60071,Biermont,2.4
60072,Bitry,2.2
60073,Blacourt,1.9
60074,Blaincourt-lès-Précy,2.2
60075,Blancfossé,4.3
60076,Blargies,3.0
60077,Blicourt,2.9
60078,Blincourt,3.0
60079,Boissy-Fresnoy,2.3
60081,Bonlier,2.4
60082,Bonneuil-les-Eaux,3.4
60083,Bonneuil-en-Valois,2.3
60084,Bonnières,2.4
60085,Bonvillers,3.8
60086,Boran-sur-Oise,3.4
60087,Borest,2.0
60088,Bornel,1.4
60089,Boubiers,1.6
60090,Bouconvillers,1.7
60091,Bouillancy,1.5
60092,Boullarre,1.1
60093,Boulogne-la-Grasse,3.0
60094,Boursonne,2.2
60095,Boury-en-Vexin,2.2
60097,Boutencourt,1.2
60098,Bouvresse,3.1
60099,Braisnes-sur-Aronde,3.1
60100,Brasseuse,2.4
60101,Brégy,1.9
60102,Brenouille,2.8
60103,Bresles,3.0
60104,Breteuil,4.3
60105,Brétigny,2.7
60106,Breuil-le-Sec,3.1
60107,Breuil-le-Vert,3.2
60108,Briot,3.9
60109,Brombos,3.1
60110,Broquiers,3.0
60111,Broyes,2.9
60112,Brunvillers-la-Motte,3.0
60113,Bucamps,2.7
60114,Buicourt,2.7
60115,Bulles,2.2
60116,Bury,1.9
60117,Bussy,3.7
60118,Caisnes,2.4
60119,Cambronne-lès-Ribécourt,2.6
60120,Cambronne-lès-Clermont,2.7
60121,Campagne,3.6
60122,Campeaux,2.5
60123,Campremy,4.0
60124,Candor,3.2
60125,Canly,4.3
60126,Cannectancourt,2.9
60127,Canny-sur-Matz,1.9
60128,Canny-sur-Thérain,2.6
60129,Carlepont,2.9
60130,Catenoy,2.8
60131,Catheux,4.0
60132,Catigny,3.3
60133,Catillon-Fumechon,3.5
60134,Cauffry,3.6
60135,Cauvigny,1.6
60136,Cempuis,4.5
60137,Cernoy,2.4
60138,Chamant,3.4
60139,Chambly,2.4
60140,Chambors,1.5
60141,Chantilly,3.4
60142,La Chapelle-en-Serval,3.0
60143,Chaumont-en-Vexin,0.9
60144,Chavençon,1.2
60145,Chelles,1.8
60146,Chepoix,3.6
60147,Chevincourt,2.1
60148,Chèvreville,2.2
60149,Chevrières,3.4
60150,Chiry-Ourscamp,4.3
60151,Choisy-au-Bac,4.4
60152,Choisy-la-Victoire,3.3
60153,Choqueuse-les-Bénards,3.2
60154,Cinqueux,2.8
60155,Cires-lès-Mello,1.7
60156,Clairoix,4.0
60157,Clermont,2.1
60158,Coivrel,2.8
60159,Compiègne,3.6
60160,Conchy-les-Pots,2.6
60161,Conteville,3.9
60162,Corbeil-Cerf,1.4
60163,Cormeilles,5.5
60164,Le Coudray-Saint-Germer,1.5
60165,Le Coudray-sur-Thelle,1.7
60166,Coudun,4.2
60167,Couloisy,3.1
60168,Courcelles-Epayelles,2.7
60169,Courcelles-lès-Gisors,2.1
60170,Courteuil,3.1
60171,Courtieux,2.4
60172,Coye-la-Forêt,2.3
60173,Cramoisy,2.0
60174,Crapeaumesnil,2.0
60175,Creil,3.7
60176,Crépy-en-Valois,3.3
60177,Cressonsacq,2.3
60178,Crèvecœur-le-Grand,3.6
60179,Crèvecœur-le-Petit,3.8
60180,Crillon,2.8
60181,Crisolles,3.0
60182,Le Crocq,4.7
60183,Croissy-sur-Celle,3.7
60184,Croutoy,2.2
60185,Crouy-en-Thelle,1.9
60186,Cuignières,2.3
60187,Cuigy-en-Bray,1.6
60188,Cuise-la-Motte,2.9
60189,Cuts,2.2
60190,Cuvergnon,1.7
60191,Cuvilly,3.1
60192,Cuy,2.7
60193,Daméraucourt,2.8
60194,Dargies,3.7
60195,Delincourt,1.8
60196,La Drenne,1.5
60197,Dieudonné,1.2
60198,Dives,2.7
60199,Doméliers,4.3
60200,Domfront,3.7
60201,Dompierre,3.2
60203,Duvy,3.1
60204,Écuvilly,3.3
60205,Élencourt,1.9
60206,Élincourt-Sainte-Marguerite,2.4
60207,Éméville,1.3
60208,Énencourt-Léage,0.9
60209,La Corne-en-Vexin,1.3
60210,Épineuse,1.9
60211,Éragny-sur-Epte,1.6
60212,Ercuis,1.8
60213,Ermenonville,2.7
60214,Ernemont-Boutavent,1.9
60215,Erquery,1.4
60216,Erquinvillers,3.1
60217,Escames,2.2
60218,Esches,1.8
60219,Escles-Saint-Pierre,4.0
60220,Espaubourg,1.8
60221,Esquennoy,4.2
60222,Essuiles,2.2
60223,Estrées-Saint-Denis,2.2
60224,Étavigny,1.2
60225,Étouy,2.0
60226,Ève,2.9
60227,Évricourt,2.8
60228,Fay-les-Étangs,1.2
60229,Le Fayel,3.0
60230,Le Fay-Saint-Quentin,2.7
60231,Feigneux,2.8
60232,Ferrières,3.4
60233,Feuquières,2.7
60234,Fitz-James,2.4
60235,Flavacourt,0.8
60236,Flavy-le-Meldeux,2.4
60237,Fléchy,3.6
60238,Fleurines,2.8
60239,Fleury,1.3
60240,Fontaine-Bonneleau,3.7
60241,Fontaine-Chaalis,1.8
60242,Fontaine-Lavaganne,4.0
60243,Fontaine-Saint-Lucien,2.9
60244,Fontenay-Torcy,2.2
60245,Formerie,2.9
60247,Fouilleuse,2.2
60248,Fouilloy,4.2
60249,Foulangues,1.5
60250,Fouquenies,4.1
60251,Fouquerolles,2.8
60252,Fournival,2.4
60253,Francastel,3.9
60254,Francières,2.1
60255,Fréniches,2.9
60256,Montchevreuil,1.0
60257,Fresne-Léguillon,1.5
60258,Fresnières,2.3
60259,Fresnoy-en-Thelle,1.4
60260,Fresnoy-la-Rivière,3.4
60261,Fresnoy-le-Luat,2.7
60262,Le Frestoy-Vaux,3.3
60263,Frétoy-le-Château,3.2
60264,Frocourt,3.6
60265,Froissy,3.9
60267,Le Gallet,3.3
60268,Gannes,3.1
60269,Gaudechart,4.7
60270,Genvry,3.1
60271,Gerberoy,2.6
60272,Gilocourt,2.7
60273,Giraumont,3.4
60274,Glaignes,3.3
60275,Glatigny,2.2
60276,Godenvillers,2.5
60277,Goincourt,3.9
60278,Golancourt,2.8
60279,Gondreville,3.0
60280,Gourchelles,2.4
60281,Gournay-sur-Aronde,2.3
60282,Gouvieux,3.0
60283,Gouy-les-Groseillers,4.1
60284,Grandfresnoy,3.0
60285,Grandvillers-aux-Bois,2.9
60286,Grandvilliers,3.8
60287,Grandrû,3.0
60288,Grémévillers,3.5
60289,Grez,4.1
60290,Guignecourt,3.8
60291,Guiscard,3.3
60292,Gury,2.2
60293,Hadancourt-le-Haut-Clocher,1.6
60294,Hainvillers,3.1
60295,Halloy,3.5
60296,Hannaches,2.5
60297,Le Hamel,3.9
60298,Hanvoile,3.0
60299,Hardivillers,6.1
60301,Haucourt,2.7
60302,Haudivillers,2.0
60303,Hautbos,3.0
60304,Haute-Épine,4.7
60305,Hautefontaine,2.1
60306,Hécourt,2.1
60307,Heilles,2.2
60308,Hémévillers,2.5
60309,Hénonville,1.4
60310,Herchies,3.3
60311,La Hérelle,4.2
60312,Héricourt-sur-Thérain,2.2
60313,Hermes,1.9
60314,Hétomesnil,3.9
60315,Hodenc-en-Bray,1.7
60316,Hodenc-l'Évêque,1.7
60317,Hondainville,2.1
60318,Houdancourt,2.6
60319,La Houssoye,1.6
60320,Ivors,2.4
60321,Ivry-le-Temple,1.0
60322,Jaméricourt,1.3
60323,Janville,3.6
60324,Jaulzy,2.9
60325,Jaux,3.9
60326,Jonquières,4.6
60327,Jouy-sous-Thelle,1.5
60328,Juvignies,3.0
60329,Laberlière,1.9
60330,Laboissière-en-Thelle,1.5
60331,Labosse,1.3
60332,Labruyère,2.2
60333,Lachapelle-aux-Pots,1.7
60334,Lachapelle-Saint-Pierre,1.4
60335,Lachapelle-sous-Gerberoy,2.7
60336,Lachaussée-du-Bois-d'Écu,3.2
60337,Lachelle,3.5
60338,Lacroix-Saint-Ouen,3.1
60339,Lafraye,1.2
60340,Lagny,3.0
60341,Lagny-le-Sec,2.9
60342,Laigneville,3.4
60343,Lalande-en-Son,1.5
60344,Lalandelle,0.9
60345,Lamécourt,1.7
60346,Lamorlaye,3.0
60347,Lannoy-Cuillère,2.2
60348,Larbroye,3.6
60350,Lassigny,2.8
60351,Lataule,3.1
60352,Lattainville,1.9
60353,Lavacquerie,2.4
60354,Laverrière,3.8
60355,Laversines,2.7
60356,Lavilletertre,1.3
60357,Léglantiers,2.5
60358,Lévignen,2.7
60359,Lhéraule,2.3
60360,Liancourt,2.8
60361,Liancourt-Saint-Pierre,1.5
60362,Libermont,3.6
60363,Lierville,1.7
60364,Lieuvillers,3.3
60365,Lihus,4.2
60366,Litz,2.3
60367,Loconville,0.8
60368,Longueil-Annel,3.3
60369,Longueil-Sainte-Marie,2.7
60370,Lormaison,0.9
60371,Loueuse,2.4
60372,Luchy,2.5
60373,Machemont,2.3
60374,Maignelay-Montigny,3.4
60375,Maimbeville,2.5
60376,Maisoncelle-Saint-Pierre,3.3
60377,Maisoncelle-Tuilerie,4.0
60378,Marest-sur-Matz,2.5
60379,Mareuil-la-Motte,2.0
60380,Mareuil-sur-Ourcq,1.4
60381,Margny-aux-Cerises,2.6
60382,Margny-lès-Compiègne,4.5
60383,Margny-sur-Matz,2.2
60385,Marolles,1.9
60386,Marquéglise,2.6
60387,Marseille-en-Beauvaisis,4.9
60388,Martincourt,2.4
60389,Maucourt,2.7
60390,Maulers,3.2
60391,Maysel,1.6
60392,Mélicocq,3.3
60393,Mello,2.0
60394,Ménévillers,2.8
60395,Méru,1.5
60396,Méry-la-Bataille,2.7
60397,Le Mesnil-Conteville,2.9
60398,Le Mesnil-en-Thelle,2.3
60399,Le Mesnil-Saint-Firmin,3.7
60400,Le Mesnil-sur-Bulles,2.4
60401,Le Mesnil-Théribus,1.3
60402,Le Meux,4.0
60403,Milly-sur-Thérain,2.8
60404,Mogneville,3.2
60405,Moliens,3.4
60406,Monceaux,3.3
60407,Monceaux-l'Abbaye,2.2
60408,Monchy-Humières,3.3
60409,Monchy-Saint-Éloi,3.6
60410,Mondescourt,3.0
60411,Monneville,1.0
60412,Montagny-en-Vexin,2.0
60413,Montagny-Sainte-Félicité,1.8
60414,Montataire,3.3
60415,Montépilloy,2.7
60416,Montgérain,2.6
60418,Montiers,2.6
60420,Montjavoult,1.6
60421,Mont-l'Évêque,2.3
60422,Montlognon,2.0
60423,Montmacq,4.1
60424,Montmartin,2.1
60425,Montreuil-sur-Brêche,2.9
60426,Montreuil-sur-Thérain,2.6
60427,Monts,1.0
60428,Le Mont-Saint-Adrien,3.8
60429,Morangles,1.7
60430,Morienval,3.4
60431,Morlincourt,3.5
60432,Mortefontaine,1.9
60433,Mortefontaine-en-Thelle,1.1
60434,Mortemer,2.8
60435,Morvillers,3.6
60436,Mory-Montcrux,3.7
60437,Mouchy-le-Châtel,2.2
60438,Moulin-sous-Touvent,1.2
60439,Mouy,2.1
60440,Moyenneville,2.4
60441,Moyvillers,2.9
60442,Muidorge,2.2
60443,Muirancourt,2.9
60444,Mureaumont,2.3
60445,Nampcel,1.3
60446,Nanteuil-le-Haudouin,2.2
60447,Néry,2.4
60448,Neufchelles,1.6
60449,Neufvy-sur-Aronde,2.4
60450,Neuilly-en-Thelle,1.5
60451,Neuilly-sous-Clermont,3.2
60452,Neuville-Bosc,1.0
60454,La Neuville-en-Hez,3.0
60456,La Neuville-Roy,2.9
60457,La Neuville-Saint-Pierre,2.9
60458,La Neuville-sur-Oudeuil,4.2
60459,La Neuville-sur-Ressons,1.7
60460,La Neuville-Vault,2.8
60461,Nivillers,3.6
60462,Noailles,3.5
60463,Nogent-sur-Oise,2.9
60464,Nointel,2.5
60465,Noirémont,3.9
60466,Noroy,2.7
60468,Nourard-le-Franc,2.6
60469,Novillers,1.1
60470,Noyers-Saint-Martin,4.5
60471,Noyon,3.4
60472,Offoy,2.2
60473,Ognes,2.3
60474,Ognolles,4.1
60476,Omécourt,2.4
60477,Ons-en-Bray,2.6
60478,Ormoy-le-Davien,2.5
60479,Ormoy-Villers,2.6
60480,Oroër,2.8
60481,Orrouy,2.8
60482,Orry-la-Ville,2.5
60483,Orvillers-Sorel,3.3
60484,Oudeuil,2.4
60485,Oursel-Maison,4.1
60486,Paillart,4.1
60487,Parnes,1.9
60488,Passel,3.9
60489,Péroy-les-Gombries,1.6
60490,Pierrefitte-en-Beauvaisis,2.7
60491,Pierrefonds,2.3
60492,Pimprez,3.3
60493,Pisseleu,2.4
60494,Plailly,1.5
60495,Plainval,2.8
60496,Plainville,2.6
60497,Le Plessier-sur-Bulles,2.0
60498,Le Plessier-sur-Saint-Just,2.6
60499,Plessis-de-Roye,1.9
60500,Le Plessis-Belleville,2.9
60501,Le Plessis-Brion,3.1
60502,Le Plessis-Patte-d'Oie,2.9
60503,Le Ployron,3.2
60504,Ponchon,2.7
60505,Pontarmé,2.5
60506,Pont-l'Évêque,3.5
60507,Pontoise-lès-Noyon,3.3
60508,Pontpoint,2.0
60509,Pont-Sainte-Maxence,3.0
60510,Porcheux,1.3
60511,Porquéricourt,3.4
60512,Pouilly,1.0
60513,Précy-sur-Oise,3.0
60514,Prévillers,4.7
60515,Pronleroy,2.7
60516,Puiseux-en-Bray,1.2
60517,Puiseux-le-Hauberger,1.6
60518,Puits-la-Vallée,4.4
60519,Quesmy,2.7
60520,Le Quesnel-Aubry,1.6
60521,Quincampoix-Fleuzy,2.7
60522,Quinquempoix,3.9
60523,Rainvillers,4.5
60524,Rantigny,3.1
60525,Raray,2.6
60526,Ravenel,2.3
60527,Réez-Fosse-Martin,1.6
60528,Reilly,1.3
60529,Rémécourt,2.3
60530,Rémérangles,2.2
60531,Remy,2.9
60533,Ressons-sur-Matz,2.1
60534,Rethondes,3.5
60535,Reuil-sur-Brêche,2.5
60536,Rhuis,2.5
60537,Ribécourt-Dreslincourt,3.7
60538,Ricquebourg,1.5
60539,Rieux,3.0
60540,Rivecourt,2.8
60541,Roberval,2.6
60542,Rochy-Condé,3.2
60543,Rocquemont,3.3
60544,Rocquencourt,3.9
60545,Romescamps,3.2
60546,Rosières,2.1
60547,Rosoy,1.8
60548,Rosoy-en-Multien,1.2
60549,Rotangy,2.7
60550,Rothois,4.7
60551,Rousseloy,2.7
60552,Rouville,2.7
60553,Rouvillers,2.9
60554,Rouvres-en-Multien,1.6
60555,Rouvroy-les-Merles,3.8
60556,Royaucourt,4.0
60557,Roy-Boissy,4.1
60558,Roye-sur-Matz,2.1
60559,La Rue-Saint-Pierre,3.3
60560,Rully,2.9
60561,Russy-Bémont,3.4
60562,Sacy-le-Grand,2.7
60563,Sacy-le-Petit,2.5
60564,Sains-Morainvillers,4.2
60565,Saint-André-Farivillers,4.5
60566,Saint-Arnoult,2.8
60567,Saint-Aubin-en-Bray,1.9
60568,Saint-Aubin-sous-Erquery,2.3
60569,Saint-Crépin-aux-Bois,1.5
60570,Saint-Crépin-Ibouvillers,1.1
60571,Saint-Deniscourt,3.6
60572,Saint-Étienne-Roilaye,2.0
60573,Sainte-Eusoye,3.9
60574,Saint-Félix,2.1
60575,Sainte-Geneviève,1.5
60576,Saint-Germain-la-Poterie,3.8
60577,Saint-Germer-de-Fly,2.2
60578,Saintines,2.2
60579,Saint-Jean-aux-Bois,3.3
60581,Saint-Just-en-Chaussée,2.6
60582,Saint-Léger-aux-Bois,2.8
60583,Saint-Léger-en-Bray,4.7
60584,Saint-Leu-d'Esserent,3.5
60585,Saint-Martin-aux-Bois,1.9
60586,Saint-Martin-le-Nœud,2.6
60587,Saint-Martin-Longueau,3.5
60588,Saint-Maur,4.8
60589,Saint-Maximin,4.1
60590,Saint-Omer-en-Chaussée,3.1
60591,Saint-Paul,3.9
60592,Saint-Pierre-es-Champs,1.8
60593,Saint-Pierre-lès-Bitry,1.3
60594,Saint-Quentin-des-Prés,2.7
60595,Saint-Remy-en-l'Eau,2.7
60596,Saint-Samson-la-Poterie,1.7
60597,Saint-Sauveur,2.3
60598,Saint-Sulpice,2.8
60599,Saint-Thibault,3.0
60600,Saint-Vaast-de-Longmont,2.5
60601,Saint-Vaast-lès-Mello,1.6
60602,Saint-Valery,2.4
60603,Salency,3.1
60604,Sarcus,3.4
60605,Sarnois,3.2
60608,Le Saulchoy,3.9
60609,Savignies,2.8
60610,Sempigny,3.4
60611,Senantes,2.1
60612,Senlis,3.2
60613,Senots,1.2
60614,Serans,1.7
60615,Sérévillers,3.9
60616,Sérifontaine,0.8
60617,Sermaize,3.7
60618,Séry-Magneval,3.0
60619,Silly-le-Long,2.6
60620,Silly-Tillard,1.5
60621,Solente,2.8
60622,Sommereux,4.4
60623,Songeons,2.6
60624,Sully,2.2
60625,Suzoy,3.4
60626,Talmontiers,1.9
60627,Tartigny,4.1
60628,Therdonne,5.0
60629,Thérines,3.2
60630,Thibivillers,1.2
60631,Thiers-sur-Thève,1.5
60632,Thiescourt,2.8
60633,Thieuloy-Saint-Antoine,4.1
60634,Thieux,3.3
60635,Thiverny,3.3
60636,Thourotte,4.3
60637,Thury-en-Valois,2.0
60638,Thury-sous-Clermont,2.1
60639,Tillé,3.9
60640,Tourly,1.3
60641,Tracy-le-Mont,2.2
60642,Tracy-le-Val,2.5
60643,Tricot,3.4
60644,Trie-Château,1.4
60645,Trie-la-Ville,1.4
60646,Troissereux,2.8
60647,Trosly-Breuil,3.1
60648,Troussencourt,5.1
60650,Trumilly,3.3
60651,Ully-Saint-Georges,1.8
60652,Valdampierre,1.4
60653,Valescourt,2.5
60654,Vandélicourt,2.6
60655,Varesnes,3.1
60656,Varinfroy,1.5
60657,Vauchelles,3.3
60658,Vauciennes,3.0
60659,Vaudancourt,2.3
60660,Le Vaumain,1.2
60661,Vaumoise,4.1
60662,Le Vauroux,1.1
60663,Velennes,2.4
60664,Vendeuil-Caply,4.4
60665,Venette,4.0
60666,Ver-sur-Launette,2.1
60667,Verberie,3.4
60668,Verderel-lès-Sauqueuse,2.6
60669,Verderonne,2.0
60670,Verneuil-en-Halatte,3.2
60671,Versigny,1.4
60672,Vez,2.3
60673,Viefvillers,5.4
60674,Vieux-Moulin,4.2
60675,Vignemont,2.4
60676,Ville,3.4
60677,Villembray,2.1
60678,Villeneuve-les-Sablons,1.0
60679,La Villeneuve-sous-Thury,1.4
60680,Villeneuve-sur-Verberie,2.7
60681,Villers-Saint-Barthélemy,1.5
60682,Villers-Saint-Frambourg-Ognon,2.5
60683,Villers-Saint-Genest,1.8
60684,Villers-Saint-Paul,3.9
60685,Villers-Saint-Sépulcre,1.3
60686,Villers-sous-Saint-Leu,2.8
60687,Villers-sur-Auchy,2.4
60688,Villers-sur-Bonnières,3.6
60689,Villers-sur-Coudun,3.4
60691,Villers-Vermont,1.5
60692,Villers-Vicomte,5.1
60693,Villeselve,2.3
60694,Villotran,1.5
60695,Vineuil-Saint-Firmin,3.7
60697,Vrocourt,3.0
60698,Wacquemoulin,2.3
60699,Wambez,2.8
60700,Warluis,4.6
60701,Wavignies,4.5
60702,Welles-Pérennes,3.2
60703,Aux Marais,3.9
61001,Alençon,3.3
61002,Almenêches,2.4
61005,Appenai-sous-Bellême,2.2
61006,Argentan,2.9
61007,Athis-Val de Rouvre,3.4
61008,Aube,2.6
61010,Aubry-le-Panthou,2.3
61011,Aubusson,2.9
61012,Auguaise,2.9
61013,Aunay-les-Bois,3.1
61014,Aunou-le-Faucon,2.5
61015,Aunou-sur-Orne,4.3
61017,Les Authieux-du-Puits,2.2
61018,Avernes-Saint-Gourgon,2.0
61020,Avoine,3.3
61021,Avrilly,1.8
61023,Bailleul,2.3
61024,Banvou,2.2
61026,Barville,2.8
61028,Bazoches-au-Houlme,3.4
61029,Bazoches-sur-Hoëne,4.9
61030,La Bazoque,3.3
61032,Beaufai,3.1
61034,Beaulieu,2.3
61035,Beauvain,2.2
61036,Belfonds,2.7
61037,Bellavilliers,2.9
61038,Bellême,2.7
61039,La Bellière,1.5
61040,Bellou-en-Houlme,1.8
61041,Bellou-le-Trichard,2.1
61043,Berd'huis,3.6
61044,Berjou,3.9
61046,Bizou,1.7
61048,Boëcé,4.7
61049,Boissei-la-Lande,2.9
61050,Cour-Maugis sur Huisne,3.6
61051,Boitron,3.6
61052,Bonnefoi,2.3
61053,Bonsmoulins,3.2
61054,Le Bosc-Renoult,1.9
61055,Boucé,3.0
61056,Le Bouillon,2.3
61060,Brethel,2.9
61061,Bretoncelles,2.6
61062,Brieux,3.1
61063,Briouze,1.7
61064,Brullemail,2.6
61066,Buré,4.2
61067,Bures,3.6
61068,Bursard,2.9
61069,Cahan,3.3
61070,Caligny,3.6
61071,Camembert,2.0
61072,Canapville,2.2
61074,Carrouges,2.4
61075,Ceaucé,2.1
61076,Le Cercueil,1.6
61077,Cerisé,3.5
61078,Cerisy-Belle-Étoile,3.3
61079,Ceton,2.2
61080,Chahains,2.1
61081,Chailloué,3.8
61082,Le Chalange,4.0
61084,Champcerie,3.0
61085,Le Champ-de-la-Pierre,2.7
61086,Les Champeaux,2.0
61087,Champeaux-sur-Sarthe,4.2
61088,Champ-Haut,2.0
61089,Champosoult,1.4
61091,Champsecret,2.3
61092,Chandai,3.2
61093,Chanu,2.8
61094,La Chapelle-au-Moine,2.2
61095,La Chapelle-Biche,2.4
61096,Rives d'Andaine,3.2
61097,La Chapelle-Montligeon,3.0
61098,La Chapelle-près-Sées,2.7
61099,La Chapelle-Souëf,2.3
61100,La Chapelle-Viel,2.5
61101,Le Château-d'Almenêches,2.8
61102,Le Châtellier,2.3
61103,Chaumont,2.5
61104,La Chaux,3.2
61105,Chemilli,2.7
61107,Ciral,2.7
61108,Cisai-Saint-Aubin,2.6
61111,Colombiers,2.5
61113,Comblot,2.7
61114,Commeaux,4.3
61116,Sablons sur Huisne,2.3
61117,Condé-sur-Sarthe,2.9
61118,Corbon,3.1
61120,Coudehard,1.1
61121,Coulimer,3.2
61122,Coulmer,2.6
61123,Coulonces,1.7
61124,La Coulonche,1.5
61126,Coulonges-sur-Sarthe,4.1
61129,Courgeon,3.0
61130,Courgeoût,3.9
61133,Courtomer,3.6
61137,Craménil,2.3
61138,Croisilles,1.9
61139,Crouttes,1.6
61140,Crulai,2.4
61141,Cuissai,2.1
61142,Dame-Marie,2.5
61143,Damigny,3.5
61145,Domfront en Poiraie,2.3
61146,Dompierre,2.0
61148,Durcet,2.9
61149,Échalou,2.0
61150,Échauffour,2.6
61151,Écorcei,2.6
61152,Écorches,1.4
61153,Écouché-les-Vallées,3.4
61156,Essay,3.4
61158,Faverolles,2.7
61159,Fay,1.9
61160,Feings,3.2
61162,La Ferrière-au-Doyen,2.9
61163,La Ferrière-aux-Étangs,1.8
61164,La Ferrière-Béchet,1.6
61165,La Ferrière-Bochard,2.2
61166,Ferrières-la-Verrerie,2.2
61167,La Ferté-en-Ouche,2.0
61168,La Ferté Macé,2.8
61169,Flers,2.9
61170,Fleuré,3.2
61171,Fontaine-les-Bassets,2.8
61176,Francheville,2.4
61178,La Fresnaie-Fayel,2.2
61180,Fresnay-le-Samson,2.5
61181,Gacé,3.0
61182,Gandelain,2.1
61183,Gâprée,3.3
61187,Les Genettes,2.2
61188,La Genevraie,2.0
61189,Giel-Courteilles,2.1
61190,Ginai,1.7
61192,Godisson,3.0
61193,La Gonfrière,1.9
61194,Monts-sur-Orne,2.9
61195,Le Grais,2.6
61196,Belforêt-en-Perche,2.3
61197,Guêprei,2.0
61198,Guerquesalles,2.9
61199,Habloville,3.8
61202,Hauterive,4.2
61203,Héloup,2.8
61206,L'Hôme-Chamondot,2.3
61207,Igé,2.3
61208,Irai,1.6
61209,Joué-du-Bois,3.1
61210,Joué-du-Plain,3.3
61211,Juvigny Val d'Andaine,3.4
61212,Juvigny-sur-Orne,2.3
61213,Lalacelle,3.1
61214,L'Aigle,3.2
61215,Laleu,3.9
61216,La Lande-de-Goult,1.3
61217,La Lande-de-Lougé,3.1
61218,La Lande-Patry,2.9
61219,La Lande-Saint-Siméon,1.9
61221,Landigou,2.0
61222,Landisacq,3.4
61224,Larré,3.2
61225,Lignères,2.0
61227,Lignou,2.0
61228,L'Orée-d'Écouves,1.8
61229,Loisail,4.0
61230,Longny les Villages,1.6
61232,Lonlay-l'Abbaye,2.2
61233,Lonlay-le-Tesson,2.6
61234,Lonrai,2.5
61237,Lougé-sur-Maire,2.7
61238,Louvières-en-Auge,1.4
61240,Macé,3.1
61241,La Madeleine-Bouvet,2.5
61242,Le Mage,1.7
61243,Magny-le-Désert,2.3
61244,Mahéru,2.2
61248,Mantilly,1.8
61251,Marchemaisons,3.8
61252,Mardilly,2.7
61255,Mauves-sur-Huisne,3.5
61256,Médavy,3.2
61257,Méhoudin,2.8
61258,Le Mêle-sur-Sarthe,4.2
61259,Le Ménil-Bérard,2.6
61260,Le Ménil-de-Briouze,1.8
61261,Le Ménil-Broût,4.0
61262,Le Ménil-Ciboult,2.6
61263,Ménil-Erreux,2.7
61264,Ménil-Froger,2.5
61265,Ménil-Gondouin,2.7
61266,Le Ménil-Guyon,3.9
61267,Ménil-Hermei,2.8
61268,Ménil-Hubert-en-Exmes,1.8
61269,Ménil-Hubert-sur-Orne,2.9
61271,Le Ménil-Scelleur,2.6
61272,Le Ménil-Vicomte,2.0
61273,Ménil-Vin,2.8
61274,Les Menus,2.9
61275,Le Merlerault,3.1
61276,Merri,3.4
61277,La Mesnière,4.4
61278,Messei,2.0
61279,Mieuxcé,1.9
61281,Moncy,3.2
61283,Montabard,3.0
61284,Montchevrel,3.8
61286,Montgaudry,2.0
61287,Montilly-sur-Noireau,3.5
61288,Montmerrei,2.9
61289,Mont-Ormel,1.0
61290,Montreuil-au-Houlme,3.2
61291,Montreuil-la-Cambe,1.7
61292,Montsecret-Clairefougère,3.6
61293,Mortagne-au-Perche,4.1
61294,Mortrée,2.9
61295,La Motte-Fouquet,2.0
61297,Moulins-la-Marche,2.6
61298,Moulins-sur-Orne,2.9
61300,Moutiers-au-Perche,2.1
61301,Neauphe-sous-Essai,3.4
61302,Neauphe-sur-Dive,1.4
61303,Nécy,4.9
61304,Neuilly-le-Bisson,3.3
61307,Neuville-sur-Touques,2.0
61308,Neuvy-au-Houlme,3.8
61309,Perche en Nocé,3.2
61310,Nonant-le-Pin,2.9
61314,Occagnes,4.1
61316,Ommoy,2.5
61317,Orgères,2.6
61319,Origny-le-Roux,3.1
61321,Pacé,2.6
61322,Parfondeval,3.5
61323,Le Pas-Saint-l'Homer,3.1
61324,Passais Villages,1.8
61326,Perrou,2.3
61327,Pervenchères,2.9
61328,Le Pin-au-Haras,2.1
61329,Le Pin-la-Garenne,2.9
61330,Planches,2.5
61331,Le Plantis,3.0
61332,Pointel,2.4
61333,Pontchardon,2.5
61336,Pouvrai,1.3
61339,Putanges-le-Lac,2.4
61341,Écouves,2.1
61342,Rai,3.5
61344,Rânes,3.1
61345,Rémalard en Perche,2.5
61346,Le Renouard,1.9
61347,Résenlieu,2.9
61348,Réveillon,3.3
61349,Ri,3.9
61350,La Roche-Mabile,1.8
61351,Roiville,2.2
61352,Rônai,5.1
61357,Rouperroux,2.0
61358,Sai,2.7
61360,Saint-Agnan-sur-Sarthe,3.5
61361,Saint-André-de-Briouze,2.8
61362,Saint-André-de-Messei,1.8
61363,Saint-Aquilin-de-Corbion,2.8
61365,Saint-Aubin-d'Appenai,4.2
61366,Saint-Aubin-de-Bonneval,2.2
61367,Saint-Aubin-de-Courteraie,3.3
61369,Saint-Bômer-les-Forges,2.2
61370,Saint-Brice,2.0
61371,Saint-Brice-sous-Rânes,3.1
61372,Saint-Céneri-le-Gérei,1.5
61373,Sainte-Céronne-lès-Mortagne,4.3
61374,Saint-Christophe-de-Chaulieu,2.2
61375,Boischampré,3.0
61376,Saint-Clair-de-Halouze,2.4
61379,Saint-Cyr-la-Rosière,2.0
61381,Saint-Denis-sur-Huisne,3.5
61382,Saint-Denis-sur-Sarthon,2.9
61384,Saint-Ellier-les-Bois,2.1
61385,Saint-Evroult-de-Montfort,2.4
61386,Saint-Evroult-Notre-Dame-du-Bois,2.4
61387,Saint-Fraimbault,2.0
61388,Saint-Fulgent-des-Ormes,2.9
61389,Sainte-Gauburge-Sainte-Colombe,3.4
61390,Saint-Georges-d'Annebecq,2.7
61391,Saint-Georges-des-Groseillers,3.4
61392,Saint-Germain-d'Aunay,2.2
61393,Saint-Germain-de-Clairefeuille,2.9
61394,Saint-Germain-de-la-Coudre,2.5
61395,Saint-Germain-des-Grois,2.7
61396,Saint-Germain-de-Martigny,4.0
61397,Saint-Germain-du-Corbéis,3.2
61398,Saint-Germain-le-Vieux,3.6
61399,Saint-Gervais-des-Sablons,1.6
61400,Saint-Gervais-du-Perron,2.7
61401,Saint-Gilles-des-Marais,2.1
61402,Saint-Hilaire-de-Briouze,2.7
61404,Saint-Hilaire-le-Châtel,4.6
61405,Saint-Hilaire-sur-Erre,2.5
61406,Saint-Hilaire-sur-Risle,3.5
61407,Sainte-Honorine-la-Chardonne,3.1
61408,Sainte-Honorine-la-Guillaume,2.4
61411,Saint-Jouin-de-Blavou,3.1
61412,Saint-Julien-sur-Sarthe,3.9
61413,Saint-Lambert-sur-Dive,1.8
61414,Saint-Langis-lès-Mortagne,3.4
61415,Saint-Léger-sur-Sarthe,4.2
61416,Saint-Léonard-des-Parcs,2.8
61418,Saint-Mard-de-Réno,2.6
61419,Sainte-Marguerite-de-Carrouges,2.5
61420,Sainte-Marie-la-Robert,2.6
61421,Saint-Mars-d'Égrenne,1.7
61422,Les Aspres,2.9
61423,Saint-Martin-d'Écublei,3.2
61424,Saint-Martin-des-Landes,2.4
61425,Saint-Martin-des-Pézerits,2.9
61426,Saint-Martin-du-Vieux-Bellême,2.6
61427,Saint-Martin-l'Aiguillon,2.7
61429,Charencey,1.8
61432,Saint-Michel-Tubœuf,3.1
61433,Saint-Nicolas-des-Bois,1.1
61435,Saint-Nicolas-de-Sommaire,2.7
61436,Sainte-Opportune,2.3
61438,Saint-Ouen-de-Sécherouvre,4.1
61439,Saint-Ouen-le-Brisoult,1.5
61440,Saint-Ouen-sur-Iton,2.9
61442,Saint-Patrice-du-Désert,2.0
61443,Saint-Paul,2.9
61444,Saint-Philbert-sur-Orne,1.7
61445,Saint-Pierre-d'Entremont,3.2
61446,Saint-Pierre-des-Loges,2.4
61447,Saint-Pierre-du-Regard,3.5
61448,Saint-Pierre-la-Bruyère,3.0
61450,Saint-Quentin-de-Blavou,2.1
61451,Saint-Quentin-les-Chardonnets,2.4
61452,Saint-Roch-sur-Égrenne,1.8
61453,Saint-Sauveur-de-Carrouges,2.4
61454,Sainte-Scolasse-sur-Sarthe,3.6
61456,Saint-Sulpice-sur-Risle,3.0
61457,Saint-Symphorien-des-Bruyères,3.1
61459,Saires-la-Verrerie,1.4
61460,Sap-en-Auge,2.6
61461,Le Sap-André,2.3
61462,Sarceaux,4.1
61463,Les Monts d'Andaine,2.5
61464,Sées,3.5
61466,La Selle-la-Forge,2.6
61467,Semallé,3.5
61472,Sévigny,2.8
61473,Sevrai,3.3
61474,Gouffern en Auge,2.0
61475,Soligny-la-Trappe,3.7
61476,Suré,2.7
61479,Tanques,3.2
61480,Tanville,1.6
61481,Tellières-le-Plessis,2.9
61482,Tessé-Froulay,3.0
61483,Bagnoles de l'Orne Normandie,2.8
61484,Val-au-Perche,2.6
61485,Ticheville,2.6
61486,Tinchebray-Bocage,2.2
61487,Torchamp,1.5
61488,Touquettes,2.1
61490,Tournai-sur-Dive,1.7
61491,Tourouvre au Perche,3.3
61492,Trémont,3.0
61493,La Trinité-des-Laitiers,2.6
61494,Trun,2.0
61497,Valframbert,3.2
61498,Vaunoise,2.4
61499,Les Ventes-de-Bourse,3.1
61500,La Ventrouze,2.3
61501,Verrières,3.8
61502,Vidai,3.3
61503,Vieux-Pont,2.6
61505,Villedieu-lès-Bailleul,2.3
61507,Villiers-sous-Mortagne,4.0
61508,Vimoutiers,2.0
61510,Vitrai-sous-Laigle,2.3
61512,Les Yveteaux,2.6
62001,Ablain-Saint-Nazaire,1.9
62002,Ablainzevelle,4.0
62003,Acheville,3.9
62004,Achicourt,4.6
62005,Achiet-le-Grand,4.0
62006,Achiet-le-Petit,3.6
62007,Acq,3.8
62008,Acquin-Westbécourt,2.3
62009,Adinfer,3.3
62010,Affringues,1.8
62011,Agnez-lès-Duisans,4.7
62012,Agnières,3.6
62013,Agny,4.4
62014,Aire-sur-la-Lys,4.0
62015,Airon-Notre-Dame,6.6
62016,Airon-Saint-Vaast,5.7
62017,Aix-en-Ergny,2.5
62018,Aix-en-Issart,2.9
62019,Aix-Noulette,4.2
62020,Alembon,1.0
62021,Alette,2.1
62022,Alincthun,3.3
62023,Allouagne,3.4
62024,Alquines,0.8
62025,Ambleteuse,2.8
62026,Ambricourt,2.3
62027,Ambrines,3.7
62028,Ames,3.4
62029,Amettes,3.1
62030,Amplier,4.1
62031,Andres,2.5
62032,Angres,3.3
62033,Annay,4.8
62034,Annequin,4.4
62035,Annezin,3.8
62036,Anvin,3.3
62037,Anzin-Saint-Aubin,4.5
62038,Ardres,1.6
62039,Arleux-en-Gohelle,3.7
62040,Arques,3.7
62041,Arras,4.3
62042,Athies,4.1
62043,Les Attaques,4.4
62044,Attin,5.8
62045,Aubigny-en-Artois,3.5
62046,Aubin-Saint-Vaast,2.7
62047,Aubrometz,3.2
62048,Auchel,3.4
62049,Auchy-au-Bois,2.9
62050,Auchy-lès-Hesdin,3.1
62051,Auchy-les-Mines,4.7
62052,Audembert,4.2
62053,Audincthun,3.2
62054,Audinghen,2.5
62055,Audrehem,1.2
62056,Audresselles,2.5
62057,Audruicq,2.3
62058,Aumerval,2.6
62059,Autingues,1.5
62060,Auxi-le-Château,2.4
62061,Averdoingt,3.8
62062,Avesnes,2.0
62063,Avesnes-le-Comte,3.2
62064,Avesnes-lès-Bapaume,3.0
62065,Avion,5.1
62066,Avondance,2.6
62067,Avroult,3.4
62068,Ayette,3.9
62069,Azincourt,2.6
62070,Bailleul-aux-Cornailles,4.6
62071,Bailleul-lès-Pernes,2.4
62072,Bailleulmont,2.9
62073,Bailleul-Sir-Berthoult,4.7
62074,Bailleulval,2.9
62075,Baincthun,6.7
62076,Bainghen,1.4
62077,Bajus,3.2
62078,Balinghem,1.8
62079,Bancourt,2.6
62080,Bapaume,3.4
62081,Baralle,2.4
62082,Barastre,2.1
62083,Barlin,3.1
62084,Barly,3.1
62085,Basseux,3.0
62086,Bavincourt,2.7
62087,Bayenghem-lès-Éperlecques,2.0
62088,Bayenghem-lès-Seninghem,2.1
62089,Bazinghen,3.9
62090,Béalencourt,2.1
62091,Beaudricourt,2.8
62092,Beaufort-Blavincourt,2.3
62093,Beaulencourt,2.6
62094,Beaumerie-Saint-Martin,4.5
62095,Beaumetz-lès-Aire,2.3
62096,Beaumetz-lès-Cambrai,2.3
62097,Beaumetz-lès-Loges,3.8
62099,Beaurains,5.1
62100,Beaurainville,3.0
62101,Beauvois,4.7
62102,Bécourt,2.3
62103,Béhagnies,3.6
62104,Bellebrune,4.8
62105,Belle-et-Houllefort,5.0
62106,Bellonne,3.5
62107,Bénifontaine,6.8
62108,Berck,5.0
62109,Bergueneuse,2.8
62111,Berlencourt-le-Cauroy,2.8
62112,Berles-au-Bois,3.1
62113,Berles-Monchel,3.6
62114,Bermicourt,3.6
62115,Berneville,4.0
62116,Bernieulles,2.8
62117,Bertincourt,2.3
62118,Béthonsart,3.2
62119,Béthune,3.1
62120,Beugin,2.8
62121,Beugnâtre,3.0
62122,Beugny,3.3
62123,Beussent,2.7
62124,Beutin,6.6
62125,Beuvrequen,5.4
62126,Beuvry,4.4
62127,Bezinghem,3.0
62128,Biache-Saint-Vaast,2.8
62129,Biefvillers-lès-Bapaume,3.4
62130,Bienvillers-au-Bois,2.9
62131,Bihucourt,3.4
62132,Billy-Berclau,4.3
62133,Billy-Montigny,5.4
62134,Bimont,1.3
62135,Blairville,4.0
62137,Blangerval-Blangermont,3.7
62138,Blangy-sur-Ternoise,3.9
62139,Blendecques,4.5
62140,Bléquin,2.5
62141,Blessy,3.3
62142,Blingel,3.2
62143,Boffles,2.4
62144,Boiry-Becquerelle,3.9
62145,Boiry-Notre-Dame,3.7
62146,Boiry-Saint-Martin,4.0
62147,Boiry-Sainte-Rictrude,4.3
62148,Bois-Bernard,3.5
62149,Boisdinghem,2.1
62150,Boisjean,4.8
62151,Boisleux-au-Mont,4.2
62152,Boisleux-Saint-Marc,3.8
62153,Bomy,2.8
62154,Bonnières,3.4
62155,Bonningues-lès-Ardres,1.4
62156,Bonningues-lès-Calais,5.3
62157,Boubers-lès-Hesmond,2.1
62158,Boubers-sur-Canche,3.2
62160,Boulogne-sur-Mer,4.8
62161,Bouquehault,1.5
62162,Bourecq,3.6
62163,Bouret-sur-Canche,3.2
62164,Bourlon,2.8
62165,Bournonville,2.7
62166,Bours,2.6
62167,Boursin,1.6
62168,Bourthes,2.9
62169,Bouvelinghem,1.1
62170,Bouvigny-Boyeffles,3.7
62171,Boyaval,2.3
62172,Boyelles,4.5
62173,Brebières,4.2
62174,Brêmes,1.8
62175,Brévillers,2.9
62176,Bréxent-Énocq,5.5
62177,Brimeux,3.8
62178,Bruay-la-Buissière,3.3
62179,Brunembert,2.1
62180,Brias,3.8
62181,Bucquoy,3.5
62182,Buire-au-Bois,2.3
62183,Buire-le-Sec,3.1
62184,Buissy,2.1
62185,Bullecourt,2.7
62186,Bully-les-Mines,4.3
62187,Buneville,4.5
62188,Burbure,3.9
62189,Bus,2.4
62190,Busnes,3.9
62191,Caffiers,2.7
62192,Cagnicourt,2.3
62193,Calais,3.9
62194,Calonne-Ricouart,3.7
62195,Calonne-sur-la-Lys,4.5
62196,La Calotterie,6.6
62197,Camblain-Châtelain,3.4
62198,Cambligneul,3.7
62199,Camblain-l'Abbé,4.0
62200,Cambrin,5.0
62201,Camiers,4.3
62202,Campagne-lès-Boulonnais,2.6
62203,Campagne-lès-Guines,1.9
62204,Campagne-lès-Hesdin,3.0
62205,Campagne-lès-Wardrecques,3.7
62206,Campigneulles-les-Grandes,6.0
62207,Campigneulles-les-Petites,5.8
62208,Canettemont,2.4
62209,Canlers,2.8
62211,Capelle-Fermont,3.3
62212,Capelle-lès-Hesdin,2.5
62213,Carency,2.5
62214,Carly,4.4
62215,Carvin,5.0
62216,La Cauchie,2.7
62217,Cauchy-à-la-Tour,3.4
62218,Caucourt,2.4
62219,Caumont,2.3
62220,Cavron-Saint-Martin,2.6
62221,Chelers,3.8
62222,Chériennes,2.4
62223,Chérisy,3.3
62224,Chocques,3.9
62225,Clairmarais,3.1
62227,Clenleu,2.2
62228,Clerques,1.3
62229,Cléty,3.6
62230,Colembert,2.5
62231,Colline-Beaumont,5.1
62232,La Comté,3.2
62233,Conchil-le-Temple,5.9
62234,Conchy-sur-Canche,3.3
62235,Condette,4.8
62236,Contes,2.7
62237,Conteville-lès-Boulogne,5.1
62238,Conteville-en-Ternois,2.8
62239,Coquelles,4.8
62240,Corbehem,3.4
62241,Cormont,4.0
62242,Couin,2.5
62243,Coullemont,2.1
62244,Coulogne,4.4
62245,Coulomby,1.8
62246,Coupelle-Neuve,2.4
62247,Coupelle-Vieille,3.0
62248,Courcelles-le-Comte,3.8
62249,Courcelles-lès-Lens,5.7
62250,Courrières,5.2
62251,Courset,2.9
62252,La Couture,4.6
62253,Couturelle,2.2
62254,Coyecques,3.6
62255,Crémarest,3.9
62256,Crépy,2.3
62257,Créquy,2.4
62258,Croisette,4.6
62259,Croisilles,2.8
62260,Croix-en-Ternois,4.4
62261,Cucq,6.8
62262,Cuinchy,4.5
62263,Dainville,4.2
62264,Dannes,3.8
62265,Delettes,3.5
62266,Denier,1.9
62267,Dennebrœucq,3.0
62268,Desvres,3.0
62269,Diéval,2.5
62270,Divion,3.5
62271,Dohem,2.7
62272,Douchy-lès-Ayette,3.4
62273,Doudeauville,2.5
62274,Dourges,5.5
62275,Douriez,2.5
62276,Douvrin,5.0
62277,Drocourt,4.1
62278,Drouvin-le-Marais,4.2
62279,Duisans,4.4
62280,Dury,2.6
62281,Echinghen,5.7
62282,Éclimeux,4.0
62283,Écoivres,4.0
62284,Écourt-Saint-Quentin,2.5
62285,Écoust-Saint-Mein,2.9
62286,Ecquedecques,4.0
62288,Ecques,4.9
62289,Écuires,5.3
62290,Écurie,6.5
62291,Éleu-dit-Leauwette,4.5
62292,Elnes,2.0
62293,Embry,2.1
62295,Enquin-lez-Guinegatte,3.3
62296,Enquin-sur-Baillons,2.3
62297,Éperlecques,2.6
62298,Épinoy,3.3
62299,Eps,2.5
62300,Équihen-Plage,4.0
62301,Équirre,2.7
62302,Ergny,2.5
62303,Érin,3.0
62304,Erny-Saint-Julien,2.3
62306,Ervillers,3.8
62307,Escalles,3.3
62308,Escœuilles,2.5
62309,Esquerdes,3.2
62310,Essars,5.0
62311,Estevelles,3.8
62312,Estrée,3.7
62313,Estrée-Blanche,3.3
62314,Estrée-Cauchy,3.0
62315,Estréelles,3.5
62316,Estrée-Wamin,2.7
62317,Étaing,2.7
62318,Étaples,6.0
62319,Éterpigny,2.9
62320,Étrun,4.6
62321,Évin-Malmaison,6.4
62322,Famechon,3.2
62323,Fampoux,3.2
62324,Farbus,4.3
62325,Fauquembergues,3.0
62326,Favreuil,3.1
62327,Febvin-Palfart,2.0
62328,Ferfay,3.5
62329,Ferques,3.8
62330,Festubert,4.9
62331,Feuchy,4.3
62332,Ficheux,3.8
62333,Fiefs,1.6
62334,Fiennes,2.1
62335,Fillièvres,3.9
62336,Fléchin,2.1
62337,Flers,3.2
62338,Fleurbaix,6.5
62339,Fleury,2.7
62340,Floringhem,2.9
62341,Foncquevillers,3.2
62342,Fontaine-lès-Boulans,1.7
62343,Fontaine-lès-Croisilles,2.2
62344,Fontaine-lès-Hermans,2.0
62345,Fontaine-l'Étalon,3.0
62346,Fortel-en-Artois,2.8
62347,Fosseux,3.1
62348,Foufflin-Ricametz,4.1
62349,Fouquereuil,5.0
62350,Fouquières-lès-Béthune,5.0
62351,Fouquières-lès-Lens,5.3
62352,Framecourt,4.4
62353,Frémicourt,2.8
62354,Frencq,4.4
62355,Fresnes-lès-Montauban,8.2
62356,Fresnicourt-le-Dolmen,2.7
62357,Fresnoy,2.7
62358,Fresnoy-en-Gohelle,4.5
62359,Fressin,2.4
62360,Fréthun,4.1
62361,Frévent,3.2
62362,Frévillers,3.3
62363,Frévin-Capelle,3.5
62364,Fruges,2.9
62365,Galametz,2.6
62366,Gauchin-Légal,3.0
62367,Gauchin-Verloingt,4.4
62368,Gaudiempré,2.1
62369,Gavrelle,4.8
62370,Gennes-Ivergny,2.6
62371,Givenchy-en-Gohelle,4.2
62372,Givenchy-le-Noble,3.5
62373,Givenchy-lès-la-Bassée,4.1
62374,Gomiécourt,3.2
62375,Gommecourt,2.9
62376,Gonnehem,3.9
62377,Gosnay,4.3
62378,Gouves,3.6
62379,Gouy-en-Artois,2.6
62380,Gouy-Servins,3.1
62381,Gouy-en-Ternois,4.0
62382,Gouy-Saint-André,3.1
62383,Gouy-sous-Bellonne,2.8
62384,Graincourt-lès-Havrincourt,2.5
62385,Grand-Rullecourt,3.1
62386,Grenay,4.1
62387,Grévillers,3.2
62388,Grigny,2.8
62389,Grincourt-lès-Pas,2.2
62390,Groffliers,5.3
62391,Guarbecque,3.4
62392,Guémappe,4.3
62393,Guemps,3.4
62395,Guigny,2.0
62396,Guinecourt,3.8
62397,Guînes,3.2
62398,Guisy,2.7
62399,Habarcq,3.8
62400,Haillicourt,3.7
62401,Haisnes,4.0
62402,Halinghen,3.1
62403,Hallines,3.0
62404,Halloy,2.7
62405,Hamblain-les-Prés,3.0
62406,Hamelincourt,3.8
62407,Ham-en-Artois,3.8
62408,Hames-Boucres,3.3
62409,Hannescamps,2.9
62410,Haplincourt,2.7
62411,Haravesnes,2.4
62412,Hardinghen,1.6
62413,Harnes,4.0
62414,Haucourt,3.6
62415,Haute-Avesnes,4.5
62416,Hautecloque,4.2
62418,Hauteville,2.9
62419,Haut-Loquin,1.1
62421,Havrincourt,2.5
62422,Hébuterne,3.0
62423,Helfaut,4.3
62424,Hendecourt-lès-Cagnicourt,3.2
62425,Hendecourt-lès-Ransart,3.6
62426,Héninel,4.5
62427,Hénin-Beaumont,4.7
62428,Hénin-sur-Cojeul,4.0
62429,Henneveux,2.5
62430,Hénu,2.3
62432,Herbinghen,1.1
62433,Héricourt,3.7
62434,La Herlière,2.4
62435,Herlincourt,4.1
62436,Herlin-le-Sec,4.5
62437,Herly,2.4
62438,Hermaville,3.4
62439,Hermelinghen,1.7
62440,Hermies,2.7
62441,Hermin,2.4
62442,Hernicourt,3.5
62443,Hersin-Coupigny,3.9
62444,Hervelinghen,4.0
62445,Hesdigneul-lès-Béthune,5.4
62446,Hesdigneul-lès-Boulogne,5.5
62447,Hesdin,2.6
62448,Hesdin-l'Abbé,5.4
62449,Hesmond,2.2
62450,Hestrus,2.7
62451,Heuchin,2.5
62452,Heuringhem,4.5
62453,Hézecques,2.4
62454,Hinges,4.0
62455,Hocquinghen,1.3
62456,Houchin,3.1
62457,Houdain,3.2
62458,Houlle,3.1
62459,Houvin-Houvigneul,3.6
62460,Hubersent,4.1
62461,Huby-Saint-Leu,2.6
62462,Huclier,3.0
62463,Hucqueliers,1.8
62464,Hulluch,5.7
62465,Humbercamps,2.6
62466,Humbert,1.8
62467,Humerœuille,4.0
62468,Humières,4.1
62469,Inchy-en-Artois,2.2
62470,Incourt,3.5
62471,Bellinghem,4.6
62472,Inxent,2.1
62473,Isbergues,3.3
62474,Isques,6.5
62475,Ivergny,2.0
62476,Izel-lès-Équerchin,3.9
62477,Izel-lès-Hameau,4.0
62478,Journy,0.9
62479,Labeuvrière,3.7
62480,Labourse,3.6
62481,Labroye,2.7
62483,Lacres,2.8
62484,Lagnicourt-Marcel,2.8
62485,Laires,2.6
62486,Lambres,4.0
62487,Landrethun-le-Nord,4.2
62488,Landrethun-lès-Ardres,1.3
62489,Lapugnoy,3.6
62490,Lattre-Saint-Quentin,3.0
62491,Laventie,5.5
62492,Lebiez,2.4
62493,Lebucquière,2.3
62494,Léchelle,2.0
62495,Ledinghem,2.2
62496,Lefaux,4.3
62497,Leforest,3.6
62498,Lens,5.9
62499,Lépine,4.4
62500,Lespesses,3.5
62501,Lespinoy,3.2
62502,Lestrem,3.9
62503,Leubringhen,5.0
62504,Leulinghem,3.3
62505,Leulinghen-Bernes,5.7
62506,Licques,1.1
62507,Liencourt,2.3
62508,Lières,3.7
62509,Liettres,3.0
62510,Liévin,4.5
62511,Lignereuil,2.8
62512,Ligny-lès-Aire,2.5
62513,Ligny-sur-Canche,3.2
62514,Ligny-Saint-Flochel,5.1
62515,Ligny-Thilloy,3.7
62516,Lillers,3.9
62517,Linghem,3.5
62518,Linzeux,3.6
62519,Lisbourg,1.7
62520,Locon,4.5
62521,La Loge,2.9
62522,Loison-sur-Créquoise,2.7
62523,Loison-sous-Lens,6.6
62524,Longfossé,2.9
62525,Longuenesse,3.9
62526,Longueville,2.8
62527,Longvilliers,3.9
62528,Loos-en-Gohelle,5.9
62529,Lorgies,5.6
62530,Lottinghen,1.7
62531,Louches,1.8
62532,Lozinghem,3.7
62533,Lugy,2.2
62534,Lumbres,1.6
62535,La Madelaine-sous-Montreuil,6.1
62536,Magnicourt-en-Comte,3.2
62537,Magnicourt-sur-Canche,4.1
62538,Maintenay,3.3
62539,Maisnil,4.5
62540,Maisnil-lès-Ruitz,4.0
62541,Maisoncelle,2.3
62542,Maizières,4.1
62543,Mametz,3.4
62544,Manin,3.0
62545,Maninghem,1.9
62546,Maninghen-Henne,5.9
62547,Marant,3.5
62548,Marck,4.5
62549,Marconne,2.7
62550,Marconnelle,2.7
62551,Marenla,2.8
62552,Maresquel-Ecquemicourt,2.7
62553,Marest,2.7
62554,Maresville,4.7
62555,Marles-les-Mines,3.4
62556,Marles-sur-Canche,4.1
62557,Marœuil,4.3
62558,Marquay,4.2
62559,Marquion,3.1
62560,Marquise,5.3
62561,Martinpuich,4.4
62562,Matringhem,2.8
62563,Mazingarbe,3.6
62564,Mazinghem,3.6
62565,Mencas,2.7
62566,Menneville,2.9
62567,Mentque-Nortbécourt,1.7
62568,Mercatel,4.4
62569,Merck-Saint-Liévin,2.7
62570,Méricourt,3.3
62571,Merlimont,7.3
62572,Metz-en-Couture,1.9
62573,Meurchin,4.9
62574,Mingoval,2.5
62576,Moncheaux-lès-Frévent,3.6
62577,Monchel-sur-Canche,3.4
62578,Monchiet,2.5
62579,Monchy-au-Bois,2.6
62580,Monchy-Breton,3.2
62581,Monchy-Cayeux,3.2
62582,Monchy-le-Preux,4.4
62583,Mondicourt,2.7
62584,Mont-Bernanchon,4.0
62585,Montcavrel,3.1
62586,Montenescourt,3.4
62587,Montigny-en-Gohelle,6.0
62588,Montreuil-sur-Mer,5.0
62589,Mont-Saint-Éloi,4.1
62590,Monts-en-Ternois,3.7
62591,Morchies,2.7
62592,Moringhem,2.4
62593,Morval,1.9
62594,Mory,3.4
62595,Moulle,3.3
62596,Mouriez,2.9
62597,Moyenneville,3.2
62598,Muncq-Nieurlet,2.5
62599,Nabringhen,3.2
62600,Nédon,3.0
62601,Nédonchel,2.2
62602,Nempont-Saint-Firmin,4.6
62603,Nesles,2.9
62604,Neufchâtel-Hardelot,3.9
62605,Neulette,3.7
62606,Neuve-Chapelle,4.8
62607,Neuville-au-Cornet,4.5
62608,Neuville-Bourjonval,1.4
62609,Neuville-Saint-Vaast,5.7
62610,Neuville-sous-Montreuil,5.2
62611,Neuville-Vitasse,4.6
62612,Neuvireuil,5.5
62613,Nielles-lès-Bléquin,2.7
62614,Nielles-lès-Ardres,1.8
62615,Nielles-lès-Calais,4.6
62616,Nœux-lès-Auxi,2.8
62617,Nœux-les-Mines,4.1
62618,Nordausques,3.7
62619,Noreuil,2.7
62620,Norrent-Fontes,3.3
62621,Nortkerque,2.2
62622,Nort-Leulinghem,1.7
62623,Nouvelle-Église,5.2
62624,Noyelles-Godault,7.8
62625,Noyelles-lès-Humières,3.6
62626,Noyelles-lès-Vermelles,4.0
62627,Noyelles-sous-Bellonne,3.3
62628,Noyelles-sous-Lens,7.5
62629,Noyellette,3.2
62630,Noyelle-Vion,3.0
62631,Nuncq-Hautecôte,3.7
62632,Oblinghem,3.7
62633,Œuf-en-Ternois,3.8
62634,Offekerque,3.4
62635,Offin,2.7
62636,Offrethun,5.1
62637,Oignies,4.4
62638,Oisy-le-Verger,2.9
62639,Oppy,5.0
62640,Orville,3.8
62641,Ostreville,4.0
62642,Ourton,3.7
62643,Outreau,5.9
62644,Ouve-Wirquin,3.2
62645,Oye-Plage,3.1
62646,Palluel,2.6
62647,Le Parcq,3.7
62648,Parenty,2.9
62649,Pas-en-Artois,2.3
62650,Pelves,2.9
62651,Penin,3.5
62652,Pernes,3.2
62653,Pernes-lès-Boulogne,4.7
62654,Peuplingues,5.2
62655,Pierremont,4.3
62656,Pihem,3.4
62657,Pihen-lès-Guînes,4.7
62658,Pittefaux,5.5
62659,Planques,1.9
62660,Plouvain,3.8
62661,Bouin-Plumoison,2.9
62662,Polincove,2.6
62663,Pommera,2.6
62664,Pommier,2.9
62665,Le Ponchel,2.4
62666,Pont-à-Vendin,3.9
62667,Le Portel,3.5
62668,Prédefin,1.8
62669,Pressy,2.6
62670,Preures,2.0
62671,Pronville-en-Artois,2.7
62672,Puisieux,3.1
62673,Quéant,2.7
62674,Quelmes,2.7
62675,Quercamps,1.5
62676,Quernes,4.0
62677,Le Quesnoy-en-Artois,2.6
62678,Quesques,1.7
62679,Questrecques,3.3
62680,Quiéry-la-Motte,3.4
62681,Quiestède,4.2
62682,Quilen,1.4
62683,Quœux-Haut-Maînil,2.4
62684,Racquinghem,4.6
62685,Radinghem,2.6
62686,Ramecourt,4.3
62688,Rang-du-Fliers,6.5
62689,Ransart,3.6
62690,Raye-sur-Authie,2.3
62691,Saint-Augustin,4.0
62692,Rebergues,1.3
62693,Rebreuve-Ranchicourt,3.6
62694,Rebreuve-sur-Canche,2.6
62695,Rebreuviette,3.1
62696,Reclinghem,3.0
62697,Récourt,2.8
62698,Recques-sur-Course,2.8
62699,Recques-sur-Hem,2.6
62700,Regnauville,2.4
62701,Rely,3.1
62702,Remilly-Wirquin,3.4
62703,Rémy,3.4
62704,Renty,2.8
62705,Rety,2.9
62706,Richebourg,4.8
62708,Riencourt-lès-Bapaume,2.6
62709,Riencourt-lès-Cagnicourt,2.5
62710,Rimboval,2.4
62711,Rinxent,2.8
62712,Rivière,3.8
62713,Robecq,4.6
62714,Roclincourt,5.9
62715,Rocquigny,2.3
62716,Rodelinghem,1.7
62717,Roëllecourt,4.8
62718,Rœux,3.1
62719,Rollancourt,2.5
62720,Rombly,3.8
62721,Roquetoire,4.3
62722,Rougefay,2.4
62723,Roussent,3.5
62724,Rouvroy,3.6
62725,Royon,2.3
62726,Ruisseauville,3.1
62727,Ruitz,4.0
62728,Rumaucourt,2.4
62729,Rumilly,2.3
62730,Ruminghem,1.8
62731,Ruyaulcourt,2.1
62732,Sachin,2.4
62733,Sailly-au-Bois,2.8
62734,Sailly-en-Ostrevent,2.8
62735,Sailly-Labourse,4.5
62736,Sailly-sur-la-Lys,5.9
62737,Sains-en-Gohelle,4.2
62738,Sains-lès-Fressin,1.6
62739,Sains-lès-Marquion,2.4
62740,Sains-lès-Pernes,2.5
62741,Saint-Amand,2.3
62742,Saint-Aubin,7.2
62743,Sainte-Austreberthe,2.8
62744,Sainte-Catherine,4.6
62745,Saint-Denœux,2.4
62746,Saint-Étienne-au-Mont,5.3
62747,Saint-Floris,3.7
62748,Saint-Folquin,4.8
62749,Saint-Georges,2.4
62750,Saint-Hilaire-Cottes,3.4
62751,Saint-Inglevert,6.2
62752,Saint-Josse,6.9
62753,Saint-Laurent-Blangy,6.2
62754,Saint-Léger,3.1
62755,Saint-Léonard,6.4
62756,Sainte-Marie-Kerque,2.4
62757,Saint-Martin-lez-Tatinghem,3.7
62758,Saint-Martin-Boulogne,6.5
62759,Saint-Martin-Choquel,2.6
62760,Saint-Martin-d'Hardinghem,3.2
62761,Saint-Martin-sur-Cojeul,3.6
62762,Saint-Michel-sous-Bois,2.1
62763,Saint-Michel-sur-Ternoise,4.3
62764,Saint-Nicolas,5.6
62765,Saint-Omer,3.6
62766,Saint-Omer-Capelle,3.8
62767,Saint-Pol-sur-Ternoise,4.3
62768,Saint-Rémy-au-Bois,3.2
62769,Saint-Tricat,3.5
62770,Saint-Venant,3.4
62771,Sallaumines,5.3
62772,Salperwick,3.1
62773,Samer,3.7
62774,Sangatte,3.3
62775,Sanghen,0.8
62776,Sapignies,3.4
62777,Le Sars,3.9
62778,Sars-le-Bois,2.7
62779,Sarton,4.2
62780,Sauchy-Cauchy,2.4
62781,Sauchy-Lestrée,2.5
62782,Saudemont,2.5
62783,Saulchoy,3.3
62784,Saulty,2.0
62785,Savy-Berlette,4.1
62786,Selles,2.8
62787,Sempy,2.4
62788,Seninghem,1.9
62789,Senlecques,2.8
62790,Senlis,2.8
62791,Séricourt,3.4
62792,Serques,3.6
62793,Servins,4.1
62794,Setques,3.6
62795,Sibiville,3.4
62796,Simencourt,3.1
62797,Siracourt,4.4
62798,Sombrin,2.6
62799,Sorrus,6.2
62800,Souastre,2.4
62801,Souchez,3.8
62802,Le Souich,2.6
62803,Surques,2.1
62804,Sus-Saint-Léger,2.1
62805,Tangry,2.8
62806,Tardinghen,2.5
62808,Teneur,2.5
62809,Ternas,4.2
62810,Thélus,6.2
62811,Thérouanne,3.9
62812,Thiembronne,2.8
62813,La Thieuloye,3.2
62814,Thièvres,3.5
62815,Tigny-Noyelle,4.4
62816,Tilloy-lès-Hermaville,4.2
62817,Tilloy-lès-Mofflaines,5.3
62818,Tilly-Capelle,2.8
62819,Tilques,3.4
62820,Tincques,4.0
62821,Tingry,3.0
62822,Tollent,2.8
62823,Torcy,1.9
62824,Tortefontaine,2.3
62825,Tortequesne,2.6
62826,Le Touquet-Paris-Plage,5.7
62827,Tournehem-sur-la-Hem,2.0
62828,Tramecourt,2.2
62829,Le Transloy,3.3
62830,Trescault,2.7
62831,Troisvaux,3.0
62832,Tubersent,6.2
62833,Vacquerie-le-Boucq,3.5
62834,Vacqueriette-Erquières,2.3
62835,Valhuon,3.3
62836,Vaudricourt,5.2
62837,Vaudringhem,2.5
62838,Vaulx,1.8
62839,Vaulx-Vraucourt,3.2
62840,Vélu,2.6
62841,Vendin-lès-Béthune,4.6
62842,Vendin-le-Vieil,5.6
62843,Verchin,2.6
62844,Verchocq,3.1
62845,Verlincthun,3.5
62846,Vermelles,4.4
62847,Verquigneul,3.6
62848,Verquin,4.7
62849,Verton,6.2
62850,Vieil-Hesdin,2.5
62851,Vieille-Chapelle,4.3
62852,Vieille-Église,3.9
62853,Vieil-Moutier,2.3
62854,Villers-au-Bois,3.3
62855,Villers-au-Flos,2.5
62856,Villers-Brûlin,3.2
62857,Villers-Châtel,2.8
62858,Villers-lès-Cagnicourt,2.7
62859,Villers-l'Hôpital,2.9
62860,Villers-Sir-Simon,3.7
62861,Vimy,4.8
62862,Vincly,2.7
62863,Violaines,4.5
62864,Vis-en-Artois,4.0
62865,Vitry-en-Artois,4.1
62866,Waben,5.9
62867,Wacquinghen,6.3
62868,Wail,3.7
62869,Wailly,4.3
62870,Wailly-Beaucamp,6.0
62871,Wambercourt,2.6
62872,Wamin,2.8
62873,Wancourt,4.4
62874,Wanquetin,3.5
62875,Wardrecques,4.8
62876,Warlencourt-Eaucourt,3.5
62877,Warlincourt-lès-Pas,1.7
62878,Warlus,4.1
62879,Warluzel,2.2
62880,Le Wast,4.7
62881,Beauvoir-Wavans,2.9
62882,Wavrans-sur-l'Aa,2.6
62883,Wavrans-sur-Ternoise,3.6
62885,Westrehem,2.1
62886,Wicquinghem,2.0
62887,Widehem,3.1
62888,Wierre-au-Bois,3.7
62889,Wierre-Effroy,3.4
62890,Willeman,3.2
62891,Willencourt,2.3
62892,Willerval,4.8
62893,Wimereux,4.4
62894,Wimille,6.8
62895,Wingles,5.4
62896,Wirwignes,4.3
62897,Wismes,1.9
62898,Wisques,3.2
62899,Wissant,2.6
62900,Witternesse,3.6
62901,Wittes,4.4
62902,Wizernes,4.1
62903,Zoteux,2.6
62904,Zouafques,3.5
62905,Zudausques,3.1
62906,Zutkerque,2.4
62907,Libercourt,4.2
62908,La Capelle-lès-Boulogne,5.8
62909,Ytres,1.9
63001,Aigueperse,2.9
63002,Aix-la-Fayette,0.0
63003,Ambert,2.5
63004,Les Ancizes-Comps,2.8
63005,Antoingt,2.1
63006,Anzat-le-Luguet,0.0
63007,Apchat,2.3
63008,Arconsat,2.5
63009,Ardes,2.2
63010,Arlanc,2.8
63011,Ars-les-Favets,5.2
63012,Artonne,3.0
63013,Aubiat,2.7
63014,Aubière,5.3
63015,Aubusson-d'Auvergne,2.0
63016,Augerolles,2.1
63017,Augnat,3.1
63019,Aulnat,6.1
63020,Aurières,3.1
63021,Authezat,6.6
63022,Auzat-la-Combelle,4.5
63023,Auzelles,3.2
63024,Avèze,3.2
63025,Ayat-sur-Sioule,3.9
63026,Aydat,2.5
63027,Baffie,1.3
63028,Bagnols,3.5
63029,Bansat,4.7
63030,Bas-et-Lezat,2.0
63031,Beaulieu,4.5
63032,Beaumont,4.0
63033,Beaumont-lès-Randan,2.4
63034,Beauregard-l'Évêque,3.2
63035,Beauregard-Vendon,3.5
63036,Bergonne,3.6
63037,Bertignat,0.6
63038,Besse-et-Saint-Anastaise,6.1
63039,Beurières,1.4
63040,Billom,2.9
63041,Biollet,1.9
63042,Blanzat,3.2
63043,Blot-l'Église,2.3
63044,Bongheat,1.5
63045,Bort-l'Étang,2.7
63046,Boudes,3.0
63047,La Bourboule,6.7
63048,Bourg-Lastic,3.8
63049,Bouzel,3.2
63050,Brassac-les-Mines,3.4
63051,Brenat,4.6
63052,Le Breuil-sur-Couze,6.3
63053,Briffons,1.2
63054,Le Broc,4.7
63055,Bromont-Lamothe,6.3
63056,Brousse,2.0
63057,Le Brugeron,0.4
63058,Bulhon,3.5
63059,Busséol,2.9
63060,Bussières,0.8
63061,Bussières-et-Pruns,2.6
63062,Buxières-sous-Montaigut,2.4
63063,Cébazat,4.8
63064,La Celle,3.6
63065,Ceilloux,3.6
63066,Celles-sur-Durolle,3.6
63067,La Cellette,5.2
63069,Le Cendre,4.8
63070,Ceyrat,3.9
63071,Ceyssat,5.7
63072,Chabreloche,4.1
63073,Chadeleuf,3.6
63074,Chalus,3.0
63075,Chamalières,3.4
63076,Chambon-sur-Dolore,0.0
63077,Chambon-sur-Lac,4.3
63079,Champagnat-le-Jeune,3.7
63080,Champeix,2.0
63081,Champétières,2.0
63082,Champs,3.0
63083,Chanat-la-Mouteyre,3.2
63084,Chanonat,4.1
63085,Chapdes-Beaufort,5.8
63086,La Chapelle-Agnon,3.4
63087,La Chapelle-Marcousse,2.0
63088,La Chapelle-sur-Usson,4.2
63089,Chappes,3.1
63090,Chaptuzat,1.7
63091,Charbonnier-les-Mines,5.3
63092,Charbonnières-les-Varennes,1.9
63093,Charbonnières-les-Vieilles,1.5
63094,Charensat,1.2
63095,Charnat,3.0
63096,Chas,2.9
63097,Chassagne,0.0
63098,Chastreix,2.3
63099,Châteaugay,3.0
63100,Châteauneuf-les-Bains,4.5
63101,Château-sur-Cher,0.0
63102,Châteldon,2.5
63103,Châtel-Guyon,3.0
63104,La Chaulme,3.5
63105,Chaumont-le-Bourg,1.8
63106,Chauriat,3.4
63107,Chavaroux,3.6
63108,Le Cheix,3.6
63109,Chidrac,3.6
63110,Cisternes-la-Forêt,1.5
63111,Clémensat,1.3
63112,Clerlande,3.3
63113,Clermont-Ferrand,4.3
63114,Collanges,3.7
63115,Combrailles,1.8
63116,Combronde,4.3
63117,Compains,2.3
63118,Condat-en-Combraille,4.2
63119,Condat-lès-Montboissier,1.5
63120,Corent,3.4
63121,Coudes,7.1
63122,Courgoul,2.5
63123,Cournols,1.3
63124,Cournon-d'Auvergne,4.8
63125,Courpière,2.5
63126,Le Crest,5.6
63128,Crevant-Laveine,3.3
63129,Cros,3.4
63130,La Crouzille,5.7
63131,Culhat,3.4
63132,Cunlhat,5.0
63134,Dauzat-sur-Vodable,0.9
63135,Davayat,3.5
63136,Domaize,4.4
63137,Doranges,0.0
63138,Dorat,3.7
63139,Dore-l'Église,3.6
63140,Durmignat,1.3
63141,Durtol,3.9
63142,Échandelys,2.7
63143,Effiat,2.4
63144,Égliseneuve-d'Entraigues,4.4
63145,Égliseneuve-des-Liards,1.0
63146,Égliseneuve-près-Billom,1.7
63147,Églisolles,4.2
63148,Ennezat,3.0
63149,Entraigues,3.3
63150,Enval,3.3
63151,Escoutoux,2.2
63152,Espinasse,1.7
63153,Espinchal,2.7
63154,Espirat,2.8
63155,Estandeuil,0.8
63156,Esteil,3.9
63157,Fayet-le-Château,0.6
63158,Fayet-Ronaye,1.2
63159,Fernoël,3.3
63160,Aulhat-Flat,4.3
63161,La Forie,2.1
63162,Fournols,0.0
63163,Gelles,3.8
63164,Gerzat,6.0
63165,Giat,3.0
63166,Gignat,3.7
63167,Gimeaux,3.2
63168,Glaine-Montaigut,2.7
63169,La Godivelle,1.8
63170,La Goutelle,5.4
63171,Gouttières,3.8
63172,Grandeyrolles,2.2
63173,Grandrif,2.4
63174,Grandval,0.0
63175,Herment,1.5
63176,Heume-l'Église,1.6
63177,Isserteaux,0.8
63178,Issoire,4.8
63179,Job,1.2
63180,Joze,3.6
63181,Jozerand,3.3
63182,Jumeaux,3.7
63183,Labessette,2.6
63184,Lachaux,0.2
63185,Lamontgie,5.4
63186,Landogne,2.7
63187,Lapeyrouse,2.3
63188,Laps,3.0
63189,Laqueuille,5.8
63190,Larodde,1.8
63191,Lastic,1.7
63192,La Tour-d'Auvergne,4.0
63193,Lempdes,7.7
63194,Lempty,3.9
63195,Lezoux,3.2
63196,Limons,2.8
63197,Lisseuil,4.1
63198,Loubeyrat,2.6
63199,Ludesse,2.0
63200,Lussat,4.1
63201,Luzillat,3.0
63202,Madriat,4.3
63203,Malauzat,3.7
63204,Malintrat,3.8
63205,Manglieu,1.3
63206,Manzat,2.3
63207,Marat,0.6
63208,Marcillat,1.7
63209,Mareugheol,2.0
63210,Maringues,2.7
63211,Marsac-en-Livradois,2.4
63212,Marsat,3.8
63213,Les Martres-d'Artière,3.3
63214,Les Martres-de-Veyre,4.8
63215,Martres-sur-Morge,3.4
63216,Mauzun,1.5
63218,Mayres,0.4
63219,Mazaye,7.1
63220,Mazoires,0.7
63221,Medeyrolles,2.3
63222,Meilhaud,3.1
63223,Menat,3.0
63224,Ménétrol,4.5
63225,Messeix,3.5
63226,Mur-sur-Allier,4.0
63227,Mirefleurs,4.4
63228,Miremont,2.9
63229,Moissat,3.2
63230,Le Monestier,1.2
63231,La Monnerie-le-Montel,3.5
63232,Mons,2.9
63233,Montaigut-en-Combraille,3.7
63234,Montaigut-le-Blanc,2.4
63235,Montcel,3.4
63236,Mont-Dore,5.3
63237,Montel-de-Gelat,3.8
63238,Montfermy,2.5
63239,Montmorin,1.0
63240,Montpensier,2.0
63241,Montpeyroux,7.2
63242,Moriat,6.9
63243,Moureuille,1.3
63244,Chambaron sur Morge,3.3
63245,Mozac,3.7
63246,Murat-le-Quaire,6.1
63247,Murol,6.0
63248,Nébouzat,4.3
63249,Néronde-sur-Dore,3.0
63250,Neschers,3.4
63251,Neuf-Église,3.0
63252,Neuville,1.9
63253,Noalhat,2.7
63254,Nohanent,2.8
63255,Nonette-Orsonnette,3.1
63256,Novacelles,0.4
63257,Olby,5.3
63258,Olliergues,2.9
63259,Olloix,1.7
63260,Olmet,1.8
63261,Orbeil,7.1
63262,Orcet,5.4
63263,Orcines,4.0
63264,Orcival,3.9
63265,Orléat,2.4
63267,Palladuc,2.0
63268,Pardines,3.7
63269,Parent,4.9
63270,Parentignat,6.7
63271,Paslières,2.7
63272,Pérignat-lès-Sarliève,7.9
63273,Pérignat-sur-Allier,4.2
63274,Perpezat,3.1
63275,Perrier,4.3
63276,Peschadoires,3.0
63277,Peslières,1.3
63278,Pessat-Villeneuve,4.3
63279,Picherande,1.6
63280,Pignols,1.8
63281,Pionsat,5.2
63282,Plauzat,4.7
63283,Pontaumur,3.1
63284,Pont-du-Château,4.1
63285,Pontgibaud,5.6
63286,Pouzol,1.1
63287,Les Pradeaux,5.4
63288,Prompsat,3.4
63289,Prondines,0.7
63290,Pulvérières,5.5
63291,Puy-Guillaume,2.5
63292,Puy-Saint-Gulmier,0.8
63293,Le Quartier,4.3
63294,Queuille,2.1
63295,Randan,2.1
63296,Ravel,3.0
63297,Reignat,3.0
63298,La Renaudie,0.0
63299,Rentières,2.2
63300,Riom,4.7
63301,Ris,2.6
63302,La Roche-Blanche,4.0
63303,Roche-Charles-la-Mayrand,0.7
63304,Roche-d'Agoux,0.7
63305,Rochefort-Montagne,4.3
63306,La Roche-Noire,3.8
63307,Romagnat,4.4
63308,Royat,2.8
63309,Saillant,4.2
63310,Sainte-Agathe,1.5
63311,Saint-Agoulin,3.1
63312,Saint-Alyre-d'Arlanc,2.0
63313,Saint-Alyre-ès-Montagne,0.7
63314,Saint-Amant-Roche-Savine,2.1
63315,Saint-Amant-Tallende,3.2
63317,Saint-André-le-Coq,1.7
63318,Saint-Angel,3.0
63319,Saint-Anthème,2.4
63320,Saint-Avit,5.5
63321,Saint-Babel,2.9
63322,Saint-Beauzire,5.3
63323,Saint-Bonnet-le-Bourg,0.0
63324,Saint-Bonnet-le-Chastel,0.4
63325,Saint-Bonnet-lès-Allier,3.6
63326,Saint-Bonnet-près-Orcival,4.7
63327,Saint-Bonnet-près-Riom,4.2
63328,Sainte-Catherine,3.6
63329,Sainte-Christine,5.7
63330,Saint-Cirgues-sur-Couze,2.1
63331,Saint-Clément-de-Valorgue,3.5
63332,Saint-Clément-de-Régnat,2.1
63333,Saint-Denis-Combarnazat,2.0
63334,Saint-Dier-d'Auvergne,2.9
63335,Saint-Diéry,5.4
63336,Saint-Donat,1.5
63337,Saint-Éloy-la-Glacière,3.1
63338,Saint-Éloy-les-Mines,2.4
63339,Saint-Étienne-des-Champs,2.7
63340,Saint-Étienne-sur-Usson,4.2
63341,Saint-Ferréol-des-Côtes,2.5
63342,Saint-Floret,2.0
63343,Saint-Flour-l'Étang,1.9
63344,Saint-Gal-sur-Sioule,1.2
63345,Saint-Genès-Champanelle,3.4
63346,Saint-Genès-Champespe,2.6
63347,Saint-Genès-du-Retz,2.4
63348,Saint-Genès-la-Tourette,3.9
63349,Saint-Georges-de-Mons,3.1
63350,Saint-Georges-sur-Allier,3.5
63351,Saint-Germain-près-Herment,1.0
63352,Saint-Germain-Lembron,6.3
63353,Saint-Germain-l'Herm,2.4
63354,Saint-Gervais-d'Auvergne,2.9
63355,Saint-Gervais-sous-Meymont,3.1
63356,Saint-Gervazy,4.5
63357,Saint-Hérent,0.6
63358,Saint-Hilaire-la-Croix,2.8
63359,Saint-Hilaire-les-Monges,1.4
63360,Saint-Hilaire,2.4
63362,Saint-Ignat,2.7
63363,Saint-Jacques-d'Ambur,3.9
63364,Saint-Jean-d'Heurs,2.8
63365,Saint-Jean-des-Ollières,0.5
63366,Saint-Jean-en-Val,4.0
63367,Saint-Jean-Saint-Gervais,2.3
63368,Saint-Julien-de-Coppel,2.4
63369,Saint-Julien-la-Geneste,1.3
63370,Saint-Julien-Puy-Lavèze,3.2
63371,Saint-Just,1.8
63372,Saint-Laure,3.1
63373,Saint-Maigner,4.2
63374,Saint-Martin-des-Olmes,1.2
63375,Saint-Martin-des-Plains,4.9
63376,Saint-Martin-d'Ollières,0.3
63377,Saint-Maurice-près-Pionsat,0.7
63378,Saint-Maurice,3.5
63379,Saint-Myon,2.8
63380,Saint-Nectaire,5.1
63381,Saint-Ours,6.6
63382,Saint-Pardoux,1.9
63383,Saint-Pierre-Colamine,6.6
63384,Saint-Pierre-la-Bourlhonne,0.2
63385,Saint-Pierre-le-Chastel,7.0
63386,Saint-Pierre-Roche,4.8
63387,Saint-Priest-Bramefant,3.2
63388,Saint-Priest-des-Champs,1.6
63389,Saint-Quentin-sur-Sauxillanges,1.0
63390,Saint-Quintin-sur-Sioule,3.7
63391,Saint-Rémy-de-Blot,2.7
63392,Saint-Rémy-de-Chargnat,5.4
63393,Saint-Rémy-sur-Durolle,2.6
63394,Saint-Romain,2.8
63395,Saint-Sandoux,2.0
63396,Saint-Saturnin,3.1
63397,Saint-Sauves-d'Auvergne,6.9
63398,Saint-Sauveur-la-Sagne,1.0
63399,Saint-Sulpice,2.5
63400,Saint-Sylvestre-Pragoulin,2.1
63401,Saint-Victor-la-Rivière,7.2
63402,Saint-Victor-Montvianeix,0.5
63403,Saint-Vincent,1.9
63404,Saint-Yvoine,8.6
63405,Sallèdes,1.7
63406,Sardon,3.1
63407,Saulzet-le-Froid,2.9
63408,Sauret-Besserve,2.0
63409,Saurier,2.7
63410,Sauvagnat,1.4
63411,Sauvagnat-Sainte-Marthe,6.5
63412,Sauvessanges,3.9
63413,La Sauvetat,6.0
63414,Sauviat,1.8
63415,Sauxillanges,2.2
63416,Savennes,2.1
63417,Sayat,3.4
63418,Sermentizon,2.3
63419,Servant,1.1
63420,Seychalles,3.6
63421,Singles,0.9
63422,Solignat,2.6
63423,Sugères,1.0
63424,Surat,2.7
63425,Tallende,5.5
63426,Tauves,3.9
63427,Teilhède,2.8
63428,Teilhet,3.6
63429,Ternant-les-Eaux,0.5
63430,Thiers,2.9
63431,Thiolières,2.1
63432,Thuret,2.4
63433,Tortebesse,0.9
63434,Tours-sur-Meymont,5.9
63435,Tourzel-Ronzières,1.5
63436,Tralaigues,3.0
63437,Trémouille-Saint-Loup,2.3
63438,Trézioux,1.5
63439,Usson,2.2
63440,Valbeleix,1.4
63441,Valcivières,0.6
63442,Valz-sous-Châteauneuf,2.5
63443,Varennes-sur-Morge,3.8
63444,Varennes-sur-Usson,4.3
63445,Vassel,3.3
63446,Vensat,2.2
63447,Vergheas,1.0
63448,Le Vernet-Chaméane,3.6
63449,Le Vernet-Sainte-Marguerite,3.0
63450,Verneugheol,1.7
63451,Vernines,3.4
63452,Verrières,3.0
63453,Vertaizon,3.5
63454,Vertolaye,1.0
63455,Veyre-Monton,6.6
63456,Vichel,4.4
63457,Vic-le-Comte,2.6
63458,Villeneuve,2.4
63459,Villeneuve-les-Cerfs,2.2
63460,Villossanges,3.6
63461,Vinzelles,3.0
63462,Virlet,6.2
63463,Viscomtat,2.5
63464,Vitrac,2.4
63465,Viverols,3.5
63466,Vodable,1.6
63467,Voingt,2.8
63468,Vollore-Montagne,2.5
63469,Vollore-Ville,1.9
63470,Volvic,3.8
63471,Youx,3.2
63472,Yronde-et-Buron,3.8
63473,Yssac-la-Tourette,3.8
64001,Aast,1.7
64002,Abère,2.4
64003,Abidos,4.1
64004,Abitain,3.9
64005,Abos,4.5
64006,Accous,3.7
64007,Agnos,4.1
64008,Ahaxe-Alciette-Bascassan,2.6
64009,Ahetze,4.9
64010,Aïcirits-Camou-Suhast,4.5
64011,Aincille,2.6
64012,Ainharp,2.6
64013,Ainhice-Mongelos,2.7
64014,Ainhoa,2.8
64015,Alçay-Alçabéhéty-Sunharette,2.5
64016,Aldudes,0.0
64017,Alos-Sibas-Abense,4.7
64018,Amendeuix-Oneix,4.0
64019,Amorots-Succos,2.4
64021,Andoins,4.6
64022,Andrein,3.0
64023,Angaïs,5.3
64024,Anglet,6.5
64025,Angous,3.3
64026,Anhaux,4.0
64027,Anos,4.2
64028,Anoye,2.3
64029,Aramits,6.2
64031,Arancou,2.8
64032,Araujuzon,3.6
64033,Araux,3.1
64034,Arbérats-Sillègue,4.5
64035,Arbonne,6.2
64036,Arbouet-Sussaute,4.5
64037,Arbus,4.5
64038,Arcangues,6.9
64039,Aren,3.6
64040,Arette,4.9
64041,Aressy,4.6
64042,Argagnon,4.0
64043,Argelos,2.8
64044,Arget,2.0
64045,Arhansus,2.8
64046,Armendarits,1.0
64047,Arnéguy,1.6
64048,Arnos,1.6
64049,Aroue-Ithorots-Olhaïby,4.9
64050,Arrast-Larrebieu,3.0
64051,Arraute-Charritte,3.0
64052,Arricau-Bordes,2.4
64053,Arrien,2.9
64054,Arros-de-Nay,4.4
64056,Arrosès,0.8
64057,Arthez-de-Béarn,2.4
64058,Arthez-d'Asson,2.0
64059,Artigueloutan,5.1
64060,Artiguelouve,4.8
64061,Artix,5.1
64062,Arudy,4.5
64063,Arzacq-Arraziguet,4.4
64064,Asasp-Arros,5.1
64065,Ascain,4.9
64066,Ascarat,3.5
64067,Assat,5.3
64068,Asson,4.3
64069,Aste-Béon,6.1
64070,Astis,4.4
64071,Athos-Aspis,3.8
64072,Aubertin,2.3
64073,Aubin,3.0
64074,Aubous,1.4
64075,Audaux,3.1
64077,Auga,3.8
64078,Auriac,3.4
64079,Aurions-Idernes,2.1
64080,Aussevielle,4.1
64081,Aussurucq,2.8
64082,Auterrive,3.4
64083,Autevielle-Saint-Martin-Bideren,3.4
64084,Aydie,1.0
64085,Aydius,2.5
64086,Ayherre,2.8
64087,Baigts-de-Béarn,4.8
64088,Balansun,2.4
64089,Baleix,1.8
64090,Baliracq-Maumusson,1.7
64091,Baliros,4.6
64092,Banca,1.1
64093,Barcus,2.8
64094,Bardos,3.0
64095,Barinque,2.4
64096,Barraute-Camu,4.0
64097,Barzun,2.1
64098,Bassillon-Vauzé,2.8
64099,Bastanès,2.6
64100,Bassussarry,7.5
64101,Baudreix,5.3
64102,Bayonne,6.7
64103,Bédeille,2.7
64104,Bedous,3.7
64105,Béguios,3.3
64106,Béhasque-Lapiste,4.2
64107,Béhorléguy,0.8
64108,Bellocq,6.2
64109,Bénéjacq,5.4
64110,Béost,5.4
64111,Bentayou-Sérée,3.4
64112,Bérenx,4.6
64113,Bergouey-Viellenave,2.9
64114,Bernadets,4.7
64115,Berrogain-Laruns,3.7
64116,Bescat,3.6
64117,Bésingrand,4.7
64118,Bétracq,2.0
64119,Beuste,5.2
64120,Beyrie-sur-Joyeuse,3.5
64121,Beyrie-en-Béarn,3.5
64122,Biarritz,4.4
64123,Bidache,3.3
64124,Bidarray,2.8
64125,Bidart,5.8
64126,Bidos,4.1
64127,Bielle,7.3
64128,Bilhères,4.6
64129,Billère,5.6
64130,Biriatou,4.9
64131,Biron,4.0
64132,Bizanos,4.7
64133,Boeil-Bezing,4.6
64134,Bonloc,3.6
64135,Bonnut,4.0
64136,Borce,1.2
64137,Bordères,5.4
64138,Bordes,3.8
64139,Bosdarros,2.6
64140,Boucau,5.1
64141,Boueilh-Boueilho-Lasque,3.8
64142,Bougarber,3.9
64143,Bouillon,2.6
64144,Boumourt,2.1
64145,Bourdettes,4.4
64146,Bournos,3.5
64147,Briscous,4.8
64148,Bruges-Capbis-Mifaget,3.7
64149,Bugnein,3.1
64150,Bunus,0.7
64151,Burgaronne,3.7
64152,Buros,4.0
64153,Burosse-Mendousse,1.0
64154,Bussunarits-Sarrasquette,2.6
64155,Bustince-Iriberry,3.3
64156,Buziet,5.3
64157,Buzy,5.3
64158,Cabidos,2.6
64159,Cadillon,2.1
64160,Cambo-les-Bains,4.6
64161,Came,2.3
64162,Camou-Cihigue,2.4
64165,Cardesse,2.7
64166,Caro,2.9
64167,Carrère,1.3
64168,Carresse-Cassaber,3.7
64170,Castagnède,2.6
64171,Casteide-Cami,3.4
64172,Casteide-Candau,2.2
64173,Casteide-Doat,3.0
64174,Castéra-Loubix,2.2
64175,Castet,5.8
64176,Castetbon,2.9
64177,Castétis,4.1
64178,Castetnau-Camblong,2.8
64179,Castetner,2.1
64180,Castetpugon,1.7
64181,Castillon (Canton d'Arthez-de-Béarn),2.4
64182,Castillon (Canton de Lembeye),2.4
64183,Caubios-Loos,3.7
64184,Cescau,3.7
64185,Cette-Eygun,2.5
64186,Charre,3.4
64187,Charritte-de-Bas,3.9
64188,Chéraute,3.2
64189,Ciboure,5.7
64190,Claracq,2.7
64191,Coarraze,5.3
64192,Conchez-de-Béarn,3.0
64193,Corbère-Abères,2.8
64194,Coslédaà-Lube-Boast,1.3
64195,Coublucq,3.8
64196,Crouseilles,1.6
64197,Cuqueron,3.0
64198,Denguin,4.3
64199,Diusse,2.2
64200,Doazon,2.0
64201,Dognen,3.0
64202,Domezain-Berraute,4.5
64203,Doumy,4.4
64204,Eaux-Bonnes,4.4
64205,Escos,4.0
64206,Escot,3.8
64207,Escou,5.8
64208,Escoubès,2.4
64209,Escout,5.5
64210,Escurès,2.4
64211,Eslourenties-Daban,2.5
64212,Espéchède,2.8
64213,Espelette,4.4
64214,Espès-Undurein,2.9
64215,Espiute,3.2
64216,Espoey,3.6
64217,Esquiule,2.0
64218,Estérençuby,1.6
64219,Estialescq,4.7
64220,Estos,4.4
64221,Etcharry,4.0
64222,Etchebar,2.5
64223,Etsaut,2.5
64224,Eysus,2.6
64225,Ance Féas,5.1
64226,Fichous-Riumayou,3.2
64227,Gabaston,3.4
64228,Gabat,4.4
64229,Gamarthe,2.7
64230,Gan,3.5
64231,Garindein,2.9
64232,Garlède-Mondebat,2.8
64233,Garlin,3.8
64234,Garos,1.6
64235,Garris,4.0
64236,Gayon,2.1
64237,Gelos,5.5
64238,Ger,2.3
64239,Gerderest,2.3
64240,Gère-Bélesten,6.1
64241,Géronce,4.6
64242,Gestas,3.2
64243,Géus-d'Arzacq,2.2
64244,Geüs-d'Oloron,3.6
64245,Goès,4.8
64246,Gomer,2.9
64247,Gotein-Libarrenx,3.8
64249,Guéthary,4.1
64250,Guiche,2.9
64251,Guinarthe-Parenties,4.9
64252,Gurmençon,3.8
64253,Gurs,3.0
64254,Hagetaubin,3.3
64255,Halsou,4.4
64256,Hasparren,4.2
64257,Haut-de-Bosdarros,2.0
64258,Haux,2.5
64259,Hélette,2.5
64260,Hendaye,3.0
64261,Herrère,5.5
64262,Higuères-Souye,4.1
64263,L'Hôpital-d'Orion,3.6
64264,L'Hôpital-Saint-Blaise,3.1
64265,Hosta,0.4
64266,Hours,3.1
64267,Ibarrolle,1.5
64268,Idaux-Mendy,3.5
64269,Idron,4.0
64270,Igon,5.2
64271,Iholdy,1.5
64272,Ilharre,3.4
64273,Irissarry,2.2
64274,Irouléguy,4.0
64275,Ispoure,3.6
64276,Issor,2.7
64277,Isturits,2.0
64279,Itxassou,4.1
64280,Izeste,6.0
64281,Jasses,2.8
64282,Jatxou,3.6
64283,Jaxu,3.6
64284,Jurançon,5.6
64285,Juxue,1.8
64286,Laà-Mondrans,2.4
64287,Laàs,2.7
64288,Labastide-Cézéracq,3.9
64289,La Bastide-Clairence,3.1
64290,Labastide-Monréjeau,2.5
64291,Labastide-Villefranche,3.3
64292,Labatmale,3.7
64293,Labatut-Figuières,2.2
64294,Labets-Biscay,2.9
64295,Labeyrie,2.4
64296,Lacadée,3.0
64297,Lacarre,4.0
64298,Lacarry-Arhan-Charritte-de-Haut,2.2
64299,Lacommande,2.5
64300,Lacq,4.5
64301,Lagor,3.4
64302,Lagos,5.6
64303,Laguinge-Restoue,3.8
64304,Lahonce,4.7
64305,Lahontan,3.7
64306,Lahourcade,3.8
64307,Lalongue,2.1
64308,Lalonquette,2.5
64309,Lamayou,2.8
64310,Lanne-en-Barétous,6.0
64311,Lannecaube,1.0
64312,Lanneplaà,2.8
64313,Lantabat,1.4
64314,Larceveau-Arros-Cibits,2.5
64315,Laroin,5.9
64316,Larrau,0.2
64317,Larressore,4.6
64318,Larreule,2.4
64319,Larribar-Sorhapuru,4.4
64320,Laruns,5.4
64321,Lasclaveries,2.0
64322,Lasse,3.5
64323,Lasserre,2.0
64324,Lasseube,2.8
64325,Lasseubetat,4.8
64326,Lay-Lamidou,3.0
64327,Lecumberry,1.6
64328,Ledeuix,4.3
64329,Lée,3.7
64330,Lées-Athas,3.7
64331,Lembeye,2.8
64332,Lème,3.6
64334,Léren,4.2
64335,Lescar,4.6
64336,Lescun,0.0
64337,Lespielle,2.9
64338,Lespourcy,1.8
64339,Lestelle-Bétharram,4.0
64340,Lichans-Sunhar,2.5
64341,Lichos,3.9
64342,Licq-Athérey,2.5
64343,Limendous,3.6
64344,Livron,2.4
64345,Lohitzun-Oyhercq,2.5
64346,Lombia,2.3
64347,Lonçon,3.6
64348,Lons,4.5
64349,Loubieng,2.5
64350,Louhossoa,3.7
64351,Lourdios-Ichère,3.8
64352,Lourenties,2.4
64353,Louvie-Juzon,5.8
64354,Louvie-Soubiron,5.4
64355,Louvigny,3.4
64356,Luc-Armau,2.8
64357,Lucarré,1.6
64358,Lucgarier,3.3
64359,Lucq-de-Béarn,3.7
64360,Lurbe-Saint-Christau,5.1
64361,Lussagnet-Lusson,2.8
64362,Luxe-Sumberraute,3.5
64363,Lys,2.3
64364,Macaye,2.6
64365,Malaussanne,4.1
64366,Mascaraàs-Haron,1.5
64367,Maslacq,3.3
64368,Masparraute,2.7
64369,Maspie-Lalonquère-Juillacq,1.6
64370,Maucor,5.2
64371,Mauléon-Licharre,3.2
64372,Maure,2.2
64373,Mazères-Lezons,4.7
64374,Mazerolles,3.3
64375,Méharin,1.8
64376,Meillon,4.5
64377,Mendionde,3.0
64378,Menditte,3.7
64379,Mendive,1.6
64380,Méracq,3.1
64381,Méritein,2.8
64382,Mesplède,2.7
64383,Mialos,2.6
64385,Miossens-Lanusse,2.5
64386,Mirepeix,5.5
64387,Momas,3.0
64388,Momy,1.6
64389,Monassut-Audiracq,3.1
64390,Moncaup,2.4
64391,Moncayolle-Larrory-Mendibieu,3.9
64392,Moncla,1.5
64393,Monein,3.0
64394,Monpezat,2.0
64395,Monségur,3.7
64396,Mont,4.0
64397,Montagut,2.5
64398,Montaner,1.7
64399,Montardon,4.3
64400,Montaut,4.0
64401,Mont-Disse,2.2
64403,Montfort,2.7
64404,Montory,5.3
64405,Morlaàs,4.3
64406,Morlanne,2.2
64407,Mouguerre,5.1
64408,Mouhous,1.8
64409,Moumour,4.5
64410,Mourenx,4.0
64411,Musculdy,2.0
64412,Nabas,4.5
64413,Narcastet,4.1
64414,Narp,3.1
64415,Navailles-Angos,4.4
64416,Navarrenx,2.8
64417,Nay,5.2
64418,Noguères,4.2
64419,Nousty,3.5
64420,Ogenne-Camptort,2.8
64421,Ogeu-les-Bains,5.5
64422,Oloron-Sainte-Marie,4.6
64423,Oraàs,2.9
64424,Ordiarp,2.7
64425,Orègue,1.8
64426,Orin,4.1
64427,Orion,3.7
64428,Orriule,3.5
64429,Orsanco,3.5
64430,Orthez,3.5
64431,Os-Marsillon,3.9
64432,Ossas-Suhare,3.9
64433,Osse-en-Aspe,3.7
64434,Ossenx,2.7
64435,Osserain-Rivareyte,4.4
64436,Ossès,3.5
64437,Ostabat-Asme,1.8
64438,Ouillon,4.1
64439,Ousse,5.5
64440,Ozenx-Montestrucq,2.3
64441,Pagolle,2.2
64442,Parbayse,3.3
64443,Pardies,4.7
64444,Pardies-Piétat,4.6
64445,Pau,4.6
64446,Peyrelongue-Abos,2.4
64447,Piets-Plasence-Moustrou,2.8
64448,Poey-de-Lescar,4.6
64449,Poey-d'Oloron,3.6
64450,Pomps,1.8
64451,Ponson-Debat-Pouts,1.9
64452,Ponson-Dessus,1.5
64453,Pontacq,3.4
64454,Pontiacq-Viellepinte,2.4
64455,Portet,1.5
64456,Pouliacq,3.8
64457,Poursiugues-Boucoue,4.1
64458,Préchacq-Josbaig,3.6
64459,Préchacq-Navarrenx,3.6
64460,Précilhon,4.8
64461,Puyoô,5.8
64462,Ramous,5.1
64463,Rébénacq,3.2
64464,Ribarrouy,2.5
64465,Riupeyrous,2.7
64466,Rivehaute,2.7
64467,Rontignon,5.1
64468,Roquiague,1.3
64469,Saint-Abit,4.5
64470,Saint-Armou,3.5
64471,Saint-Boès,3.3
64472,Saint-Castin,5.2
64473,Sainte-Colome,4.6
64474,Saint-Dos,3.7
64475,Sainte-Engrâce,1.1
64476,Saint-Esteben,2.0
64477,Saint-Étienne-de-Baïgorry,3.7
64478,Saint-Faust,2.6
64479,Saint-Girons-en-Béarn,3.5
64480,Saint-Gladie-Arrive-Munein,4.9
64481,Saint-Goin,4.9
64482,Saint-Jammes,4.0
64483,Saint-Jean-de-Luz,5.2
64484,Saint-Jean-le-Vieux,3.9
64485,Saint-Jean-Pied-de-Port,3.7
64486,Saint-Jean-Poudge,1.8
64487,Saint-Just-Ibarre,0.7
64488,Saint-Laurent-Bretagne,2.7
64489,Saint-Martin-d'Arberoue,1.4
64490,Saint-Martin-d'Arrossa,3.1
64491,Saint-Médard,1.1
64492,Saint-Michel,2.9
64493,Saint-Palais,4.2
64494,Saint-Pé-de-Léren,3.9
64495,Saint-Pée-sur-Nivelle,4.1
64496,Saint-Pierre-d'Irube,5.8
64498,Saint-Vincent,3.0
64499,Salies-de-Béarn,3.7
64500,Salles-Mongiscard,4.3
64501,Sallespisse,4.2
64502,Sames,2.9
64503,Samsons-Lion,2.4
64504,Sare,2.3
64505,Sarpourenx,3.4
64506,Sarrance,3.8
64507,Saubole,1.5
64508,Saucède,3.4
64509,Sauguis-Saint-Étienne,3.9
64510,Sault-de-Navailles,4.0
64511,Sauvagnon,3.6
64512,Sauvelade,2.2
64513,Sauveterre-de-Béarn,4.0
64514,Séby,2.8
64515,Sedze-Maubecq,1.0
64516,Sedzère,2.3
64517,Séméacq-Blachon,2.8
64518,Sendets,3.8
64519,Serres-Castet,4.4
64520,Serres-Morlaàs,4.8
64521,Serres-Sainte-Marie,2.7
64522,Sévignacq-Meyracq,4.8
64523,Sévignacq,1.6
64524,Simacourbe,3.1
64525,Siros,5.5
64526,Soumoulou,4.1
64527,Souraïde,3.5
64528,Suhescun,2.5
64529,Sus,2.8
64530,Susmiou,3.5
64531,Tabaille-Usquain,4.0
64532,Tadousse-Ussau,2.3
64533,Tardets-Sorholus,4.7
64534,Taron-Sadirac-Viellenave,1.2
64535,Tarsacq,4.4
64536,Thèze,3.3
64537,Trois-Villes,3.9
64538,Uhart-Cize,3.5
64539,Uhart-Mixe,3.8
64540,Urcuit,2.2
64542,Urdos,1.2
64543,Urepel,0.0
64544,Urost,2.3
64545,Urrugne,5.5
64546,Urt,4.0
64547,Ustaritz,5.4
64548,Uzan,2.4
64549,Uzein,3.7
64550,Uzos,4.2
64551,Verdets,4.3
64552,Vialer,2.1
64554,Viellenave-d'Arthez,4.2
64555,Viellenave-de-Navarrenx,3.1
64556,Vielleségure,3.7
64557,Vignes,4.4
64558,Villefranque,3.0
64559,Viodos-Abense-de-Bas,3.2
64560,Viven,3.0
65001,Adast,5.0
65002,Adé,3.3
65003,Adervielle-Pouchergues,6.1
65004,Agos-Vidalos,5.8
65005,Allier,3.8
65006,Ancizan,9.8
65007,Andrest,2.9
65009,Anères,2.6
65010,Angos,2.5
65011,Les Angles,2.8
65012,Anla,1.1
65013,Ansost,3.2
65014,Antichan,0.7
65015,Antin,4.0
65016,Antist,3.5
65017,Aragnouet,4.4
65018,Arbéost,0.0
65019,Arcizac-Adour,3.5
65020,Arcizac-ez-Angles,2.9
65021,Arcizans-Avant,2.1
65022,Arcizans-Dessus,1.6
65023,Ardengost,1.7
65024,Argelès-Bagnères,2.9
65025,Argelès-Gazost,4.5
65026,Aries-Espénan,3.7
65028,Arné,1.5
65029,Arras-en-Lavedan,3.5
65031,Arreau,9.9
65032,Arrens-Marsous,0.8
65033,Arrodets-ez-Angles,0.1
65034,Arrodets,0.2
65035,Artagnan,3.7
65036,Artalens-Souin,2.7
65037,Artiguemy,1.8
65038,Artigues,2.1
65039,Aspin-Aure,6.0
65040,Aspin-en-Lavedan,5.4
65041,Asque,0.0
65042,Asté,4.5
65043,Astugue,2.8
65044,Aubarède,2.4
65045,Aucun,1.6
65046,Aulon,6.1
65047,Aureilhan,4.0
65048,Aurensan,3.3
65049,Auriébat,3.1
65050,Avajan,6.9
65051,Aventignan,2.7
65052,Averan,1.6
65053,Aveux,1.1
65054,Avezac-Prat-Lahitte,2.7
65055,Ayros-Arbouix,4.5
65056,Ayzac-Ost,4.5
65057,Azereix,4.2
65058,Azet,5.3
65059,Bagnères-de-Bigorre,4.7
65060,Banios,1.2
65061,Barbachen,3.8
65062,Barbazan-Debat,2.7
65063,Barbazan-Dessus,3.4
65064,Bareilles,3.2
65065,Barlest,4.6
65066,Barrancoueu,5.4
65067,Barry,2.0
65068,Barthe,3.0
65069,La Barthe-de-Neste,3.5
65070,Bartrès,4.6
65071,Batsère,0.4
65072,Bazet,3.3
65073,Bazillac,4.2
65074,Bazordan,1.6
65075,Bazus-Aure,9.8
65076,Bazus-Neste,3.0
65077,Beaucens,5.4
65078,Beaudéan,4.5
65079,Bégole,2.1
65080,Bénac,2.2
65081,Benqué-Molère,1.4
65082,Berbérust-Lias,1.9
65083,Bernac-Debat,3.9
65084,Bernac-Dessus,3.4
65085,Bernadets-Debat,4.5
65086,Bernadets-Dessus,1.5
65087,Bertren,1.8
65088,Betbèze,4.7
65089,Betpouey,5.6
65090,Betpouy,3.0
65091,Bettes,2.5
65092,Beyrède-Jumet-Camous,3.7
65093,Bize,2.2
65094,Bizous,3.4
65095,Bonnefont,2.5
65096,Bonnemazon,2.5
65097,Bonrepos,1.6
65098,Boô-Silhen,3.5
65099,Bordères-Louron,8.9
65100,Bordères-sur-l'Échez,3.3
65101,Bordes,2.3
65102,Bouilh-Devant,2.9
65103,Bouilh-Péreuilh,1.7
65104,Boulin,3.1
65105,Bourg-de-Bigorre,1.3
65106,Bourisp,8.3
65107,Bourréac,2.9
65108,Bours,4.1
65109,Bramevaque,1.3
65110,Bugard,2.5
65111,Bulan,0.3
65112,Bun,1.6
65113,Burg,2.4
65114,Buzon,2.6
65115,Cabanac,2.4
65116,Cadéac,9.0
65117,Cadeilhan-Trachère,7.5
65118,Caharet,2.1
65119,Caixon,3.5
65120,Calavanté,2.3
65121,Camalès,3.6
65123,Campan,4.5
65124,Camparan,8.9
65125,Campistrous,2.4
65126,Campuzan,3.7
65127,Capvern,3.1
65128,Castelbajac,2.0
65129,Castelnau-Magnoac,3.8
65130,Castelnau-Rivière-Basse,2.1
65131,Castelvieilh,1.5
65132,Castéra-Lanusse,1.6
65133,Castéra-Lou,2.3
65134,Casterets,4.1
65135,Castillon,1.6
65136,Caubous,2.0
65137,Caussade-Rivière,1.9
65138,Cauterets,4.6
65139,Cazarilh,0.9
65140,Cazaux-Debat,7.1
65141,Cazaux-Fréchet-Anéran-Camors,6.1
65142,Chelle-Debat,2.4
65143,Chelle-Spou,1.8
65144,Cheust,3.3
65145,Chèze,6.0
65146,Chis,3.2
65147,Cieutat,3.3
65148,Cizos,2.0
65149,Clarac,1.2
65150,Clarens,2.9
65151,Collongues,1.4
65153,Coussan,1.2
65154,Créchets,1.1
65155,Devèze,3.7
65156,Dours,2.7
65157,Ens,7.5
65158,Esbareich,0.1
65159,Escala,4.2
65160,Escaunets,1.7
65161,Escondeaux,3.4
65162,Esconnets,1.2
65163,Escots,0.1
65164,Escoubès-Pouts,4.0
65165,Esparros,1.0
65166,Espèche,0.4
65167,Espieilh,0.4
65168,Esquièze-Sère,5.6
65169,Estaing,0.8
65170,Estampures,3.5
65171,Estarvielle,6.1
65172,Estensan,8.3
65173,Esterre,5.6
65174,Estirac,2.9
65175,Ferrère,0.1
65176,Ferrières,0.0
65177,Fontrailles,3.7
65178,Fréchède,2.9
65179,Fréchendets,0.1
65180,Fréchet-Aure,6.6
65181,Fréchou-Fréchet,1.7
65182,Gaillagos,1.6
65183,Galan,3.2
65184,Galez,1.7
65185,Gardères,2.5
65186,Gaudent,0.6
65187,Gaussan,2.3
65189,Gayan,3.0
65190,Gazave,2.2
65191,Gazost,1.4
65192,Gavarnie-Gèdre,1.9
65193,Gembrie,1.5
65194,Générest,1.4
65195,Génos,6.1
65196,Gensac,4.1
65197,Ger,4.1
65198,Gerde,4.5
65199,Germ,5.3
65200,Germs-sur-l'Oussouet,1.3
65201,Geu,3.7
65202,Gez,3.5
65203,Gez-ez-Angles,2.3
65204,Gonez,1.4
65205,Gouaux,7.6
65206,Goudon,1.3
65207,Gourgue,2.8
65208,Grailhen,7.6
65209,Grézian,10.4
65210,Grust,3.7
65211,Guchan,9.8
65212,Guchen,9.8
65213,Guizerix,3.8
65214,Hachan,4.0
65215,Hagedet,2.3
65216,Hauban,4.6
65217,Hautaget,2.4
65218,Hèches,4.2
65219,Hères,2.1
65220,Hibarette,3.1
65221,Hiis,4.3
65222,Hitte,2.0
65223,Horgues,4.8
65224,Houeydets,2.2
65225,Hourc,2.2
65226,Ibos,4.5
65228,Ilhet,3.7
65229,Ilheu,0.6
65230,Izaourt,2.4
65231,Izaux,3.7
65232,Jacque,2.7
65233,Jarret,2.6
65234,Jézeau,6.0
65235,Juillan,4.0
65236,Julos,2.4
65237,Juncalas,3.7
65238,Labassère,3.9
65239,Labastide,2.7
65240,Labatut-Rivière,2.5
65241,Laborde,0.9
65242,Lacassagne,3.4
65243,Lafitole,3.7
65244,Lagarde,3.0
65245,Lagrange,3.1
65247,Arrayou-Lahitte,1.2
65248,Lahitte-Toupière,3.5
65249,Lalanne,4.1
65250,Lalanne-Trie,4.0
65251,Laloubère,4.5
65252,Lamarque-Pontacq,3.6
65253,Lamarque-Rustaing,2.3
65254,Laméac,2.5
65255,Lançon,3.9
65256,Lanespède,1.9
65257,Lanne,2.6
65258,Lannemezan,3.4
65259,Lansac,2.3
65260,Lapeyre,4.0
65261,Laran,2.0
65262,Larreule,2.8
65263,Larroque,3.8
65264,Lascazères,2.3
65265,Laslades,2.4
65266,Lassales,1.8
65267,Lau-Balagnas,3.5
65268,Layrisse,1.0
65269,Lescurry,2.8
65270,Lespouey,2.3
65271,Lézignan,3.3
65272,Lhez,1.6
65273,Liac,4.1
65274,Libaros,3.6
65275,Lies,2.4
65276,Lizos,2.3
65277,Lombrès,2.7
65278,Lomné,0.3
65279,Lortet,2.7
65280,Loubajac,4.0
65281,Loucrup,3.2
65282,Loudenvielle,5.1
65283,Loudervielle,6.5
65284,Louey,3.2
65285,Louit,1.8
65286,Lourdes,5.1
65287,Loures-Barousse,3.2
65288,Lubret-Saint-Luc,4.1
65289,Luby-Betmont,3.4
65290,Luc,2.2
65291,Lugagnan,5.4
65292,Luquet,2.5
65293,Lustar,3.5
65294,Lutilhous,2.1
65295,Luz-Saint-Sauveur,5.6
65296,Madiran,2.3
65297,Mansan,1.6
65298,Marquerie,1.2
65299,Marsac,3.7
65300,Marsas,1.2
65301,Marseillan,2.5
65303,Mascaras,1.6
65304,Maubourguet,4.0
65305,Mauléon-Barousse,1.0
65306,Mauvezin,1.9
65307,Mazères-de-Neste,2.8
65308,Mazerolles,4.0
65309,Mazouau,2.9
65310,Mérilheu,4.6
65311,Mingot,2.3
65313,Momères,4.6
65314,Monfaucon,3.4
65315,Monléon-Magnoac,3.8
65316,Monlong,2.0
65317,Mont,5.7
65318,Montastruc,3.2
65319,Montégut,2.8
65320,Montgaillard,3.8
65321,Montignac,1.7
65322,Montoussé,3.1
65323,Montsérié,2.7
65324,Moulédous,1.3
65325,Moumoulous,3.0
65326,Mun,2.6
65327,Nestier,2.5
65328,Neuilh,2.6
65329,Nistos,0.8
65330,Nouilhan,4.1
65331,Odos,3.5
65332,Oléac-Debat,2.4
65333,Oléac-Dessus,2.2
65334,Omex,3.7
65335,Ordizan,4.6
65336,Organ,2.8
65337,Orieux,1.7
65338,Orignac,3.5
65339,Orincles,1.9
65340,Orleix,2.5
65341,Oroix,1.9
65342,Osmets,2.7
65343,Ossen,4.0
65344,Ossun,3.6
65345,Ossun-ez-Angles,1.3
65346,Oueilloux,2.2
65347,Ourde,0.1
65348,Ourdis-Cotdoussan,1.9
65349,Ourdon,1.4
65350,Oursbelille,2.2
65351,Ousté,3.3
65352,Ouzous,4.5
65353,Ozon,2.2
65354,Pailhac,6.0
65355,Paréac,2.6
65356,Péré,2.3
65357,Peyraube,1.8
65358,Peyret-Saint-André,3.6
65359,Peyriguère,1.9
65360,Peyrouse,4.2
65361,Peyrun,2.2
65362,Pierrefitte-Nestalas,5.5
65363,Pinas,4.1
65364,Pintac,1.6
65366,Poueyferré,4.0
65367,Poumarous,1.9
65368,Pouy,3.7
65369,Pouyastruc,2.2
65370,Pouzac,4.8
65371,Préchac,3.5
65372,Pujo,3.6
65373,Puntous,5.0
65374,Puydarrieux,3.9
65375,Rabastens-de-Bigorre,4.1
65376,Recurt,1.8
65377,Réjaumont,2.5
65378,Ricaud,1.6
65379,Ris,3.5
65380,Sabalos,2.2
65381,Sabarros,1.6
65382,Sacoué,0.7
65383,Sadournin,4.3
65384,Sailhan,8.3
65385,Saint-Arroman,2.9
65386,Saint-Créac,5.2
65387,Saint-Lanne,1.5
65388,Saint-Lary-Soulan,8.3
65389,Saint-Laurent-de-Neste,3.1
65390,Saint-Lézer,3.2
65391,Sainte-Marie,2.1
65392,Saint-Martin,3.7
65393,Saint-Pastous,3.5
65394,Saint-Paul,2.7
65395,Saint-Pé-de-Bigorre,3.7
65396,Saint-Savin,5.0
65397,Saint-Sever-de-Rustan,3.2
65398,Saléchan,2.3
65399,Saligos,5.6
65400,Salles,3.5
65401,Salles-Adour,4.6
65402,Samuran,1.2
65403,Sanous,2.7
65404,Sariac-Magnoac,3.7
65405,Sarlabous,0.6
65406,Sarniguet,3.8
65407,Sarp,2.4
65408,Sarrancolin,3.7
65409,Sarriac-Bigorre,4.0
65410,Sarrouilles,3.2
65411,Sassis,5.6
65412,Sauveterre,3.4
65413,Sazos,5.6
65414,Ségalas,4.1
65415,Ségus,4.2
65416,Seich,0.8
65417,Séméac,4.5
65418,Sénac,2.5
65419,Sentous,3.2
65420,Sère-en-Lavedan,3.5
65421,Sère-Lanso,1.1
65422,Séron,2.6
65423,Sère-Rustaing,2.5
65424,Sers,5.6
65425,Siarrouy,2.6
65426,Sinzos,1.3
65427,Siradan,1.8
65428,Sireix,1.6
65429,Sombrun,3.0
65430,Soréac,2.4
65431,Sost,0.1
65432,Soublecause,1.5
65433,Soues,3.5
65435,Soulom,5.5
65436,Souyeaux,2.2
65437,Tajan,1.4
65438,Talazac,2.7
65439,Tarasteix,2.1
65440,Tarbes,3.9
65441,Thèbe,1.0
65442,Thermes-Magnoac,4.1
65443,Thuy,1.0
65444,Tibiran-Jaunac,1.9
65445,Tilhouse,2.3
65446,Tostat,3.7
65447,Tournay,2.4
65448,Tournous-Darré,3.5
65449,Tournous-Devant,3.2
65450,Tramezaïgues,7.5
65451,Trébons,4.6
65452,Trie-sur-Baïse,4.4
65453,Troubat,1.3
65454,Trouley-Labarthe,2.2
65455,Tuzaguet,2.9
65456,Uglas,3.0
65457,Ugnouas,2.8
65458,Uz,2.1
65459,Uzer,2.8
65460,Vic-en-Bigorre,3.7
65461,Vidou,3.5
65462,Vidouze,3.2
65463,Viella,5.6
65464,Vielle-Adour,4.4
65465,Vielle-Aure,8.3
65466,Vielle-Louron,6.0
65467,Vier-Bordes,3.5
65468,Vieuzos,2.6
65469,Viey,5.6
65470,Viger,3.8
65471,Vignec,8.3
65472,Villefranque,2.5
65473,Villelongue,7.9
65474,Villembits,3.5
65475,Villemur,3.7
65476,Villenave-près-Béarn,2.7
65477,Villenave-près-Marsac,2.8
65478,Viscos,5.6
65479,Visker,2.5
65481,Barèges,3.7
65482,Cantaous,4.1
66001,L'Albère,0.6
66002,Alénya,4.4
66003,Amélie-les-Bains-Palalda,5.0
66004,Les Angles,9.0
66005,Angoustrine-Villeneuve-des-Escaldes,5.4
66006,Ansignan,4.0
66007,Arboussols,1.0
66008,Argelès-sur-Mer,5.1
66009,Arles-sur-Tech,3.9
66010,Ayguatébia-Talau,0.0
66011,Bages,3.4
66012,Baho,4.3
66013,Baillestavy,0.1
66014,Baixas,2.2
66015,Banyuls-dels-Aspres,3.3
66016,Banyuls-sur-Mer,4.1
66017,Le Barcarès,3.0
66018,La Bastide,0.0
66019,Bélesta,1.7
66020,Bolquère,7.2
66021,Bompas,4.1
66022,Boule-d'Amont,0.0
66023,Bouleternère,2.7
66024,Le Boulou,3.9
66025,Bourg-Madame,5.3
66026,Brouilla,3.6
66027,La Cabanasse,6.8
66028,Cabestany,4.8
66029,Caixas,0.1
66030,Calce,1.8
66032,Calmeilles,0.0
66033,Camélas,3.1
66034,Campôme,1.0
66035,Campoussy,3.3
66036,Canaveilles,0.0
66037,Canet-en-Roussillon,4.7
66038,Canohès,3.9
66039,Caramany,0.6
66040,Casefabre,0.4
66041,Cases-de-Pène,2.1
66042,Cassagnes,1.8
66043,Casteil,1.3
66044,Castelnou,1.2
66045,Catllar,2.7
66046,Caudiès-de-Fenouillèdes,4.9
66047,Caudiès-de-Conflent,0.0
66048,Cerbère,3.6
66049,Céret,4.0
66050,Claira,2.6
66051,Clara-Villerach,1.6
66052,Codalet,3.0
66053,Collioure,3.7
66054,Conat,1.8
66055,Corbère,2.6
66056,Corbère-les-Cabanes,3.0
66057,Corneilla-de-Conflent,2.3
66058,Corneilla-la-Rivière,3.4
66059,Corneilla-del-Vercol,4.4
66060,Corsavy,1.8
66061,Coustouges,5.5
66062,Dorres,3.9
66063,Les Cluses,2.8
66064,Égat,4.4
66065,Elne,5.1
66066,Enveitg,4.7
66067,Err,5.2
66068,Escaro,0.2
66069,Espira-de-l'Agly,2.3
66070,Espira-de-Conflent,2.3
66071,Estagel,2.6
66072,Estavar,2.9
66073,Estoher,1.3
66074,Eus,3.1
66075,Eyne,7.9
66076,Feilluns,1.5
66077,Fenouillet,2.5
66078,Fillols,1.4
66079,Finestret,2.3
66080,Fontpédrouse,0.0
66081,Fontrabiouse,5.5
66082,Formiguères,8.2
66083,Fosse,3.2
66084,Fourques,1.6
66085,Fuilla,2.2
66086,Glorianes,0.0
66088,Ille-sur-Têt,2.5
66089,Joch,1.4
66090,Jujols,0.0
66091,Lamanère,0.0
66092,Lansac,3.8
66093,Laroque-des-Albères,2.7
66094,Latour-Bas-Elne,3.8
66095,Latour-de-Carol,3.7
66096,Latour-de-France,2.1
66097,Lesquerde,3.4
66098,La Llagonne,8.8
66099,Llauro,1.5
66100,Llo,6.0
66101,Llupia,2.4
66102,Mantet,0.0
66103,Marquixanes,3.5
66104,Los Masos,2.7
66105,Matemale,9.0
66106,Maureillas-las-Illas,3.4
66107,Maury,4.1
66108,Millas,3.8
66109,Molitg-les-Bains,1.0
66111,Montalba-le-Château,1.9
66112,Montauriol,0.6
66113,Montbolo,2.1
66114,Montescot,3.7
66115,Montesquieu-des-Albères,2.8
66116,Montferrer,0.0
66117,Mont-Louis,9.5
66118,Montner,2.6
66119,Mosset,0.8
66120,Nahuja,4.9
66121,Néfiach,2.6
66122,Nohèdes,0.0
66123,Nyer,0.0
66124,Font-Romeu-Odeillo-Via,4.3
66125,Olette,1.0
66126,Oms,0.0
66127,Opoul-Périllos,0.2
66128,Oreilla,0.0
66129,Ortaffa,3.4
66130,Osséja,4.9
66132,Palau-de-Cerdagne,4.9
66133,Palau-del-Vidre,4.4
66134,Passa,2.1
66136,Perpignan,4.8
66137,Le Perthus,1.0
66138,Peyrestortes,3.7
66139,Pézilla-de-Conflent,2.2
66140,Pézilla-la-Rivière,4.9
66141,Pia,4.5
66142,Planès,2.2
66143,Planèzes,2.0
66144,Pollestres,4.1
66145,Ponteilla,2.5
66146,Porta,0.9
66147,Porté-Puymorens,0.5
66148,Port-Vendres,3.9
66149,Prades,2.9
66150,Prats-de-Mollo-la-Preste,6.3
66151,Prats-de-Sournia,3.3
66152,Prugnanes,5.3
66153,Prunet-et-Belpuig,0.0
66154,Puyvalador,5.5
66155,Py,0.2
66156,Rabouillet,3.3
66157,Railleu,0.0
66158,Rasiguères,1.6
66159,Réal,5.5
66160,Reynès,4.1
66161,Ria-Sirach,3.0
66162,Rigarda,1.4
66164,Rivesaltes,3.8
66165,Rodès,2.6
66166,Sahorre,1.4
66167,Saillagouse,6.6
66168,Saint-André,5.1
66169,Saint-Arnac,4.9
66170,Sainte-Colombe-de-la-Commanderie,1.9
66171,Saint-Cyprien,3.9
66172,Saint-Estève,3.7
66173,Saint-Féliu-d'Amont,3.8
66174,Saint-Féliu-d'Avall,4.7
66175,Saint-Génis-des-Fontaines,4.3
66176,Saint-Hippolyte,3.2
66177,Saint-Jean-Lasseille,2.3
66178,Saint-Jean-Pla-de-Corts,3.6
66179,Saint-Laurent-de-Cerdans,5.5
66180,Saint-Laurent-de-la-Salanque,3.0
66181,Sainte-Léocadie,6.7
66182,Sainte-Marie-la-Mer,2.9
66183,Saint-Marsal,0.0
66184,Saint-Martin-de-Fenouillet,3.1
66185,Saint-Michel-de-Llotes,2.2
66186,Saint-Nazaire,4.2
66187,Saint-Paul-de-Fenouillet,5.1
66188,Saint-Pierre-dels-Forcats,6.8
66189,Saleilles,5.0
66190,Salses-le-Château,1.8
66191,Sansa,0.0
66192,Sauto,5.0
66193,Serdinya,2.0
66194,Serralongue,1.8
66195,Le Soler,6.1
66196,Sorède,3.0
66197,Souanyas,0.0
66198,Sournia,3.3
66199,Taillet,0.0
66201,Tarerach,1.6
66202,Targasonne,5.3
66203,Taulis,0.0
66204,Taurinya,2.7
66205,Tautavel,1.1
66206,Le Tech,8.6
66207,Terrats,2.0
66208,Théza,5.8
66209,Thuès-Entre-Valls,0.0
66210,Thuir,2.9
66211,Tordères,0.6
66212,Torreilles,3.2
66213,Toulouges,5.9
66214,Tresserre,2.5
66215,Trévillach,1.4
66216,Trilla,1.3
66217,Trouillas,2.7
66218,Ur,5.8
66219,Urbanya,0.0
66220,Valcebollère,2.7
66221,Valmanya,0.0
66222,Vernet-les-Bains,1.4
66223,Villefranche-de-Conflent,3.1
66224,Villelongue-de-la-Salanque,4.4
66225,Villelongue-dels-Monts,2.8
66226,Villemolaque,2.0
66227,Villeneuve-de-la-Raho,5.6
66228,Villeneuve-la-Rivière,4.4
66230,Vinça,2.8
66231,Vingrau,3.1
66232,Vira,0.4
66233,Vivès,2.2
66234,Le Vivier,3.2
67001,Achenheim,2.6
67002,Adamswiller,2.8
67003,Albé,3.0
67004,Sommerau,3.4
67005,Alteckendorf,4.7
67006,Altenheim,4.9
67008,Altorf,4.5
67009,Altwiller,2.6
67010,Andlau,4.4
67011,Artolsheim,3.7
67012,Aschbach,4.2
67013,Asswiller,2.3
67016,Avolsheim,4.1
67017,Baerendorf,2.8
67018,Balbronn,3.7
67019,Baldenheim,4.7
67020,Barembach,5.9
67021,Barr,3.8
67022,Bassemberg,3.0
67023,Batzendorf,5.8
67025,Beinheim,3.7
67026,Bellefosse,2.3
67027,Belmont,0.6
67028,Benfeld,4.8
67029,Berg,3.4
67030,Bergbieten,3.6
67031,Bernardswiller,4.1
67032,Bernardvillé,3.0
67033,Bernolsheim,6.7
67034,Berstett,3.0
67035,Berstheim,5.3
67036,Bettwiller,3.3
67037,Biblisheim,4.0
67038,Bietlenheim,2.8
67039,Bilwisheim,4.1
67040,Bindernheim,2.9
67043,Bischheim,3.7
67044,Bischholtz,2.4
67045,Bischoffsheim,5.3
67046,Bischwiller,4.3
67047,Bissert,3.2
67048,Bitschhoffen,3.4
67049,Blaesheim,5.6
67050,Blancherupt,3.5
67051,Blienschwiller,5.6
67052,Bœrsch,3.9
67053,Bœsenbiesen,3.8
67054,Bolsenheim,3.1
67055,Boofzheim,3.0
67056,Bootzheim,4.0
67057,Bosselshausen,3.1
67058,Bossendorf,4.4
67059,Bourg-Bruche,2.9
67060,Bourgheim,5.2
67061,Bouxwiller,3.7
67062,Breitenau,3.0
67063,Breitenbach,2.9
67065,Breuschwickersheim,3.1
67066,La Broque,5.1
67067,Brumath,5.2
67068,Buswiller,4.1
67069,Buhl,3.4
67070,Burbach,3.7
67071,Bust,1.9
67072,Butten,3.4
67073,Châtenois,6.3
67074,Cleebourg,3.1
67075,Climbach,3.7
67076,Colroy-la-Roche,3.5
67077,Cosswiller,2.7
67078,Crastatt,4.1
67079,Crœttwiller,4.0
67080,Dachstein,4.5
67081,Dahlenheim,4.1
67082,Dalhunden,2.7
67083,Dambach,1.8
67084,Dambach-la-Ville,4.8
67085,Dangolsheim,4.3
67086,Daubensand,1.9
67087,Dauendorf,3.8
67088,Dehlingen,3.3
67089,Dettwiller,4.4
67090,Diebolsheim,2.8
67091,Diedendorf,3.4
67092,Dieffenbach-au-Val,3.5
67093,Dieffenbach-lès-Wœrth,4.5
67094,Dieffenthal,4.2
67095,Diemeringen,3.3
67096,Dimbsthal,3.3
67097,Dingsheim,4.3
67098,Dinsheim-sur-Bruche,3.5
67099,Domfessel,3.9
67100,Donnenheim,3.5
67101,Dorlisheim,5.5
67102,Dossenheim-Kochersberg,3.6
67103,Dossenheim-sur-Zinsel,4.3
67104,Drachenbronn-Birlenbach,4.0
67105,Drulingen,2.6
67106,Drusenheim,3.9
67107,Duntzenheim,3.8
67108,Duppigheim,7.1
67109,Durningen,3.8
67110,Durrenbach,6.2
67111,Durstel,3.0
67112,Duttlenheim,4.4
67113,Eberbach-Seltz,2.7
67115,Ebersheim,5.9
67116,Ebersmunster,5.5
67117,Eckartswiller,3.7
67118,Eckbolsheim,3.2
67119,Eckwersheim,3.3
67120,Eichhoffen,6.0
67121,Elsenheim,2.8
67122,Wangenbourg-Engenthal,1.1
67123,Engwiller,3.7
67124,Entzheim,6.9
67125,Epfig,6.4
67126,Erckartswiller,2.0
67127,Ergersheim,4.7
67128,Ernolsheim-Bruche,3.3
67129,Ernolsheim-lès-Saverne,3.6
67130,Erstein,3.9
67131,Eschau,2.2
67132,Eschbach,6.0
67133,Eschbourg,1.3
67134,Eschwiller,2.6
67135,Ettendorf,4.4
67136,Eywiller,3.7
67137,Fegersheim,6.0
67138,Fessenheim-le-Bas,4.2
67139,Flexbourg,3.4
67140,Forstfeld,3.7
67141,Forstheim,5.1
67142,Fort-Louis,1.9
67143,Fouchy,3.0
67144,Fouday,3.5
67145,Friedolsheim,4.0
67146,Friesenheim,2.9
67147,Frœschwiller,4.8
67148,Frohmuhl,2.0
67149,Furchhausen,5.2
67150,Furdenheim,4.2
67151,Gambsheim,4.1
67152,Geispolsheim,5.2
67153,Geiswiller-Zœbersdorf,3.4
67154,Gerstheim,2.7
67155,Gertwiller,5.8
67156,Geudertheim,2.5
67159,Gœrlingen,3.5
67160,Gœrsdorf,4.4
67161,Gottenhouse,4.1
67162,Gottesheim,3.6
67163,Gougenheim,3.9
67164,Goxwiller,7.0
67165,Grandfontaine,3.7
67166,Grassendorf,3.4
67167,Grendelbruch,3.9
67168,Gresswiller,2.8
67169,Gries,3.6
67172,Griesheim-près-Molsheim,4.2
67173,Griesheim-sur-Souffel,4.2
67174,Gumbrechtshoffen,4.1
67176,Gundershoffen,4.1
67177,Gunstett,5.5
67178,Gungwiller,3.1
67179,Haegen,3.7
67180,Haguenau,5.3
67181,Handschuheim,4.0
67182,Hangenbieten,3.3
67183,Harskirchen,3.2
67184,Hatten,4.6
67185,Hattmatt,4.3
67186,Hegeney,5.3
67187,Heidolsheim,5.1
67188,Heiligenberg,4.8
67189,Heiligenstein,3.4
67190,Hengwiller,3.6
67191,Herbitzheim,4.1
67192,Herbsheim,3.7
67194,Herrlisheim,5.1
67195,Hessenheim,5.1
67196,Hilsenheim,3.8
67197,Hindisheim,4.6
67198,Hinsbourg,1.3
67199,Hinsingen,2.8
67200,Hipsheim,5.6
67201,Hirschland,3.2
67202,Hochfelden,4.0
67203,Hochstett,5.4
67204,Hœnheim,4.1
67205,Hœrdt,6.1
67206,Hoffen,4.2
67208,Hohengœft,4.5
67209,Hohfrankenheim,3.5
67210,Le Hohwald,1.1
67212,Holtzheim,6.0
67213,Hunspach,4.9
67214,Hurtigheim,4.8
67215,Huttendorf,4.9
67216,Huttenheim,4.3
67217,Ichtratzheim,6.1
67218,Illkirch-Graffenstaden,5.9
67220,Ingenheim,3.7
67221,Ingolsheim,4.2
67222,Ingwiller,3.8
67223,Innenheim,7.0
67225,Issenhausen,4.2
67226,Ittenheim,5.1
67227,Itterswiller,3.9
67228,Neugartheim-Ittlenheim,3.2
67229,Jetterswiller,4.1
67230,Kaltenhouse,5.3
67231,Kauffenheim,2.9
67232,Keffenach,4.3
67233,Kertzfeld,3.4
67234,Keskastel,3.9
67235,Kesseldorf,3.7
67236,Kienheim,3.2
67237,Kilstett,2.7
67238,Kindwiller,3.2
67239,Kintzheim,5.9
67240,Kirchheim,4.5
67241,Kirrberg,3.0
67242,Kirrwiller,3.9
67244,Kleingœft,4.4
67245,Knœrsheim,4.5
67246,Kogenheim,5.5
67247,Kolbsheim,3.2
67248,Krautergersheim,6.2
67249,Krautwiller,7.2
67250,Kriegsheim,6.7
67252,Kurtzenhouse,3.6
67253,Kuttolsheim,3.3
67254,Kutzenhausen,3.8
67255,Lalaye,2.9
67256,Lampertheim,4.7
67257,Lampertsloch,4.1
67258,Landersheim,4.0
67259,Langensoultzbach,2.3
67260,Laubach,5.6
67261,Lauterbourg,1.6
67263,Lembach,3.3
67264,Leutenheim,2.5
67265,Lichtenberg,2.0
67266,Limersheim,2.9
67267,Lingolsheim,5.0
67268,Lipsheim,5.8
67269,Littenheim,3.8
67270,Lixhausen,4.0
67271,Lobsann,4.3
67272,Lochwiller,4.2
67273,Lohr,2.3
67274,Lorentzen,4.0
67275,Lupstein,4.2
67276,Lutzelhouse,5.2
67277,Mackenheim,4.0
67278,Mackwiller,2.5
67279,Maennolsheim,4.5
67280,Maisonsgoutte,3.4
67281,Marckolsheim,3.7
67282,Marlenheim,3.8
67283,Marmoutier,4.1
67285,Matzenheim,4.0
67286,Meistratzheim,5.1
67287,Melsheim,3.0
67288,Memmelshoffen,3.5
67289,Menchhoffen,3.9
67290,Merkwiller-Pechelbronn,4.5
67291,Mertzwiller,4.1
67292,Mietesheim,4.6
67293,Minversheim,5.3
67295,Mittelbergheim,5.0
67296,Mittelhausbergen,6.7
67298,Mittelschaeffolsheim,3.9
67299,Mollkirch,3.7
67300,Molsheim,5.3
67301,Mommenheim,5.5
67302,Monswiller,4.6
67303,Morsbronn-les-Bains,6.0
67304,Morschwiller,4.0
67305,Mothern,2.4
67306,Muhlbach-sur-Bruche,5.5
67307,Mulhausen,3.4
67308,Munchhausen,2.5
67309,Mundolsheim,5.7
67310,Mussig,4.4
67311,Muttersholtz,4.1
67312,Mutzenhouse,3.6
67313,Mutzig,3.6
67314,Natzwiller,3.2
67315,Neewiller-près-Lauterbourg,2.1
67317,Neubois,3.9
67319,Neuhaeusel,2.6
67320,Neuve-Église,3.4
67321,Neuviller-la-Roche,3.2
67322,Neuwiller-lès-Saverne,3.2
67324,Niederbronn-les-Bains,3.2
67325,Niederhaslach,3.2
67326,Niederhausbergen,8.3
67327,Niederlauterbach,2.9
67328,Niedermodern,3.3
67329,Niedernai,7.2
67330,Niederrœdern,3.6
67331,Niederschaeffolsheim,6.0
67333,Niedersoultzbach,3.6
67334,Niedersteinbach,0.5
67335,Nordheim,3.6
67336,Nordhouse,3.7
67337,Nothalten,5.4
67338,Obenheim,3.1
67339,Betschdorf,3.8
67340,Oberbronn,3.5
67341,Oberdorf-Spachbach,4.3
67342,Oberhaslach,2.7
67343,Oberhausbergen,7.2
67344,Oberhoffen-lès-Wissembourg,3.5
67345,Oberhoffen-sur-Moder,5.1
67346,Oberlauterbach,3.3
67347,Obermodern-Zutzendorf,4.2
67348,Obernai,4.7
67349,Oberrœdern,3.8
67350,Oberschaeffolsheim,4.2
67351,Seebach,3.5
67352,Obersoultzbach,3.4
67353,Obersteinbach,1.2
67354,Odratzheim,4.7
67355,Oermingen,3.7
67356,Offendorf,3.3
67358,Offwiller,2.6
67359,Ohlungen,4.5
67360,Ohnenheim,3.7
67361,Olwisheim,4.2
67362,Orschwiller,3.8
67363,Osthoffen,3.6
67364,Osthouse,3.5
67365,Ostwald,5.4
67366,Ottersthal,3.4
67367,Otterswiller,4.2
67368,Ottrott,3.1
67369,Ottwiller,2.2
67370,Petersbach,2.4
67371,La Petite-Pierre,2.8
67372,Val-de-Moder,4.4
67373,Pfalzweyer,2.0
67375,Pfulgriesheim,2.4
67377,Plaine,3.8
67378,Plobsheim,2.0
67379,Preuschdorf,4.1
67380,Printzheim,3.5
67381,Puberg,1.5
67382,Quatzenheim,3.7
67383,Rangen,4.5
67384,Ranrupt,3.5
67385,Ratzwiller,3.0
67386,Rauwiller,3.7
67387,Reichsfeld,2.9
67388,Reichshoffen,4.3
67389,Reichstett,5.8
67391,Reinhardsmunster,3.2
67392,Reipertswiller,1.8
67394,Retschwiller,4.6
67395,Reutenbourg,4.5
67396,Rexingen,2.9
67397,Rhinau,2.4
67398,Richtolsheim,4.1
67400,Riedseltz,4.3
67401,Rimsdorf,3.8
67403,Ringendorf,4.6
67404,Rittershoffen,4.4
67405,Rœschwoog,3.1
67406,Rohr,3.9
67407,Rohrwiller,6.2
67408,Romanswiller,3.8
67409,Roppenheim,3.9
67410,Rosenwiller,2.6
67411,Rosheim,4.3
67412,Rossfeld,3.4
67413,Rosteig,2.0
67414,Rothau,4.5
67415,Rothbach,3.5
67416,Rott,3.3
67417,Rottelsheim,6.8
67418,Rountzenheim-Auenheim,4.8
67420,Russ,5.6
67421,Saales,1.7
67422,Saasenheim,3.4
67423,Saessolsheim,4.1
67424,Saint-Blaise-la-Roche,3.8
67425,Saint-Jean-Saverne,3.7
67426,Saint-Martin,3.1
67427,Saint-Maurice,3.7
67428,Saint-Nabor,3.1
67429,Saint-Pierre,6.8
67430,Saint-Pierre-Bois,4.1
67432,Salmbach,2.4
67433,Sand,4.6
67434,Sarre-Union,3.7
67435,Sarrewerden,3.8
67436,Saulxures,3.3
67437,Saverne,3.7
67438,Schaeffersheim,4.0
67440,Schaffhouse-près-Seltz,3.6
67441,Schalkendorf,3.9
67442,Scharrachbergheim-Irmstett,4.7
67443,Scheibenhard,1.9
67444,Scherlenheim,3.1
67445,Scherwiller,6.2
67446,Schillersdorf,3.8
67447,Schiltigheim,5.3
67448,Schirmeck,5.5
67449,Schirrhein,4.6
67450,Schirrhoffen,3.3
67451,Schleithal,3.1
67452,Schnersheim,3.6
67453,Schœnau,2.2
67454,Schœnbourg,1.8
67455,Schœnenbourg,4.4
67456,Schopperten,4.0
67458,Schweighouse-sur-Moder,4.9
67459,Schwenheim,3.9
67460,Schwindratzheim,5.0
67461,Schwobsheim,4.1
67462,Sélestat,5.4
67463,Seltz,3.5
67464,Sermersheim,5.5
67465,Sessenheim,4.6
67466,Siegen,2.7
67467,Siewiller,3.1
67468,Siltzheim,4.0
67470,Solbach,2.3
67471,Souffelweyersheim,4.1
67472,Soufflenheim,5.2
67473,Soultz-les-Bains,4.1
67474,Soultz-sous-Forêts,4.2
67475,Sparsbach,2.4
67476,Stattmatten,3.6
67477,Steige,3.3
67478,Steinbourg,4.9
67479,Steinseltz,2.9
67480,Still,3.6
67481,Stotzheim,5.6
67482,Strasbourg,6.5
67483,Struth,2.0
67484,Stundwiller,3.8
67485,Stutzheim-Offenheim,4.6
67486,Sundhouse,3.8
67487,Surbourg,4.8
67488,Thal-Drulingen,3.2
67489,Thal-Marmoutier,4.2
67490,Thanvillé,4.0
67491,Tieffenbach,2.2
67492,Traenheim,4.7
67493,Triembach-au-Val,3.6
67494,Trimbach,3.9
67495,Truchtersheim,3.1
67497,Uhlwiller,3.8
67498,Uhrwiller,3.7
67499,Urbeis,2.3
67500,Urmatt,5.4
67501,Uttenheim,3.7
67502,Uttenhoffen,4.6
67503,Uttwiller,3.9
67504,Valff,5.7
67505,La Vancelle,1.2
67506,Vendenheim,5.3
67507,Villé,3.1
67508,Vœllerdingen,3.8
67509,Volksberg,1.2
67510,Wahlenheim,6.3
67511,Walbourg,5.0
67513,Waldersbach,3.5
67514,Waldhambach,1.6
67515,Waldolwisheim,4.1
67516,Waltenheim-sur-Zorn,4.7
67517,Wangen,4.5
67519,La Wantzenau,3.0
67520,Wasselonne,3.8
67521,Weinbourg,3.6
67522,Weislingen,1.8
67523,Weitbruch,3.3
67524,Weiterswiller,3.4
67525,Westhoffen,4.0
67526,Westhouse,3.6
67527,Westhouse-Marmoutier,5.1
67528,Weyer,2.6
67529,Weyersheim,3.3
67530,Wickersheim-Wilshausen,3.5
67531,Wildersbach,4.2
67532,Willgottheim,3.6
67534,Wilwisheim,3.6
67535,Wimmenau,3.2
67536,Windstein,2.3
67537,Wingen,1.1
67538,Wingen-sur-Moder,2.9
67539,Wingersheim les Quatre Bans,3.4
67540,Wintershouse,4.9
67541,Wintzenbach,2.8
67542,Wintzenheim-Kochersberg,3.4
67543,Wisches,5.6
67544,Wissembourg,3.0
67545,Witternheim,3.4
67546,Wittersheim,4.8
67547,Wittisheim,3.9
67548,Wiwersheim,3.4
67550,Wœrth,4.6
67551,Wolfisheim,7.0
67552,Wolfskirchen,3.8
67553,Wolschheim,4.7
67554,Wolxheim,3.8
67555,Zehnacker,4.6
67556,Zeinheim,4.8
67557,Zellwiller,5.3
67558,Zinswiller,3.3
67559,Zittersheim,2.2
68001,Algolsheim,2.6
68002,Altenach,1.7
68004,Altkirch,3.5
68005,Ammerschwihr,4.9
68006,Bernwiller,2.8
68007,Andolsheim,3.5
68008,Appenwihr,2.9
68009,Artzenheim,3.5
68010,Aspach,3.5
68011,Aspach-le-Bas,4.1
68012,Aspach-Michelbach,4.2
68013,Attenschwiller,2.4
68014,Aubure,1.9
68015,Baldersheim,4.3
68016,Balgau,3.4
68017,Ballersdorf,2.3
68018,Balschwiller,3.0
68019,Baltzenheim,2.9
68020,Bantzenheim,1.7
68021,Bartenheim,3.2
68022,Battenheim,3.2
68023,Beblenheim,4.4
68024,Bellemagny,2.9
68025,Bendorf,1.8
68026,Bennwihr,5.7
68027,Berentzwiller,3.7
68028,Bergheim,4.0
68029,Bergholtz,3.2
68030,Bergholtzzell,2.3
68032,Berrwiller,4.3
68033,Bettendorf,4.4
68034,Bettlach,3.0
68035,Biederthal,1.0
68036,Biesheim,2.1
68037,Biltzheim,2.6
68038,Bischwihr,3.5
68039,Bisel,2.9
68040,Bitschwiller-lès-Thann,2.2
68041,Blodelsheim,2.6
68042,Blotzheim,3.0
68043,Bollwiller,4.4
68044,Le Bonhomme,2.3
68045,Bourbach-le-Bas,2.6
68046,Bourbach-le-Haut,2.6
68049,Bouxwiller,3.6
68050,Bréchaumont,1.6
68051,Breitenbach-Haut-Rhin,4.1
68052,Bretten,2.8
68054,Brinckheim,3.0
68055,Bruebach,2.8
68056,Brunstatt-Didenheim,4.3
68057,Buethwiller,2.7
68058,Buhl,1.6
68059,Burnhaupt-le-Bas,3.7
68060,Burnhaupt-le-Haut,3.2
68061,Buschwiller,2.3
68062,Carspach,3.8
68063,Cernay,4.0
68064,Chalampé,1.5
68065,Chavannes-sur-l'Étang,1.8
68066,Colmar,4.5
68067,Courtavon,1.2
68068,Dannemarie,1.9
68069,Dessenheim,3.1
68071,Diefmatten,4.8
68072,Dietwiller,1.8
68073,Dolleren,1.5
68074,Durlinsdorf,2.5
68075,Durmenach,3.6
68076,Durrenentzen,3.0
68077,Eglingen,2.3
68078,Eguisheim,3.5
68079,Elbach,1.4
68080,Emlingen,3.8
68081,Saint-Bernard,3.2
68082,Ensisheim,2.7
68083,Eschbach-au-Val,3.7
68084,Eschentzwiller,3.1
68085,Eteimbes,2.7
68086,Falkwiller,2.2
68087,Feldbach,4.3
68088,Feldkirch,4.4
68089,Fellering,3.4
68090,Ferrette,3.1
68091,Fessenheim,2.8
68092,Fislis,2.7
68093,Flaxlanden,1.9
68094,Folgensbourg,3.3
68095,Fortschwihr,2.5
68096,Franken,4.6
68097,Fréland,3.7
68098,Friesen,2.9
68099,Frœningen,3.1
68100,Fulleren,2.5
68101,Galfingue,2.1
68102,Geishouse,1.0
68103,Geispitzen,2.5
68104,Geiswasser,2.5
68105,Gildwiller,2.4
68106,Goldbach-Altenbach,0.7
68107,Gommersdorf,2.1
68109,Griesbach-au-Val,3.5
68110,Grussenheim,2.9
68111,Gueberschwihr,3.6
68112,Guebwiller,2.9
68113,Guémar,6.9
68114,Guevenatten,1.5
68115,Guewenheim,4.1
68116,Gundolsheim,3.6
68117,Gunsbach,4.3
68118,Habsheim,3.2
68119,Hagenbach,3.0
68120,Hagenthal-le-Bas,1.9
68121,Hagenthal-le-Haut,2.2
68122,Hartmannswiller,3.8
68123,Hattstatt,4.0
68124,Hausgauen,4.2
68125,Hecken,2.9
68126,Hégenheim,2.7
68127,Heidwiller,3.5
68128,Heimersdorf,3.8
68129,Heimsbrunn,1.8
68130,Heiteren,3.5
68131,Heiwiller,3.4
68132,Helfrantzkirch,3.5
68134,Herrlisheim-près-Colmar,4.4
68135,Hésingue,3.3
68136,Hettenschlag,2.6
68137,Hindlingen,2.2
68138,Hirsingue,4.1
68139,Hirtzbach,4.4
68140,Hirtzfelden,2.5
68141,Hochstatt,4.4
68142,Hohrod,3.7
68143,Porte du Ried,4.9
68144,Hombourg,1.3
68145,Horbourg-Wihr,5.1
68146,Houssen,4.9
68147,Hunawihr,2.8
68148,Hundsbach,4.2
68149,Huningue,1.9
68150,Husseren-les-Châteaux,2.9
68151,Husseren-Wesserling,3.2
68152,Illfurth,3.0
68153,Illhaeusern,4.7
68154,Illzach,5.7
68155,Ingersheim,6.2
68156,Issenheim,4.6
68157,Jebsheim,2.6
68158,Jettingen,4.4
68159,Jungholtz,1.6
68160,Kappelen,2.8
68161,Katzenthal,5.8
68162,Kaysersberg Vignoble,4.7
68163,Kembs,2.8
68165,Kiffis,0.4
68166,Kingersheim,4.3
68167,Kirchberg,2.4
68168,Knœringue,2.8
68169,Kœstlach,3.0
68170,Kœtzingue,1.9
68171,Kruth,3.0
68172,Kunheim,3.2
68173,Labaroche,2.6
68174,Landser,1.6
68175,Lapoutroie,3.6
68176,Largitzen,3.1
68177,Lautenbach,1.0
68178,Lautenbachzell,1.0
68179,Lauw,3.1
68180,Leimbach,2.1
68181,Levoncourt,0.6
68182,Leymen,1.1
68183,Liebenswiller,1.7
68184,Liebsdorf,2.3
68185,Lièpvre,3.1
68186,Ligsdorf,1.8
68187,Linsdorf,2.6
68188,Linthal,0.6
68189,Logelheim,3.4
68190,Lucelle,0.3
68191,Luemschwiller,2.5
68192,Valdieu-Lutran,1.5
68193,Luttenbach-près-Munster,4.1
68194,Lutter,1.9
68195,Lutterbach,5.2
68196,Magny,2.1
68197,Magstatt-le-Bas,2.4
68198,Magstatt-le-Haut,1.5
68199,Malmerspach,2.4
68200,Manspach,1.9
68201,Masevaux-Niederbruck,2.9
68202,Mertzen,2.1
68203,Merxheim,3.2
68204,Metzeral,3.2
68205,Meyenheim,2.7
68207,Michelbach-le-Bas,2.4
68208,Michelbach-le-Haut,2.6
68209,Mittelwihr,4.7
68210,Mittlach,2.8
68211,Mitzach,3.1
68212,Mœrnach,3.3
68213,Mollau,3.2
68214,Montreux-Jeune,1.6
68215,Montreux-Vieux,1.5
68216,Mooslargue,2.6
68217,Moosch,2.7
68218,Morschwiller-le-Bas,4.1
68219,Le Haut Soultzbach,2.7
68221,Muespach,3.3
68222,Muespach-le-Haut,3.6
68223,Muhlbach-sur-Munster,3.7
68224,Mulhouse,3.9
68225,Munchhouse,1.8
68226,Munster,4.3
68227,Muntzenheim,3.9
68228,Munwiller,3.1
68229,Murbach,0.9
68230,Nambsheim,3.0
68231,Neuf-Brisach,3.0
68232,Neuwiller,0.8
68234,Niederentzen,3.5
68235,Niederhergheim,3.8
68237,Niedermorschwihr,3.7
68238,Niffer,1.5
68239,Oberbruck,2.3
68240,Illtal,5.1
68241,Oberentzen,2.9
68242,Oberhergheim,2.6
68243,Oberlarg,1.0
68244,Obermorschwihr,3.8
68245,Obermorschwiller,2.1
68246,Obersaasheim,3.1
68247,Oderen,3.3
68248,Oltingue,2.6
68249,Orbey,3.8
68250,Orschwihr,2.2
68251,Osenbach,1.1
68252,Ostheim,6.7
68253,Ottmarsheim,1.6
68254,Petit-Landau,1.2
68255,Pfaffenheim,4.4
68256,Pfastatt,5.3
68257,Pfetterhouse,0.8
68258,Pulversheim,3.3
68259,Raedersdorf,1.9
68260,Raedersheim,4.3
68261,Rammersmatt,1.8
68262,Ranspach,3.3
68263,Ranspach-le-Bas,2.8
68264,Ranspach-le-Haut,2.9
68265,Rantzwiller,1.9
68266,Réguisheim,2.1
68267,Reiningue,2.8
68268,Retzwiller,1.7
68269,Ribeauvillé,2.7
68270,Richwiller,3.6
68271,Riedisheim,2.8
68273,Riespach,3.8
68274,Rimbach-près-Guebwiller,0.6
68275,Rimbach-près-Masevaux,1.5
68276,Rimbachzell,0.8
68277,Riquewihr,3.1
68278,Rixheim,4.5
68279,Roderen,2.7
68280,Rodern,4.2
68281,Roggenhouse,2.2
68282,Romagny,1.9
68283,Rombach-le-Franc,2.9
68284,Roppentzwiller,4.2
68285,Rorschwihr,4.2
68286,Rosenau,2.8
68287,Rouffach,3.5
68288,Ruederbach,3.7
68289,Ruelisheim,2.1
68290,Rustenhart,2.8
68291,Rumersheim-le-Haut,1.9
68292,Saint-Amarin,3.2
68293,Saint-Cosme,2.1
68294,Sainte-Croix-aux-Mines,3.7
68295,Sainte-Croix-en-Plaine,4.2
68296,Saint-Hippolyte,4.3
68297,Saint-Louis,2.8
68298,Sainte-Marie-aux-Mines,3.5
68299,Saint-Ulrich,1.6
68300,Sausheim,4.1
68301,Schlierbach,2.3
68302,Schweighouse-Thann,3.2
68303,Schwoben,4.3
68304,Sentheim,3.6
68305,Seppois-le-Bas,2.4
68306,Seppois-le-Haut,2.8
68307,Sewen,1.5
68308,Sickert,2.5
68309,Sierentz,3.4
68311,Sondernach,2.8
68312,Sondersdorf,2.6
68313,Soppe-le-Bas,3.9
68315,Soultz-Haut-Rhin,3.7
68316,Soultzbach-les-Bains,2.7
68317,Soultzeren,3.2
68318,Soultzmatt,2.4
68320,Spechbach,3.5
68321,Staffelfelden,3.5
68322,Steinbach,2.4
68323,Steinbrunn-le-Bas,1.6
68324,Steinbrunn-le-Haut,1.6
68325,Steinsoultz,4.3
68326,Sternenberg,2.1
68327,Stetten,2.4
68328,Storckensohn,3.1
68329,Stosswihr,3.7
68330,Strueth,2.1
68331,Sundhoffen,3.8
68332,Tagolsheim,3.8
68333,Tagsdorf,3.8
68334,Thann,2.6
68335,Thannenkirch,1.6
68336,Traubach-le-Bas,1.0
68337,Traubach-le-Haut,1.5
68338,Turckheim,4.4
68340,Ueberstrass,2.9
68341,Uffheim,2.1
68342,Uffholtz,3.7
68343,Ungersheim,4.3
68344,Urbès,3.2
68345,Urschenheim,2.6
68347,Vieux-Ferrette,3.7
68348,Vieux-Thann,3.4
68349,Village-Neuf,2.3
68350,Vœgtlinshoffen,2.7
68351,Vogelgrun,2.9
68352,Volgelsheim,3.0
68353,Wahlbach,1.8
68354,Walbach,3.5
68355,Waldighofen,4.0
68356,Walheim,3.4
68357,Waltenheim,2.3
68358,Wasserbourg,1.2
68359,Wattwiller,2.8
68360,Weckolsheim,3.1
68361,Wegscheid,2.4
68362,Wentzwiller,2.8
68363,Werentzhouse,3.7
68364,Westhalten,3.0
68365,Wettolsheim,5.0
68366,Wickerschwihr,3.7
68367,Widensolen,3.3
68368,Wihr-au-Val,4.0
68370,Wildenstein,2.4
68371,Willer,4.7
68372,Willer-sur-Thur,2.5
68373,Winkel,1.3
68374,Wintzenheim,4.3
68375,Wittelsheim,2.9
68376,Wittenheim,2.5
68377,Wittersdorf,3.8
68378,Wolfersdorf,1.7
68379,Wolfgantzen,2.9
68380,Wolschwiller,1.9
68381,Wuenheim,2.8
68382,Zaessingue,1.7
68383,Zellenberg,4.3
68384,Zillisheim,2.5
68385,Zimmerbach,3.3
68386,Zimmersheim,2.8
69001,Affoux,1.5
69002,Aigueperse,2.3
69003,Albigny-sur-Saône,3.2
69004,Alix,4.6
69005,Ambérieux,7.8
69006,Amplepuis,3.2
69007,Ampuis,3.2
69008,Ancy,2.0
69009,Anse,6.7
69010,L'Arbresle,4.0
69012,Les Ardillats,2.2
69013,Arnas,4.8
69014,Aveize,3.8
69016,Azolette,1.3
69017,Bagnols,3.2
69018,Beaujeu,2.2
69019,Belleville-en-Beaujolais,4.5
69020,Belmont-d'Azergues,4.4
69021,Bessenay,2.7
69022,Bibost,2.5
69023,Blacé,3.1
69024,Val d'Oingt,2.8
69026,Le Breuil,3.8
69027,Brignais,3.4
69028,Brindas,3.7
69029,Bron,4.9
69030,Brullioles,3.2
69031,Brussieu,2.5
69032,Bully,3.4
69033,Cailloux-sur-Fontaines,4.1
69034,Caluire-et-Cuire,4.6
69035,Cenves,2.6
69036,Cercié,3.1
69037,Chambost-Allières,2.1
69038,Chambost-Longessaigne,3.2
69039,Chamelet,2.3
69040,Champagne-au-Mont-d'Or,3.3
69042,La Chapelle-sur-Coise,2.8
69043,Chaponost,4.5
69044,Charbonnières-les-Bains,5.5
69045,Charentay,2.7
69046,Charly,3.7
69047,Charnay,4.3
69049,Chasselay,4.1
69050,Châtillon,3.3
69051,Chaussan,2.0
69052,Chazay-d'Azergues,4.0
69053,Chénas,2.0
69054,Chénelette,2.6
69055,Les Chères,5.1
69056,Chessy,3.6
69057,Chevinay,2.4
69058,Chiroubles,2.1
69059,Civrieux-d'Azergues,4.9
69060,Claveisolles,1.9
69061,Cogny,3.6
69062,Coise,2.4
69063,Collonges-au-Mont-d'Or,2.6
69064,Condrieu,3.4
69065,Corcelles-en-Beaujolais,2.8
69066,Cours,1.5
69067,Courzieu,2.1
69068,Couzon-au-Mont-d'Or,2.5
69069,Craponne,3.3
69070,Cublize,2.1
69071,Curis-au-Mont-d'Or,2.8
69072,Dardilly,3.8
69074,Denicé,4.0
69075,Dième,1.4
69076,Dommartin,3.9
69077,Dracé,2.8
69078,Duerne,3.6
69080,Échalas,1.8
69081,Écully,4.3
69082,Émeringes,1.1
69083,Éveux,4.0
69084,Fleurie,2.4
69085,Fleurieu-sur-Saône,3.4
69086,Fleurieux-sur-l'Arbresle,3.3
69087,Fontaines-Saint-Martin,2.9
69088,Fontaines-sur-Saône,3.0
69089,Francheville,3.6
69090,Frontenas,3.7
69091,Givors,5.0
69092,Gleizé,4.0
69093,Grandris,2.2
69094,Grézieu-la-Varenne,3.2
69095,Grézieu-le-Marché,4.3
69096,Grigny,2.2
69097,Les Haies,0.7
69098,Les Halles,2.5
69099,Haute-Rivoire,2.4
69100,Irigny,3.0
69102,Joux,1.5
69103,Juliénas,2.0
69104,Jullié,2.2
69105,Lacenas,4.0
69106,Lachassagne,4.4
69107,Lamure-sur-Azergues,2.3
69108,Lancié,2.7
69109,Lantignié,2.2
69110,Larajasse,2.9
69111,Légny,3.1
69112,Lentilly,4.5
69113,Létra,2.2
69115,Limas,3.4
69116,Limonest,4.8
69117,Lissieu,5.3
69118,Loire-sur-Rhône,2.1
69119,Longes,0.8
69120,Longessaigne,2.6
69121,Lozanne,4.2
69122,Lucenay,3.4
69124,Marchampt,1.4
69125,Marcilly-d'Azergues,4.2
69126,Marcy,4.7
69127,Marcy-l'Étoile,4.0
69130,Meaux-la-Montagne,1.1
69131,Messimy,3.0
69132,Meys,2.6
69133,Millery,2.5
69134,Moiré,3.2
69135,Deux-Grosnes,2.4
69136,Montagny,2.9
69137,Montmelas-Saint-Sorlin,2.6
69138,Montromant,1.0
69139,Montrottier,2.1
69140,Morancé,4.0
69141,Mornant,2.3
69142,La Mulatière,8.4
69143,Neuville-sur-Saône,3.9
69145,Odenas,3.2
69148,Orliénas,3.0
69149,Oullins-Pierre-Bénite,3.3
69151,Le Perréon,2.7
69153,Poleymieux-au-Mont-d'Or,2.8
69154,Pollionnay,2.9
69155,Pomeys,3.3
69156,Pommiers,4.1
69157,Vindry-sur-Turdine,3.0
69159,Porte des Pierres Dorées,3.4
69160,Poule-les-Écharmeaux,2.8
69161,Propières,1.6
69162,Quincié-en-Beaujolais,2.3
69163,Quincieux,5.1
69164,Ranchal,1.1
69165,Régnié-Durette,2.7
69166,Riverie,2.0
69167,Rivolet,2.1
69168,Rochetaillée-sur-Saône,3.2
69169,Ronno,2.6
69170,Rontalon,2.7
69171,Sain-Bel,3.2
69172,Salles-Arbuissonnas-en-Beaujolais,2.9
69173,Sarcey,4.1
69174,Les Sauvages,3.3
69175,Savigny,2.7
69176,Soucieu-en-Jarrest,3.4
69177,Sourcieux-les-Mines,2.9
69178,Souzy,2.7
69179,Beauvallon,3.7
69180,Saint-André-la-Côte,2.1
69181,Saint-Appolinaire,1.2
69182,Saint-Bonnet-des-Bruyères,2.9
69183,Saint-Bonnet-le-Troncy,0.7
69184,Sainte-Catherine,1.9
69186,Saint-Clément-de-Vers,1.2
69187,Saint-Clément-les-Places,2.8
69188,Saint-Clément-sur-Valsonne,1.6
69189,Sainte-Colombe,3.3
69190,Sainte-Consorce,3.1
69191,Saint-Cyr-au-Mont-d'Or,1.8
69192,Saint-Cyr-le-Chatoux,1.6
69193,Saint-Cyr-sur-le-Rhône,2.2
69194,Saint-Didier-au-Mont-d'Or,3.1
69196,Saint-Didier-sur-Beaujeu,2.4
69197,Saint-Étienne-des-Oullières,3.3
69198,Saint-Étienne-la-Varenne,2.6
69199,Saint-Fons,8.4
69200,Saint-Forgeux,2.5
69201,Sainte-Foy-l'Argentière,2.9
69202,Sainte-Foy-lès-Lyon,3.0
69203,Saint-Genis-l'Argentière,2.3
69204,Saint-Genis-Laval,3.5
69205,Saint-Genis-les-Ollières,3.6
69206,Saint-Georges-de-Reneins,3.8
69207,Saint-Germain-au-Mont-d'Or,3.1
69208,Saint-Germain-Nuelles,3.7
69209,Saint-Igny-de-Vers,2.9
69212,Saint-Jean-des-Vignes,4.0
69214,Saint-Jean-la-Bussière,3.4
69215,Saint-Julien,3.4
69216,Saint-Julien-sur-Bibost,2.6
69217,Saint-Just-d'Avray,2.2
69218,Saint-Lager,3.1
69219,Saint-Laurent-d'Agny,2.6
69220,Saint-Laurent-de-Chamousset,2.5
69225,Saint-Marcel-l'Éclairé,2.1
69227,Saint-Martin-en-Haut,2.0
69228,Chabanière,2.6
69229,Saint-Nizier-d'Azergues,1.9
69230,Sainte-Paule,1.7
69231,Saint-Pierre-la-Palud,3.0
69233,Saint-Romain-au-Mont-d'Or,2.7
69234,Saint-Romain-de-Popey,3.5
69235,Saint-Romain-en-Gal,3.2
69236,Saint-Romain-en-Gier,4.1
69238,Saint-Symphorien-sur-Coise,3.1
69239,Saint-Vérand,3.1
69240,Saint-Vincent-de-Reins,1.4
69241,Taluyers,3.2
69242,Taponas,2.4
69243,Tarare,2.0
69244,Tassin-la-Demi-Lune,5.1
69245,Ternand,2.3
69246,Theizé,3.0
69248,Thizy-les-Bourgs,2.5
69249,Thurins,2.8
69250,La Tour-de-Salvagny,5.1
69252,Trèves,1.9
69253,Tupin-et-Semons,2.0
69254,Valsonne,1.4
69255,Vaugneray,2.9
69256,Vaulx-en-Velin,3.8
69257,Vaux-en-Beaujolais,1.8
69258,Vauxrenard,1.7
69259,Vénissieux,4.7
69260,Vernaison,6.1
69261,Vernay,1.6
69263,Villechenève,2.6
69264,Villefranche-sur-Saône,3.7
69265,Ville-sur-Jarnioux,2.6
69266,Villeurbanne,3.8
69267,Villié-Morgon,3.0
69268,Vourles,4.2
69269,Yzeron,1.7
69270,Chaponnay,3.3
69271,Chassieu,3.2
69272,Communay,4.2
69273,Corbas,5.4
69275,Décines-Charpieu,2.6
69276,Feyzin,5.2
69277,Genas,3.4
69278,Genay,4.1
69279,Jonage,1.4
69280,Jons,2.1
69281,Marennes,4.4
69282,Meyzieu,4.8
69283,Mions,3.3
69284,Montanay,4.1
69285,Pusignan,3.3
69286,Rillieux-la-Pape,3.8
69287,Saint-Bonnet-de-Mure,2.7
69288,Saint-Laurent-de-Mure,3.1
69289,Saint-Pierre-de-Chandieu,1.9
69290,Saint-Priest,3.1
69291,Saint-Symphorien-d'Ozon,4.3
69292,Sathonay-Camp,3.6
69293,Sathonay-Village,4.6
69294,Sérézin-du-Rhône,6.9
69295,Simandres,2.6
69296,Solaize,4.9
69297,Ternay,3.0
69298,Toussieu,3.2
69299,Colombier-Saugnieu,3.4
69381,Lyon 1er Arrondissement,3.6
69382,Lyon 2e Arrondissement,7.6
69383,Lyon 3e Arrondissement,4.6
69384,Lyon 4e Arrondissement,3.1
69385,Lyon 5e Arrondissement,3.5
69386,Lyon 6e Arrondissement,4.7
69387,Lyon 7e Arrondissement,4.8
69388,Lyon 8e Arrondissement,4.9
69389,Lyon 9e Arrondissement,4.7
70001,Abelcourt,2.1
70002,Aboncourt-Gesincourt,4.2
70003,Achey,4.9
70004,Adelans-et-le-Val-de-Bithaine,1.9
70005,Aillevans,2.9
70006,Aillevillers-et-Lyaumont,3.3
70007,Ailloncourt,3.4
70008,Ainvelle,2.3
70009,Aisey-et-Richecourt,3.0
70010,Alaincourt,2.4
70011,Amage,3.6
70012,Amance,3.3
70013,Ambiévillers,3.2
70014,Amblans-et-Velotte,2.4
70015,Amoncourt,2.5
70016,Amont-et-Effreney,2.2
70017,Anchenoncourt-et-Chazel,2.6
70018,Ancier,4.8
70019,Andelarre,3.0
70020,Andelarrot,3.0
70021,Andornay,3.9
70022,Angirey,3.9
70023,Anjeux,3.0
70024,Apremont,3.4
70025,Arbecey,4.5
70026,Arc-lès-Gray,4.6
70027,Argillières,1.2
70028,Aroz,3.6
70029,Arpenans,2.8
70030,Arsans,3.1
70031,Athesans-Étroitefontaine,3.1
70032,Attricourt,2.3
70035,Augicourt,4.1
70036,Aulx-lès-Cromary,5.8
70037,Autet,3.7
70038,Authoison,1.5
70039,Autoreille,3.5
70040,Autrey-lès-Cerre,2.2
70041,Autrey-lès-Gray,4.0
70042,Autrey-le-Vay,4.2
70043,Auvet-et-la-Chapelotte,4.7
70044,Auxon,4.3
70045,Avrigney-Virey,3.7
70046,Les Aynans,2.9
70047,Baignes,3.7
70048,Bard-lès-Pesmes,3.4
70049,Barges,4.2
70050,La Barre,3.5
70051,La Basse-Vaivre,1.8
70052,Bassigney,1.5
70053,Les Bâties,4.8
70054,Battrans,4.0
70055,Baudoncourt,3.5
70056,Baulay,4.1
70057,Bay,4.6
70058,Beaujeu-Saint-Vallier-Pierrejux-et-Quitteur,3.7
70059,Beaumotte-Aubertans,3.2
70060,Beaumotte-lès-Pin,3.8
70061,Belfahy,0.0
70062,Belmont,3.3
70063,Belonchamp,3.8
70064,Belverne,2.6
70065,Besnans,2.6
70066,Betaucourt,4.0
70067,Betoncourt-lès-Brotte,1.7
70069,Betoncourt-Saint-Pancras,2.9
70070,Betoncourt-sur-Mance,1.9
70071,Beulotte-Saint-Laurent,1.6
70072,Beveuge,3.4
70074,Blondefontaine,5.1
70075,Bonboillon,5.2
70076,Bonnevent-Velloreille,3.0
70077,Borey,2.2
70078,Bougey,3.8
70079,Bougnon,5.0
70080,Bouhans-et-Feurg,3.7
70081,Bouhans-lès-Lure,2.0
70082,Bouhans-lès-Montbozon,3.0
70083,Bouligney,3.7
70084,Boulot,4.2
70085,Boult,4.6
70086,Bourbévelle,2.8
70087,Bourguignon-lès-Conflans,1.5
70088,Bourguignon-lès-la-Charité,3.4
70089,Bourguignon-lès-Morey,0.7
70090,Boursières,4.9
70091,Bousseraucourt,1.1
70092,Bresilley,4.0
70093,Breuches,3.7
70094,Breuchotte,3.1
70095,Breurey-lès-Faverney,1.5
70096,Brevilliers,3.8
70097,Briaucourt,1.9
70098,Brotte-lès-Luxeuil,3.7
70099,Brotte-lès-Ray,3.3
70100,Broye-les-Loups-et-Verfontaine,2.1
70101,Broye-Aubigney-Montseugny,2.7
70102,Brussey,3.7
70103,La Bruyère,2.7
70104,Bucey-lès-Gy,3.1
70105,Bucey-lès-Traves,5.4
70106,Buffignécourt,2.9
70107,Bussières,4.4
70109,Buthiers,5.4
70111,Calmoutier,3.4
70112,Cemboing,4.2
70113,Cenans,4.2
70114,Cendrecourt,4.8
70115,Cerre-lès-Noroy,2.2
70116,Chagey,3.1
70117,Châlonvillars,2.6
70118,Chambornay-lès-Bellevaux,5.6
70119,Chambornay-lès-Pin,3.9
70120,Champagney,2.7
70121,Champey,2.2
70122,Champlitte,3.7
70124,Champtonnay,4.7
70125,Champvans,4.4
70126,Chancey,3.3
70127,Chantes,2.9
70128,La Chapelle-lès-Luxeuil,3.4
70129,La Chapelle-Saint-Quillain,5.3
70130,Charcenne,3.5
70132,Chargey-lès-Gray,5.4
70133,Chargey-lès-Port,3.9
70134,Chariez,4.3
70135,Charmes-Saint-Valbert,0.5
70136,Charmoille,5.4
70137,Chassey-lès-Montbozon,4.0
70138,Chassey-lès-Scey,4.5
70140,Châteney,1.9
70141,Châtenois,1.9
70142,Chaumercenne,3.9
70143,Chauvirey-le-Châtel,2.2
70144,Chauvirey-le-Vieil,2.2
70145,Chaux-la-Lotière,3.4
70146,Chaux-lès-Port,4.1
70147,Chavanne,2.0
70148,Chemilly,3.9
70149,Chenebier,1.9
70150,Chenevrey-et-Morogne,5.0
70151,Chevigney,3.6
70152,Choye,4.2
70153,Cintrey,3.0
70154,Cirey,5.3
70155,Citers,2.9
70156,Citey,3.1
70157,Clairegoutte,3.3
70158,Clans,4.4
70159,Cognières,3.4
70160,Coisevaux,2.1
70162,Colombe-lès-Vesoul,4.6
70163,Colombier,4.3
70164,Colombotte,3.0
70165,Combeaufontaine,3.2
70166,Comberjon,5.3
70167,Conflandey,2.3
70168,Conflans-sur-Lanterne,2.2
70169,Confracourt,1.2
70170,Contréglise,2.9
70171,Corbenay,3.5
70172,La Corbière,3.6
70174,Cordonnet,1.6
70175,Cornot,1.2
70176,Corravillers,1.8
70177,Corre,3.6
70178,La Côte,4.3
70179,Coulevon,4.6
70180,Courchaton,2.9
70181,Courcuire,3.3
70182,Courmont,2.1
70183,Courtesoult-et-Gatey,3.6
70184,Couthenans,2.8
70185,Cresancey,3.7
70186,La Creuse,1.8
70187,Crevans-et-la-Chapelle-lès-Granges,2.6
70188,Creveney,1.9
70189,Cromary,6.0
70190,Cubry-lès-Faverney,1.9
70192,Cugney,3.1
70193,Cult,3.4
70194,Cuve,3.4
70195,Dambenoît-lès-Colombe,1.2
70196,Dampierre-lès-Conflans,1.2
70197,Dampierre-sur-Linotte,2.0
70198,Dampierre-sur-Salon,3.7
70199,Dampvalley-lès-Colombe,4.3
70200,Dampvalley-Saint-Pancras,3.0
70201,Delain,4.0
70202,Demangevelle,1.8
70203,La Demie,4.5
70204,Denèvre,4.0
70205,Échavanne,2.6
70206,Échenans-sous-Mont-Vaudois,3.1
70207,Échenoz-la-Méline,4.6
70208,Échenoz-le-Sec,3.0
70210,Écromagny,3.9
70211,Écuelle,4.5
70213,Éhuns,2.0
70214,Équevilley,1.3
70215,Errevet,3.6
70216,Esboz-Brest,3.1
70217,Esmoulières,1.4
70218,Esmoulins,3.8
70219,Esprels,4.8
70220,Essertenne-et-Cecey,3.3
70221,Étobon,2.6
70222,Étrelles-et-la-Montbleuse,3.2
70224,Étuz,4.8
70225,Fahy-lès-Autrey,2.2
70226,Fallon,4.5
70227,Faucogney-et-la-Mer,2.3
70228,Faverney,2.2
70229,Faymont,1.4
70230,Fédry,2.4
70231,Ferrières-lès-Ray,3.6
70232,Ferrières-lès-Scey,3.8
70233,Les Fessey,2.7
70234,Filain,1.8
70235,Flagy,2.8
70236,Fleurey-lès-Faverney,2.2
70237,Fleurey-lès-Lavoncourt,1.6
70238,Fleurey-lès-Saint-Loup,2.9
70239,Fondremand,3.2
70240,Fontaine-lès-Luxeuil,4.5
70242,Fontenois-la-Ville,3.3
70243,Fontenois-lès-Montbozon,2.8
70244,Fouchécourt,2.8
70245,Fougerolles-Saint-Valbert,4.9
70247,Fouvent-Saint-Andoche,2.3
70248,Frahier-et-Chatebier,3.1
70249,Francalmont,2.6
70250,Franchevelle,3.4
70251,Francourt,1.4
70252,Framont,5.6
70253,Frasne-le-Château,3.9
70254,Frédéric-Fontaine,3.7
70255,Fresne-Saint-Mamès,5.6
70256,Fresse,1.7
70257,Fretigney-et-Velloreille,4.3
70258,Froideconche,4.3
70259,Froideterre,4.5
70260,Frotey-lès-Lure,3.5
70261,Frotey-lès-Vesoul,5.8
70262,Genevreuille,2.3
70263,Genevrey,2.0
70264,Georfans,3.4
70265,Germigney,3.1
70267,Gevigney-et-Mercey,5.3
70268,Gézier-et-Fontenelay,3.9
70269,Girefontaine,2.7
70271,Gouhenans,3.0
70272,Gourgeon,1.8
70273,Grammont,3.1
70274,Grandecourt,2.1
70275,Grandvelle-et-le-Perrenot,3.2
70276,Granges-la-Ville,1.9
70277,Granges-le-Bourg,1.7
70278,Grattery,4.5
70279,Gray,4.1
70280,Gray-la-Ville,4.1
70282,Gy,3.1
70283,Haut-du-Them-Château-Lambert,2.8
70284,Hautevelle,3.3
70285,Héricourt,3.5
70286,Hugier,4.3
70287,Hurecourt,2.2
70288,Hyet,2.4
70289,Igny,3.6
70290,Jasney,2.8
70291,Jonvelle,1.5
70292,Jussey,4.9
70293,Lambrey,3.5
70294,Lantenot,4.0
70295,La Lanterne-et-les-Armonts,2.7
70296,Larians-et-Munans,2.6
70297,Larret,2.3
70298,Lavigney,1.0
70299,Lavoncourt,2.7
70301,Lieffrans,4.3
70302,Lieucourt,1.8
70303,Liévans,1.7
70304,Linexert,3.1
70305,Lœuilley,2.3
70306,Lomont,2.8
70307,Longevelle,3.3
70308,La Longine,1.3
70309,Loulans-Verchamp,3.6
70310,Lure,3.2
70311,Luxeuil-les-Bains,3.7
70312,Luze,2.1
70313,Lyoffans,3.9
70314,Magnivray,3.5
70315,Magnoncourt,2.7
70316,Le Magnoray,1.5
70317,Les Magny,2.9
70318,Magny-Danigon,2.8
70319,Magny-Jobert,3.9
70320,Magny-lès-Jussey,4.2
70321,Magny-Vernois,3.2
70322,Mailleroncourt-Charette,2.2
70323,Mailleroncourt-Saint-Pancras,3.3
70324,Mailley-et-Chazelot,2.8
70325,Maizières,3.5
70326,La Malachère,3.4
70327,Malans,2.1
70328,Malbouhans,4.4
70329,Malvillers,1.7
70330,Mandrevillars,2.6
70331,Mantoche,3.0
70332,Marast,3.3
70334,Marnay,4.2
70335,Maussans,2.9
70336,Mélecey,3.2
70337,Melin,2.7
70338,Melincourt,3.2
70339,Mélisey,4.3
70340,Membrey,3.5
70341,Menoux,1.8
70342,Mercey-sur-Saône,3.5
70343,Mersuay,1.4
70344,Meurcourt,2.2
70347,Mignavillers,2.8
70348,Moffans-et-Vacheresse,3.5
70349,Moimay,4.0
70350,Molay,1.7
70351,Mollans,2.6
70352,La Montagne,1.2
70353,Montagney,3.7
70355,Montarlot-lès-Rioz,2.7
70356,Montboillon,2.6
70357,Montbozon,3.2
70358,Montcey,3.6
70359,Montcourt,3.3
70360,Montdoré,2.2
70361,Montessaux,3.8
70362,Montigny-lès-Cherlieu,3.2
70363,Montigny-lès-Vesoul,5.0
70364,Montjustin-et-Velotte,1.5
70366,Villers-Chemin-et-Mont-lès-Étrelles,3.8
70367,Mont-le-Vernois,4.6
70368,Montot,4.1
70369,Mont-Saint-Léger,1.6
70371,Montureux-et-Prantigny,4.9
70372,Montureux-lès-Baulay,3.6
70373,La Roche-Morey,0.5
70374,Motey-Besuche,3.2
70376,Nantilly,4.8
70378,Navenne,4.6
70380,Neurey-en-Vaux,0.8
70381,Neurey-lès-la-Demie,3.5
70383,Neuvelle-lès-Cromary,4.8
70384,Neuvelle-lès-la-Charité,4.6
70385,La Neuvelle-lès-Lure,3.8
70386,La Neuvelle-lès-Scey,2.7
70387,Noidans-le-Ferroux,4.8
70388,Noidans-lès-Vesoul,5.0
70389,Noiron,3.1
70390,Noroy-le-Bourg,3.5
70392,Oigney,3.7
70393,Oiselay-et-Grachaux,3.6
70394,Onay,3.6
70395,Oppenans,2.1
70396,Oricourt,1.9
70397,Ormenans,3.1
70398,Ormoiche,4.0
70399,Ormoy,3.8
70400,Ouge,3.4
70401,Ovanches,3.9
70402,Oyrières,4.7
70403,Palante,3.9
70404,Passavant-la-Rochère,2.5
70405,Pennesières,1.9
70406,Percey-le-Grand,3.6
70407,Perrouse,6.0
70408,Pesmes,3.2
70409,Pierrecourt,2.5
70410,Pin,3.8
70411,La Pisseure,2.6
70412,Plainemont,2.1
70413,Plancher-Bas,2.7
70414,Plancher-les-Mines,1.4
70415,Polaincourt-et-Clairefontaine,3.9
70416,Pomoy,1.8
70417,Pontcey,4.7
70418,La Romaine,4.8
70419,Pont-du-Bois,3.0
70420,Pont-sur-l'Ognon,4.0
70421,Port-sur-Saône,4.6
70422,Poyans,3.5
70423,Preigney,3.2
70425,La Proiselière-et-Langle,2.7
70426,Provenchère,2.4
70427,Purgerot,3.7
70428,Pusey,6.0
70429,Pusy-et-Épenoux,4.0
70430,La Quarte,2.2
70431,Quenoche,2.4
70432,Quers,3.7
70433,Quincey,5.4
70435,Raddon-et-Chapendu,3.1
70436,Raincourt,4.0
70437,Ranzevelle,4.5
70438,Ray-sur-Saône,3.3
70439,Raze,4.9
70440,Recologne,3.3
70441,Recologne-lès-Rioz,3.5
70442,Renaucourt,1.6
70443,La Grande-Résie,3.4
70444,La Résie-Saint-Martin,3.1
70445,Rignovelle,3.0
70446,Rigny,5.1
70447,Rioz,5.0
70448,Roche-et-Raucourt,2.2
70449,Roche-sur-Linotte-et-Sorans-les-Cordiers,3.1
70450,La Rochelle,1.4
70451,Ronchamp,3.6
70452,Rosey,3.7
70453,La Rosière,1.2
70454,Rosières-sur-Mance,1.9
70455,Roye,4.0
70456,Ruhans,1.3
70457,Rupt-sur-Saône,3.8
70459,Saint-Barthélemy,4.2
70460,Saint-Bresson,1.7
70461,Saint-Broing,3.4
70462,Saint-Ferjeux,3.4
70463,Saint-Gand,5.1
70464,Saint-Germain,4.4
70466,Saint-Loup-Nantouard,4.1
70467,Saint-Loup-sur-Semouse,3.7
70468,Saint-Marcel,4.4
70469,Sainte-Marie-en-Chanois,2.4
70470,Sainte-Marie-en-Chaux,3.4
70471,Sainte-Reine,3.0
70472,Saint-Rémy-en-Comté,2.2
70473,Saint-Sauveur,4.2
70474,Saint-Sulpice,3.4
70476,Saponcourt,3.4
70477,Saulnot,2.3
70478,Saulx,2.9
70479,Sauvigney-lès-Gray,3.8
70480,Sauvigney-lès-Pesmes,2.4
70481,Savoyeux,3.5
70482,Scey-sur-Saône-et-Saint-Albin,4.7
70483,Scye,4.1
70484,Secenans,3.3
70485,Selles,2.4
70486,Semmadon,2.8
70487,Senargent-Mignafans,2.8
70488,Senoncourt,3.4
70489,Servance-Miellin,3.0
70490,Servigney,2.5
70491,Seveux-Motey,3.8
70492,Soing-Cubry-Charentenay,4.7
70493,Sorans-lès-Breurey,6.0
70494,Sornay,4.6
70496,Tartécourt,3.7
70498,Ternuay-Melay-et-Saint-Hilaire,3.7
70499,Theuley,2.5
70500,Thieffrans,3.4
70501,Thiénans,2.6
70502,Tincey-et-Pontrebeau,3.3
70503,Traitiéfontaine,5.3
70504,Traves,5.3
70505,Le Tremblois,3.2
70506,Trémoins,3.2
70507,Trésilley,3.4
70509,Tromarey,3.6
70510,Vadans,2.9
70511,Vaite,3.5
70512,La Vaivre,3.6
70513,Vaivre-et-Montoille,6.0
70514,Valay,4.1
70515,Le Val-de-Gouhenans,3.3
70516,Vallerois-le-Bois,3.1
70517,Vallerois-Lorioz,3.0
70518,Le Val-Saint-Éloi,1.1
70519,Vandelans,4.5
70520,Vanne,3.4
70521,Vantoux-et-Longevelle,3.1
70522,Varogne,2.6
70523,Vars,4.7
70524,Vauchoux,4.3
70525,Vauconcourt-Nervezain,0.8
70526,Vauvillers,3.1
70527,Vaux-le-Moncelot,3.9
70528,Velesmes-Échevanne,4.3
70529,Velet,4.0
70530,Vellechevreux-et-Courbenans,2.9
70531,Velleclaire,3.2
70532,Vellefaux,3.3
70533,Vellefrey-et-Vellefrange,3.3
70534,Vellefrie,2.9
70535,Velleguindry-et-Levrecey,3.0
70536,Velle-le-Châtel,6.0
70537,Velleminfroy,1.9
70538,Vellemoz,3.6
70539,Vellexon-Queutrey-et-Vaudey,4.7
70540,Velloreille-lès-Choye,4.2
70541,Velorcey,2.5
70542,Venère,5.0
70544,La Vergenne,3.3
70545,Venisey,4.1
70546,Vereux,5.3
70547,Verlans,2.9
70548,Vernois-sur-Mance,4.1
70549,La Vernotte,3.9
70550,Vesoul,5.4
70552,Villafans,3.3
70553,Villargent,3.2
70554,Villars-le-Pautel,3.0
70555,La Villedieu-en-Fontenette,2.2
70557,Villefrancon,4.2
70558,La Villeneuve-Bellenoye-et-la-Maize,2.5
70559,Villeparois,4.6
70560,Villers-Bouton,2.0
70561,Villersexel,4.1
70562,Villers-la-Ville,3.2
70563,Villers-le-Sec,3.7
70564,Villers-lès-Luxeuil,2.5
70565,Villers-Pater,3.0
70566,Villers-sur-Port,3.5
70567,Villers-sur-Saulnot,2.6
70568,Villers-Vaudey,0.3
70569,Vilory,1.0
70571,Visoncourt,1.7
70572,Vitrey-sur-Mance,3.9
70573,La Voivre,3.8
70574,Volon,2.2
70575,Voray-sur-l'Ognon,5.5
70576,Vougécourt,3.1
70577,Vouhenans,3.5
70578,Vregille,3.0
70579,Vyans-le-Val,3.0
70580,Vy-le-Ferroux,4.6
70581,Vy-lès-Lure,2.6
70582,Vy-lès-Rupt,2.5
70583,Vy-lès-Filain,1.5
71001,L'Abergement-de-Cuisery,2.8
71002,L'Abergement-Sainte-Colombe,2.6
71003,Allerey-sur-Saône,1.7
71004,Allériot,1.6
71005,Aluze,2.4
71006,Amanzé,2.2
71007,Ameugny,3.1
71008,Anglure-sous-Dun,1.3
71009,Anost,1.1
71010,Antully,1.6
71011,Anzy-le-Duc,1.5
71012,Artaix,1.5
71013,Authumes,2.6
71014,Autun,3.2
71015,Auxy,3.6
71016,Azé,3.0
71017,Ballore,1.6
71018,Bantanges,1.3
71019,Barizey,1.0
71020,Barnay,0.8
71021,Baron,2.9
71022,Baudemont,2.7
71023,Baudrières,1.8
71024,Baugy,1.5
71025,Beaubery,2.4
71026,Beaumont-sur-Grosne,2.4
71027,Beaurepaire-en-Bresse,3.4
71028,Beauvernois,2.5
71029,Bellevesvre,3.6
71030,Bergesserin,1.6
71031,Berzé-le-Châtel,2.4
71032,Berzé-la-Ville,2.2
71033,Bey,1.8
71034,Bissey-sous-Cruchaud,2.4
71035,Bissy-la-Mâconnaise,2.2
71036,Bissy-sous-Uxelles,2.5
71037,Bissy-sur-Fley,1.5
71038,Les Bizots,1.5
71039,Blanot,3.2
71040,Blanzy,2.8
71041,Bois-Sainte-Marie,3.0
71042,Bonnay-Saint-Ythaire,3.1
71043,Les Bordes,1.4
71044,Bosjean,3.2
71045,Bouhans,1.3
71046,La Boulaye,2.0
71047,Bourbon-Lancy,1.6
71048,Bourg-le-Comte,1.5
71050,Bourgvilain,5.0
71051,Bouzeron,1.5
71052,Boyer,3.4
71054,Bragny-sur-Saône,2.1
71056,Branges,2.3
71057,Bray,2.6
71058,Bresse-sur-Grosne,2.5
71059,Le Breuil,2.4
71060,Briant,0.7
71061,Brienne,2.5
71062,Brion,3.8
71063,Broye,3.2
71064,Bruailles,1.8
71065,Buffières,2.3
71066,Burgy,2.2
71067,Burnand,2.6
71068,Burzy,1.5
71069,Bussières,3.8
71070,Buxy,2.5
71071,Céron,1.2
71072,Cersot,2.0
71073,Chagny,2.8
71074,Chaintré,4.2
71075,Chalmoux,0.8
71076,Chalon-sur-Saône,4.0
71077,Chambilly,1.5
71078,Chamilly,2.2
71079,Champagnat,2.3
71080,Champagny-sous-Uxelles,2.8
71081,Champforgeuil,3.8
71082,Champlecy,3.1
71084,Chânes,3.4
71085,Change,3.4
71086,Changy,2.6
71087,Chapaize,2.9
71088,La Chapelle-au-Mans,1.6
71089,La Chapelle-de-Bragny,3.1
71090,La Chapelle-de-Guinchay,2.5
71091,La Chapelle-du-Mont-de-France,2.4
71092,La Chapelle-Naude,1.7
71093,La Chapelle-Saint-Sauveur,2.7
71094,La Chapelle-sous-Brancion,3.4
71095,La Chapelle-sous-Dun,3.0
71096,La Chapelle-sous-Uchon,2.6
71097,La Chapelle-Thècle,1.1
71098,Charbonnat,4.1
71099,Charbonnières,4.3
71100,Chardonnay,3.2
71101,Charette-Varennes,2.7
71102,La Charmée,3.5
71103,Charmoy,1.1
71104,Charnay-lès-Chalon,2.1
71105,Charnay-lès-Mâcon,5.0
71106,Charolles,3.7
71107,Charrecey,2.1
71108,Chasselas,1.9
71109,Chassey-le-Camp,1.9
71110,Chassigny-sous-Dun,3.6
71111,Chassy,2.5
71112,Château,1.9
71113,Châteauneuf,3.3
71115,Châtel-Moron,0.6
71116,Châtenay,2.4
71117,Châtenoy-en-Bresse,2.8
71118,Châtenoy-le-Royal,4.0
71119,Chaudenay,2.0
71120,Chauffailles,2.0
71121,La Chaux,2.6
71122,Cheilly-lès-Maranges,2.9
71123,Chenay-le-Châtel,1.6
71124,Chenôves,2.9
71125,Chérizet,2.8
71126,Chevagny-les-Chevrières,4.4
71127,Chevagny-sur-Guye,1.8
71128,Chiddes,1.9
71129,Chissey-en-Morvan,1.8
71130,Chissey-lès-Mâcon,3.3
71131,Ciel,1.8
71132,Ciry-le-Noble,3.3
71133,La Clayette,2.9
71134,Navour-sur-Grosne,5.1
71135,Clessé,3.6
71136,Clessy,1.9
71137,Cluny,3.7
71139,Collonge-en-Charollais,1.1
71140,Collonge-la-Madeleine,1.6
71141,Colombier-en-Brionnais,3.0
71142,La Comelle,2.2
71143,Condal,1.5
71144,Cordesse,1.9
71145,Cormatin,3.5
71146,Cortambert,3.1
71147,Cortevaix,3.8
71148,Coublanc,1.6
71149,Couches,2.2
71150,Crêches-sur-Saône,3.9
71151,Créot,3.4
71152,Cressy-sur-Somme,3.2
71153,Le Creusot,2.1
71154,Crissey,3.3
71155,Cronat,1.3
71156,Cruzille,2.9
71157,Cuiseaux,2.2
71158,Cuisery,2.2
71159,Culles-les-Roches,2.4
71160,Curbigny,2.1
71161,Curdin,1.4
71162,Curgy,2.8
71163,Curtil-sous-Buffières,1.8
71164,Curtil-sous-Burnand,3.0
71165,Cussy-en-Morvan,1.9
71166,Cuzy,5.9
71167,Damerey,2.2
71168,Dampierre-en-Bresse,1.3
71169,Davayé,4.4
71170,Demigny,2.9
71171,Dennevy,2.6
71172,Dettey,1.7
71173,Devrouze,1.8
71174,Dezize-lès-Maranges,2.6
71175,Diconne,2.1
71176,Digoin,2.5
71177,Dommartin-lès-Cuiseaux,1.8
71178,Dompierre-les-Ormes,1.9
71179,Dompierre-sous-Sanvignes,1.5
71181,Donzy-le-Pertuis,3.0
71182,Dracy-le-Fort,2.9
71183,Dracy-lès-Couches,2.1
71184,Dracy-Saint-Loup,2.5
71185,Dyo,2.4
71186,Écuelles,2.4
71187,Écuisses,1.7
71188,Épertully,2.9
71189,Épervans,2.5
71190,Épinac,2.8
71191,Essertenne,2.1
71192,Étang-sur-Arroux,2.6
71193,Étrigny,2.4
71194,Farges-lès-Chalon,2.7
71195,Farges-lès-Mâcon,2.6
71196,Le Fay,2.8
71198,Flacey-en-Bresse,1.6
71199,Flagy,3.6
71200,Fleury-la-Montagne,2.3
71201,Fley,1.3
71202,Fontaines,3.5
71203,Fontenay,1.4
71204,Fragnes-La Loyère,3.5
71205,Frangy-en-Bresse,3.6
71206,La Frette,0.8
71207,Fretterans,2.4
71208,Frontenard,2.9
71209,Frontenaud,2.0
71210,Fuissé,3.0
71212,Génelard,3.2
71213,La Genête,1.8
71214,Genouilly,1.1
71215,Gergy,2.3
71216,Germagny,1.6
71217,Germolles-sur-Grosne,4.3
71218,Gibles,2.6
71219,Gigny-sur-Saône,2.4
71220,Gilly-sur-Loire,2.1
71221,Givry,3.7
71222,Gourdon,2.0
71223,La Grande-Verrière,1.0
71224,Grandvaux,3.0
71225,Granges,3.8
71226,Grevilly,2.3
71227,Grury,1.5
71228,Guerfand,2.5
71229,Les Guerreaux,1.2
71230,Gueugnon,1.6
71231,La Guiche,1.4
71232,Hautefond,2.6
71233,L'Hôpital-le-Mercier,1.9
71234,Huilly-sur-Seille,1.7
71235,Hurigny,2.9
71236,Igé,2.9
71237,Igornay,3.7
71238,Iguerande,2.4
71239,Issy-l'Évêque,5.1
71240,Jalogny,3.6
71241,Jambles,2.5
71242,Joncy,1.3
71243,Joudes,2.3
71244,Jouvençon,1.8
71245,Jugy,2.5
71246,Juif,1.9
71247,Jully-lès-Buxy,2.5
71248,Lacrost,3.0
71249,Laives,2.6
71250,Laizé,3.3
71251,Laizy,4.4
71252,Lalheue,2.6
71253,Lans,1.9
71254,Lays-sur-le-Doubs,2.9
71255,Lesme,1.9
71256,Lessard-en-Bresse,2.5
71257,Lessard-le-National,2.7
71258,Leynes,2.3
71259,Ligny-en-Brionnais,2.3
71261,Loisy,2.0
71262,Longepierre,2.0
71263,Louhans,2.4
71264,Lournand,3.4
71266,Lucenay-l'Évêque,1.3
71267,Lugny,2.2
71268,Lugny-lès-Charolles,3.6
71269,Lux,5.0
71270,Mâcon,4.0
71271,Mailly,1.1
71272,Malay,2.7
71273,Maltat,0.8
71274,Mancey,3.1
71275,Marcigny,1.5
71276,Marcilly-la-Gueurce,2.3
71277,Marcilly-lès-Buxy,1.3
71278,Marigny,2.0
71279,Le Rousset-Marizy,1.6
71280,Marly-sous-Issy,5.1
71281,Marly-sur-Arroux,2.4
71282,Marmagne,2.2
71283,Marnay,2.3
71284,Martailly-lès-Brancion,2.6
71285,Martigny-le-Comte,2.6
71286,Mary,1.0
71287,Massilly,4.0
71289,Matour,2.6
71290,Mazille,3.6
71291,Melay,1.3
71292,Mellecey,2.8
71293,Ménetreuil,0.8
71294,Mercurey,3.3
71295,Mervans,2.8
71296,Messey-sur-Grosne,2.9
71297,Mesvres,3.7
71299,Milly-Lamartine,2.2
71300,Le Miroir,2.1
71301,Mont,1.3
71302,Montagny-lès-Buxy,2.1
71303,Montagny-près-Louhans,2.7
71305,Montbellet,2.9
71306,Montceau-les-Mines,2.6
71307,Montceaux-l'Étoile,1.4
71308,Montceaux-Ragny,2.5
71309,Montcenis,1.8
71310,Montchanin,1.6
71311,Montcony,3.0
71312,Montcoy,2.1
71313,Monthelon,3.7
71314,Montjay,1.7
71315,Mont-lès-Seurre,2.8
71316,Montmelard,2.2
71317,Montmort,3.2
71318,Montpont-en-Bresse,1.6
71319,Montret,2.4
71320,Mont-Saint-Vincent,1.2
71321,Morey,1.2
71322,Morlet,2.6
71323,Mornay,1.9
71324,Moroges,3.6
71325,La Motte-Saint-Jean,2.1
71326,Mouthier-en-Bresse,2.5
71327,Mussy-sous-Dun,1.2
71328,Nanton,2.6
71329,Navilly,2.5
71330,Neuvy-Grandchamp,1.1
71331,Nochize,1.6
71332,Ormes,1.8
71333,Oslon,2.4
71334,Oudry,2.5
71335,Ouroux-sous-le-Bois-Sainte-Marie,1.5
71336,Ouroux-sur-Saône,2.4
71337,Oyé,1.7
71338,Ozenay,2.7
71339,Ozolles,2.9
71340,Palinges,2.7
71341,Palleau,1.6
71342,Paray-le-Monial,2.9
71343,Paris-l'Hôpital,3.7
71344,Passy,2.0
71345,Péronne,2.8
71346,Perrecy-les-Forges,3.3
71347,Perreuil,2.0
71348,Perrigny-sur-Loire,1.7
71349,La Petite-Verrière,0.6
71350,Pierreclos,3.2
71351,Pierre-de-Bresse,2.6
71352,Le Planois,1.9
71353,Plottes,3.2
71354,Poisson,1.4
71355,Pontoux,2.1
71356,Pouilloux,2.8
71357,Pourlans,3.6
71358,Pressy-sous-Dondin,2.7
71359,Préty,2.7
71360,Prissé,3.9
71361,Prizy,2.1
71362,Pruzilly,1.4
71363,Le Puley,1.3
71364,La Racineuse,1.8
71365,Rancy,0.8
71366,Ratenelle,2.7
71367,Ratte,2.3
71368,Reclesne,3.3
71369,Remigny,3.0
71370,Rigny-sur-Arroux,1.8
71371,La Roche-Vineuse,3.6
71372,Romanèche-Thorins,2.0
71373,Romenay,2.2
71374,Rosey,3.5
71376,Roussillon-en-Morvan,0.0
71377,Royer,2.8
71378,Rully,2.1
71379,Sagy,1.7
71380,Saillenard,3.4
71381,Sailly,2.6
71382,Saint-Agnan,1.2
71383,Saint-Albain,3.9
71384,Saint-Ambreuil,2.0
71385,Saint-Amour-Bellevue,2.8
71386,Saint-André-en-Bresse,2.0
71387,Saint-André-le-Désert,3.5
71388,Saint-Aubin-en-Charollais,3.4
71389,Saint-Aubin-sur-Loire,3.0
71390,Saint-Berain-sous-Sanvignes,2.1
71391,Saint-Bérain-sur-Dheune,1.8
71392,Saint-Boil,3.1
71393,Saint-Bonnet-de-Cray,1.7
71394,Saint-Bonnet-de-Joux,2.4
71395,Saint-Bonnet-de-Vieille-Vigne,3.0
71396,Saint-Bonnet-en-Bresse,1.8
71397,Sainte-Cécile,4.7
71398,Saint-Christophe-en-Bresse,2.0
71399,Saint-Christophe-en-Brionnais,2.1
71400,Saint-Clément-sur-Guye,0.9
71401,Sainte-Croix-en-Bresse,1.9
71402,Saint-Cyr,2.4
71403,Saint-Denis-de-Vaux,1.6
71404,Saint-Désert,3.9
71405,Saint-Didier-en-Bresse,1.8
71406,Saint-Didier-en-Brionnais,1.3
71407,Saint-Didier-sur-Arroux,3.4
71408,Saint-Edmond,2.9
71409,Saint-Émiland,2.6
71410,Saint-Étienne-en-Bresse,1.6
71411,Saint-Eugène,1.4
71412,Saint-Eusèbe,1.2
71413,Saint-Firmin,1.9
71414,Saint-Forgeot,3.9
71415,Sainte-Foy,1.7
71416,Saint-Gengoux-de-Scissé,2.3
71417,Saint-Gengoux-le-National,2.7
71419,Saint-Germain-du-Bois,3.9
71420,Saint-Germain-du-Plain,2.5
71421,Saint-Germain-en-Brionnais,2.4
71422,Saint-Germain-lès-Buxy,3.3
71423,Saint-Gervais-en-Vallière,1.1
71424,Saint-Gervais-sur-Couches,2.9
71425,Saint-Gilles,2.9
71426,Sainte-Hélène,2.1
71427,Saint-Huruge,1.5
71428,Saint-Igny-de-Roche,2.7
71430,Saint-Jean-de-Vaux,2.5
71431,Saint-Jean-de-Trézy,1.8
71433,Saint-Julien-de-Civry,2.1
71434,Saint-Julien-de-Jonzy,2.3
71435,Saint-Julien-sur-Dheune,1.5
71436,Saint-Laurent-d'Andenay,1.8
71437,Saint-Laurent-en-Brionnais,2.1
71438,Saint-Léger-du-Bois,2.7
71439,Saint-Léger-lès-Paray,2.3
71440,Saint-Léger-sous-Beuvray,0.7
71441,Saint-Léger-sous-la-Bussière,5.1
71442,Saint-Léger-sur-Dheune,2.5
71443,Saint-Loup-Géanges,3.5
71444,Saint-Loup-de-Varennes,3.3
71445,Saint-Marcel,3.5
71446,Saint-Marcelin-de-Cray,2.3
71447,Saint-Mard-de-Vaux,1.5
71448,Saint-Martin-Belle-Roche,3.9
71449,Saint-Martin-d'Auxy,1.3
71450,Saint-Martin-de-Commune,2.6
71451,Saint-Martin-de-Lixy,2.7
71452,Saint-Martin-de-Salencey,2.1
71453,Saint-Martin-du-Lac,1.5
71454,Saint-Martin-du-Mont,1.9
71455,Saint-Martin-du-Tartre,0.8
71456,Saint-Martin-en-Bresse,2.5
71457,Saint-Martin-en-Gâtinois,1.8
71458,Saint-Martin-la-Patrouille,2.0
71459,Saint-Martin-sous-Montaigu,2.7
71460,Saint-Maurice-de-Satonnay,3.2
71461,Saint-Maurice-des-Champs,1.3
71462,Saint-Maurice-en-Rivière,2.0
71463,Saint-Maurice-lès-Châteauneuf,3.3
71464,Saint-Maurice-lès-Couches,2.6
71465,Saint-Micaud,0.5
71466,Saint-Nizier-sur-Arroux,2.0
71468,Saint-Pierre-de-Varennes,2.3
71469,Saint-Pierre-le-Vieux,4.6
71470,Saint-Point,3.9
71471,Saint-Privé,1.5
71472,Saint-Prix,0.0
71473,Saint-Racho,1.3
71474,Sainte-Radegonde,1.9
71475,Saint-Rémy,4.6
71477,Saint-Romain-sous-Gourdon,2.1
71478,Saint-Romain-sous-Versigny,2.1
71479,Saint-Sernin-du-Bois,1.4
71480,Saint-Sernin-du-Plain,2.1
71481,Saint-Symphorien-d'Ancelles,2.2
71482,Saint-Symphorien-de-Marmagne,1.8
71483,Saint-Symphorien-des-Bois,2.5
71484,Saint-Usuge,2.8
71485,Saint-Vallerin,2.8
71486,Saint-Vallier,2.6
71487,Saint-Vérand,2.4
71488,Saint-Vincent-des-Prés,3.0
71489,Saint-Vincent-en-Bresse,1.9
71490,Saint-Vincent-Bragny,2.5
71491,Saint-Yan,2.4
71493,Saisy,3.6
71494,La Salle,3.0
71495,Salornay-sur-Guye,3.4
71496,Sampigny-lès-Maranges,2.6
71497,Sancé,3.5
71498,Santilly,3.4
71499,Sanvignes-les-Mines,2.1
71500,Sarry,1.2
71501,Sassangy,2.0
71502,Sassenay,2.4
71503,Saules,2.8
71504,Saunières,2.0
71505,Savianges,1.7
71506,Savigny-en-Revermont,2.7
71507,Savigny-sur-Grosne,3.5
71508,Savigny-sur-Seille,1.5
71509,La Celle-en-Morvan,1.4
71510,Semur-en-Brionnais,1.7
71512,Sennecey-le-Grand,3.3
71513,Senozan,2.8
71514,Sens-sur-Seille,3.4
71515,Sercy,3.1
71516,Serley,2.0
71517,Sermesse,2.2
71518,Serrières,2.1
71519,Serrigny-en-Bresse,2.2
71520,Sevrey,3.0
71521,Sigy-le-Châtel,2.6
71522,Simandre,2.8
71523,Simard,2.7
71524,Sivignon,1.3
71525,Sologny,2.0
71526,Solutré-Pouilly,2.8
71527,Sommant,2.3
71528,Sornay,1.9
71529,Suin,1.5
71530,Sully,3.6
71531,La Tagnière,2.2
71532,Taizé,3.8
71533,Tancon,3.0
71534,Le Tartre,3.8
71535,Tavernay,2.9
71537,Thil-sur-Arroux,2.9
71538,Thurey,2.7
71539,Tintry,2.3
71540,Torcy,2.1
71541,Torpes,3.0
71542,Toulon-sur-Arroux,1.9
71543,Tournus,3.0
71544,Toutenant,1.5
71545,Tramayes,3.3
71546,Trambly,3.9
71547,Trivy,1.4
71548,Tronchy,2.1
71549,La Truchère,2.9
71550,Uchizy,2.6
71551,Uchon,1.7
71552,Uxeau,2.1
71553,Vareilles,2.2
71554,Varenne-l'Arconce,1.9
71555,Varennes-le-Grand,3.0
71556,Varennes-lès-Mâcon,4.9
71557,Varenne-Saint-Germain,1.9
71558,Varennes-Saint-Sauveur,1.6
71559,Varennes-sous-Dun,2.7
71561,Vauban,2.0
71562,Vaudebarrier,3.0
71563,Vaux-en-Pré,1.3
71564,Vendenesse-lès-Charolles,2.7
71565,Vendenesse-sur-Arroux,1.8
71566,Verdun-sur-le-Doubs,1.9
71567,Vergisson,2.5
71568,Vérissey,1.7
71570,Verjux,1.5
71571,Verosvres,1.9
71572,Vers,3.3
71573,Versaugues,1.4
71574,Verzé,3.2
71576,Le Villars,3.1
71577,Villegaudin,2.1
71578,Clux-Villeneuve,3.1
71579,Villeneuve-en-Montagne,1.4
71580,Vincelles,2.7
71581,Vindecy,1.0
71582,La Vineuse sur Fregande,3.5
71583,Vinzelles,4.8
71584,Viré,2.6
71585,Virey-le-Grand,3.1
71586,Viry,2.5
71588,Vitry-en-Charollais,2.3
71589,Vitry-sur-Loire,1.2
71590,Volesvres,3.3
71591,Fleurville,3.0
72001,Aigné,1.9
72002,Aillières-Beauvoir,2.8
72003,Allonnes,3.3
72004,Amné,2.6
72005,Ancinnes,2.4
72006,Arçonnay,3.3
72007,Ardenay-sur-Mérize,2.1
72008,Arnage,3.3
72009,Arthezé,2.3
72010,Asnières-sur-Vègre,4.3
72011,Assé-le-Boisne,1.2
72012,Assé-le-Riboul,2.9
72013,Aubigné-Racan,1.7
72015,Les Aulneaux,2.4
72016,Auvers-le-Hamon,2.6
72017,Auvers-sous-Montfaucon,3.6
72018,Avesnes-en-Saosnois,2.0
72019,Avessé,4.9
72020,Avezé,2.4
72021,Avoise,2.4
72022,Le Bailleul,2.4
72023,Ballon-Saint Mars,3.2
72024,La Bazoge,2.9
72025,Bazouges Cré sur Loir,4.4
72026,Beaufay,3.2
72027,Beaumont-sur-Dême,2.8
72028,Beaumont-Pied-de-Bœuf,1.8
72029,Beaumont-sur-Sarthe,2.6
72031,Beillé,2.1
72032,Berfay,1.4
72034,Bérus,2.5
72035,Bessé-sur-Braye,2.3
72036,Béthon,3.0
72037,Blèves,3.5
72038,Boëssé-le-Sec,1.6
72039,Bonnétable,1.8
72040,La Bosse,1.7
72041,Bouër,2.3
72042,Bouloire,1.7
72043,Bourg-le-Roi,2.2
72044,Bousse,2.8
72045,Brains-sur-Gée,2.4
72046,Le Breil-sur-Mérize,2.2
72047,Brette-les-Pins,1.5
72048,Briosne-lès-Sables,2.5
72049,La Bruère-sur-Loir,1.9
72050,Brûlon,3.9
72051,Cérans-Foulletourte,1.5
72052,Chahaignes,3.0
72053,Challes,1.0
72054,Champagné,2.5
72056,Champfleur,2.6
72057,Champrond,1.8
72058,Changé,2.2
72059,Chantenay-Villedieu,4.3
72060,La Chapelle-aux-Choux,2.0
72061,La Chapelle-d'Aligné,2.7
72062,La Chapelle-du-Bois,1.7
72064,La Chapelle-Huon,1.4
72065,La Chapelle-Saint-Aubin,4.1
72066,La Chapelle-Saint-Fray,2.5
72067,La Chapelle-Saint-Rémy,2.5
72068,La Chartre-sur-le-Loir,2.9
72070,Chassillé,3.5
72071,Montval-sur-Loir,2.7
72072,Château-l'Hermitage,2.2
72073,Chaufour-Notre-Dame,2.9
72074,Chemiré-en-Charnie,4.3
72075,Chemiré-le-Gaudin,2.6
72076,Chenay,3.3
72077,Chenu,2.4
72078,Chérancé,1.6
72079,Chérisay,2.4
72080,Cherré-Au,2.6
72083,Chevillé,4.8
72084,Clermont-Créans,3.4
72085,Cogners,1.7
72086,Commerveil,2.5
72087,Conflans-sur-Anille,1.4
72088,Congé-sur-Orne,2.5
72089,Conlie,4.1
72090,Connerré,2.2
72091,Contilly,2.4
72093,Cormes,2.4
72094,Coudrecieux,1.8
72095,Coulaines,3.9
72096,Coulans-sur-Gée,1.9
72098,Coulongé,2.1
72099,Courcebœufs,2.8
72100,Courcelles-la-Forêt,2.4
72101,Courcemont,2.7
72102,Courcival,1.9
72103,Courdemanche,2.2
72104,Courgains,2.6
72105,Courgenard,2.5
72106,Courtillers,2.4
72107,Crannes-en-Champagne,2.4
72109,Crissé,4.7
72110,Crosmières,3.1
72111,Cures,2.8
72112,Dangeul,2.8
72113,Degré,2.3
72114,Dehault,1.6
72115,Dissay-sous-Courcillon,3.1
72118,Dollon,1.8
72119,Domfront-en-Champagne,3.4
72120,Doucelles,2.0
72121,Douillet,1.7
72122,Duneau,1.7
72123,Dureil,2.1
72124,Écommoy,2.1
72125,Écorpain,1.5
72126,Épineu-le-Chevreuil,3.5
72127,Étival-lès-le-Mans,2.6
72128,Val-d'Étangson,1.7
72129,Fatines,2.4
72130,Fay,1.9
72131,Fercé-sur-Sarthe,2.7
72132,La Ferté-Bernard,2.3
72133,Fillé,2.2
72134,Flée,2.8
72135,La Fontaine-Saint-Martin,2.7
72136,Fontenay-sur-Vègre,3.7
72137,Villeneuve-en-Perseigne,3.1
72138,Fresnay-sur-Sarthe,1.3
72139,Fyé,2.4
72141,Gesnes-le-Gandelin,2.2
72142,Grandchamp,1.5
72143,Le Grand-Lucé,1.5
72144,Gréez-sur-Roc,2.5
72145,Le Grez,3.9
72146,Guécélard,2.3
72147,La Guierche,2.9
72148,Jauzé,2.2
72149,Joué-en-Charnie,4.9
72150,Joué-l'Abbé,2.8
72151,Juigné-sur-Sarthe,3.0
72152,Juillé,2.3
72153,Jupilles,1.4
72154,La Flèche,3.5
72155,Laigné-en-Belin,2.2
72156,Lamnay,2.5
72157,Lavardin,1.9
72158,Lavaré,2.3
72160,Lavernat,2.1
72161,Lhomme,2.9
72163,Ligron,2.9
72164,Livet-en-Saosnois,2.2
72165,Lombron,2.5
72166,Longnes,3.1
72167,Louailles,2.9
72168,Loué,3.8
72169,Louplande,2.1
72170,Louvigny,1.9
72171,Louzes,2.1
72172,Le Luart,2.5
72173,Luceau,2.1
72174,Lucé-sous-Ballon,2.3
72175,Luché-Pringé,2.4
72176,Le Lude,2.5
72177,Maigné,2.7
72178,Maisoncelles,1.4
72179,Malicorne-sur-Sarthe,2.1
72180,Mamers,3.0
72181,Le Mans,3.3
72182,Mansigné,1.8
72183,Marçon,2.7
72184,Mareil-en-Champagne,4.8
72185,Mareil-sur-Loir,2.9
72186,Maresché,2.8
72187,Marigné-Laillé,1.6
72188,Marollette,2.5
72189,Marolles-les-Braults,2.4
72190,Marolles-lès-Saint-Calais,1.2
72191,Mayet,2.0
72192,Les Mées,1.9
72193,Melleray,2.3
72194,Meurcé,2.5
72195,Mézeray,1.7
72196,Mézières-sur-Ponthouin,2.6
72197,Mézières-sous-Lavardin,3.5
72198,La Milesse,2.4
72199,Moitron-sur-Sarthe,1.9
72200,Moncé-en-Belin,2.4
72201,Moncé-en-Saosnois,2.3
72202,Monhoudou,2.1
72204,Montaillé,1.2
72205,Montbizot,2.6
72208,Montmirail,2.5
72209,Montreuil-le-Chétif,3.4
72210,Montreuil-le-Henri,1.8
72211,Mont-Saint-Jean,2.5
72212,Moulins-le-Carbonnel,1.7
72213,Mulsanne,2.5
72214,Nauvay,1.9
72215,Neufchâtel-en-Saosnois,2.6
72216,Neuvillalais,3.9
72217,Neuville-sur-Sarthe,3.2
72218,Neuvillette-en-Charnie,2.9
72219,Bernay-Neuvy-en-Champagne,3.4
72220,Nogent-le-Bernard,1.3
72221,Nogent-sur-Loir,2.6
72222,Nouans,1.9
72223,Noyen-sur-Sarthe,1.9
72224,Nuillé-le-Jalais,2.0
72225,Oisseau-le-Petit,2.9
72226,Oizé,1.7
72227,Panon,2.0
72228,Parcé-sur-Sarthe,2.2
72229,Parennes,3.5
72230,Parigné-le-Pôlin,2.0
72231,Parigné-l'Évêque,1.6
72232,Notre-Dame-du-Pé,1.9
72233,Peray,2.4
72234,Pezé-le-Robert,4.9
72235,Piacé,2.1
72236,Pincé,2.6
72237,Pirmil,3.8
72238,Pizieux,2.7
72239,Poillé-sur-Vègre,4.8
72241,Montfort-le-Gesnois,2.7
72243,Pontvallain,2.1
72244,Précigné,3.1
72245,Préval,1.6
72246,Prévelles,1.7
72247,Pruillé-le-Chétif,2.8
72248,Pruillé-l'Éguillé,1.2
72249,La Quinte,2.0
72250,Rahay,0.9
72251,René,2.3
72252,Requeil,2.3
72253,Roëzé-sur-Sarthe,1.9
72254,Rouessé-Fontaine,2.5
72255,Rouessé-Vassé,4.7
72256,Rouez,4.3
72257,Rouillon,2.7
72259,Rouperroux-le-Coquet,1.9
72260,Ruaudin,2.2
72261,Ruillé-en-Champagne,2.4
72262,Loir en Vallée,2.6
72264,Sablé-sur-Sarthe,2.8
72265,Saint-Aignan,2.1
72266,Saint-Aubin-de-Locquenay,1.5
72267,Saint-Aubin-des-Coudrais,1.7
72268,Saint-Biez-en-Belin,2.3
72269,Saint-Calais,1.5
72270,Saint-Calez-en-Saosnois,2.5
72271,Saint-Célerin,2.7
72272,Sainte-Cérotte,1.8
72273,Saint-Christophe-du-Jambet,1.9
72274,Saint-Christophe-en-Champagne,4.2
72275,Saint-Corneille,2.8
72276,Saint-Cosme-en-Vairais,2.7
72277,Saint-Denis-des-Coudrais,1.1
72278,Saint-Denis-d'Orques,3.3
72279,Saint-Georges-de-la-Couée,1.7
72280,Saint-Georges-du-Bois,2.3
72281,Saint-Georges-du-Rosay,1.9
72282,Saint-Georges-le-Gaultier,2.2
72283,Saint-Germain-d'Arcé,2.6
72286,Saint-Gervais-de-Vic,1.5
72287,Saint-Gervais-en-Belin,2.2
72289,Sainte-Jamme-sur-Sarthe,3.0
72290,Saint-Jean-d'Assé,2.8
72291,Saint-Jean-de-la-Motte,2.7
72292,Saint-Jean-des-Échelles,2.4
72293,Saint-Jean-du-Bois,1.9
72294,Saint-Léonard-des-Bois,1.1
72295,Saint-Longis,2.8
72296,Saint-Maixent,2.3
72297,Saint-Marceau,2.9
72298,Saint-Mars-de-Locquenay,1.1
72299,Saint-Mars-d'Outillé,2.2
72300,Saint-Mars-la-Brière,2.4
72302,Saint-Martin-des-Monts,1.7
72303,Saint-Michel-de-Chavaignes,1.8
72305,Saint-Ouen-de-Mimbré,1.3
72306,Saint-Ouen-en-Belin,2.5
72307,Saint-Ouen-en-Champagne,5.3
72308,Saint-Paterne - Le Chevain,3.2
72309,Saint-Paul-le-Gaultier,1.3
72310,Saint-Pavace,3.3
72311,Saint-Pierre-de-Chevillé,2.4
72312,Saint-Pierre-des-Bois,4.6
72313,Saint-Pierre-des-Ormes,2.7
72314,Saint-Pierre-du-Lorouër,2.7
72315,Saint-Rémy-de-Sillé,4.3
72316,Saint-Rémy-des-Monts,3.2
72317,Saint-Rémy-du-Val,2.2
72319,Sainte-Sabine-sur-Longève,3.1
72320,Saint-Saturnin,3.1
72321,Saint-Symphorien,3.4
72322,Saint-Ulphace,2.5
72323,Saint-Victeur,2.0
72324,Saint-Vincent-des-Prés,2.2
72325,Saint-Vincent-du-Lorouër,1.8
72326,Saosnes,2.1
72327,Sarcé,2.0
72328,Sargé-lès-le-Mans,2.9
72329,Savigné-l'Évêque,2.6
72330,Savigné-sous-le-Lude,2.9
72331,Sceaux-sur-Huisne,2.3
72332,Ségrie,3.2
72333,Semur-en-Vallon,1.7
72334,Sillé-le-Guillaume,4.3
72335,Sillé-le-Philippe,3.4
72336,Solesmes,2.8
72337,Sougé-le-Ganelon,1.1
72338,Souillé,2.9
72339,Souligné-Flacé,2.0
72340,Souligné-sous-Ballon,2.7
72341,Soulitré,2.0
72342,Souvigné-sur-Même,2.1
72343,Souvigné-sur-Sarthe,3.1
72344,Spay,3.1
72345,Surfonds,1.6
72346,La Suze-sur-Sarthe,2.1
72347,Tassé,2.9
72348,Tassillé,3.4
72349,Teillé,2.5
72350,Teloché,2.2
72351,Tennie,3.7
72352,Terrehault,2.1
72353,Théligny,2.0
72354,Thoigné,1.8
72355,Thoiré-sous-Contensor,1.3
72356,Thoiré-sur-Dinan,2.0
72357,Thorée-les-Pins,3.0
72358,Thorigné-sur-Dué,1.8
72359,Torcé-en-Vallée,2.9
72360,Trangé,2.8
72361,Tresson,1.5
72362,Le Tronchet,2.3
72363,Tuffé Val de la Chéronne,1.7
72364,Vaas,2.8
72366,Valennes,0.9
72367,Vallon-sur-Gée,3.4
72368,Vancé,2.0
72369,Verneil-le-Chétif,1.8
72370,Vernie,4.2
72372,Vezot,2.1
72373,Vibraye,1.7
72374,Villaines-la-Carelle,1.8
72375,Villaines-la-Gonais,2.2
72376,Villaines-sous-Lucé,1.2
72377,Villaines-sous-Malicorne,2.7
72378,Vion,1.9
72379,Viré-en-Champagne,3.5
72380,Vivoin,2.5
72381,Voivres-lès-le-Mans,2.8
72382,Volnay,1.2
72383,Vouvray-sur-Huisne,1.9
72385,Yvré-le-Pôlin,2.3
72386,Yvré-l'Évêque,3.1
73001,Aiguebelette-le-Lac,1.4
73003,Grand-Aigueblanche,4.6
73004,Aillon-le-Jeune,4.3
73005,Aillon-le-Vieux,3.5
73006,Aime-la-Plagne,3.7
73007,Aiton,2.8
73008,Aix-les-Bains,3.5
73010,Entrelacs,3.6
73011,Albertville,3.5
73012,Albiez-le-Jeune,0.0
73013,Albiez-Montrond,1.6
73014,Allondaz,1.7
73015,Les Allues,4.4
73017,Apremont,4.1
73018,Arbin,2.7
73019,Argentine,1.8
73020,Arith,4.1
73021,Arvillard,3.8
73022,Attignat-Oncin,1.6
73023,Aussois,8.2
73024,Les Avanchers-Valmorel,0.8
73025,Avressieux,2.4
73026,Avrieux,6.5
73027,Ayn,1.4
73028,La Balme,3.0
73029,Barberaz,6.7
73030,Barby,4.2
73031,Bassens,8.3
73032,La Bâthie,4.2
73033,La Bauche,2.5
73034,Beaufort,6.5
73036,Bellecombe-en-Bauges,2.0
73039,Belmont-Tramonet,2.9
73040,Bessans,0.0
73041,Betton-Bettonet,3.7
73042,Billième,1.5
73043,La Biolle,4.0
73047,Bonneval-sur-Arc,0.0
73048,Bonvillard,1.2
73049,Bonvillaret,1.2
73050,Bourdeau,2.7
73051,Le Bourget-du-Lac,5.6
73052,Bourget-en-Huile,0.6
73053,Bourgneuf,4.3
73054,Bourg-Saint-Maurice,5.2
73055,Bozel,7.3
73057,Brides-les-Bains,8.2
73058,La Bridoire,3.0
73059,Brison-Saint-Innocent,2.9
73061,Césarches,2.4
73063,Cevins,3.4
73064,Challes-les-Eaux,4.9
73065,Chambéry,5.1
73067,La Chambre,4.0
73068,Chamousset,4.3
73069,Chamoux-sur-Gelon,3.6
73070,Champagneux,1.9
73071,Champagny-en-Vanoise,6.1
73072,Champ-Laurent,0.0
73073,Chanaz,3.4
73074,La Chapelle,1.7
73075,La Chapelle-Blanche,3.9
73076,La Chapelle-du-Mont-du-Chat,0.7
73077,Les Chapelles,1.9
73078,La Chapelle-Saint-Martin,1.2
73079,Châteauneuf,3.5
73081,Le Châtelard,3.7
73082,La Chavanne,5.9
73083,Les Chavannes-en-Maurienne,2.8
73084,Chignin,5.6
73085,Chindrieux,3.0
73086,Cléry,1.2
73087,Cognin,3.1
73088,Cohennoz,2.1
73089,Coise-Saint-Jean-Pied-Gauthier,3.0
73090,La Compôte,2.6
73091,Conjux,2.6
73092,Corbel,0.1
73094,Crest-Voland,6.3
73095,La Croix-de-la-Rochette,2.7
73096,Cruet,2.2
73097,Curienne,1.8
73098,Les Déserts,0.4
73099,Détrier,3.7
73100,Domessin,3.1
73101,Doucy-en-Bauges,0.8
73103,Drumettaz-Clarafond,4.9
73104,Dullin,1.5
73105,Les Échelles,3.8
73106,École,2.6
73107,Entremont-le-Vieux,1.5
73109,Épierre,2.4
73110,Esserts-Blay,3.0
73113,Feissons-sur-Salins,1.3
73114,Flumet,6.6
73116,Fontcouverte-la-Toussuire,4.1
73117,Fourneaux,4.1
73119,Freney,5.0
73120,Fréterive,3.5
73121,Frontenex,3.5
73122,Gerbaix,1.6
73123,La Giettaz,3.7
73124,Gilly-sur-Isère,4.7
73128,Grésy-sur-Aix,4.6
73129,Grésy-sur-Isère,3.2
73130,Grignon,3.3
73131,Hautecour,0.8
73132,Hauteluce,8.0
73133,Hauteville,3.0
73135,La Tour-en-Maurienne,5.0
73137,Jacob-Bellecombette,3.7
73138,Jarrier,1.9
73139,Jarsy,0.8
73140,Jongieux,2.6
73141,Laissaud,3.4
73142,Landry,5.9
73145,Lépin-le-Lac,1.5
73146,Lescheraines,4.7
73147,Loisieux,1.1
73149,Lucey,3.6
73150,La Plagne Tarentaise,3.6
73151,Porte-de-Savoie,6.3
73152,Marcieux,1.6
73153,Marthod,1.4
73154,Mercury,2.1
73155,Méry,5.0
73156,Meyrieux-Trouet,1.2
73157,Modane,3.9
73159,Les Mollettes,4.3
73160,Montagnole,3.1
73161,Montagny,3.3
73162,Montailleur,3.3
73164,Montcel,2.7
73166,Montendry,0.0
73168,Montgilbert,0.8
73170,Monthion,2.1
73171,Montmélian,3.8
73173,Montricher-Albanne,3.3
73175,Montsapey,0.0
73176,Montvalezan,2.5
73177,Montvernier,2.2
73178,La Motte-en-Bauges,3.8
73179,La Motte-Servolex,6.9
73180,Motz,2.4
73181,Moûtiers,4.4
73182,Mouxy,4.0
73183,Myans,5.8
73184,Nances,3.3
73186,Notre-Dame-de-Bellecombe,6.1
73187,La Léchère,3.5
73188,Notre-Dame-des-Millières,3.2
73189,Notre-Dame-du-Cruet,2.5
73190,Notre-Dame-du-Pré,0.7
73191,Novalaise,2.4
73192,Le Noyer,3.4
73193,Ontex,0.6
73194,Orelle,2.1
73196,Pallud,2.0
73197,Peisey-Nancroix,3.1
73200,Planaise,4.5
73201,Planay,5.7
73202,Plancherine,1.6
73204,Le Pont-de-Beauvoisin,3.3
73205,Le Pontet,0.6
73206,Pralognan-la-Vanoise,5.0
73207,Presle,3.1
73208,Pugny-Chatenod,3.0
73210,Puygros,1.7
73211,Queige,2.5
73212,Val-d'Arc,2.3
73213,La Ravoire,6.4
73214,Rochefort,1.7
73215,Valgelon-La Rochette,3.5
73216,Rognaix,3.4
73217,Rotherens,2.7
73218,Ruffieux,3.7
73219,Saint-Alban-de-Montbel,2.9
73220,Saint-Alban-d'Hurtières,1.4
73221,Saint-Alban-des-Villards,0.6
73222,Saint-Alban-Leysse,5.1
73223,Saint-André,4.2
73224,Saint-Avre,3.9
73225,Saint-Baldoph,6.5
73226,Saint-Béron,3.4
73227,Courchevel,5.7
73228,Saint-Cassin,1.7
73229,Saint-Christophe,3.2
73230,Saint-Colomban-des-Villards,0.1
73231,Saint-Étienne-de-Cuines,3.9
73232,Sainte-Foy-Tarentaise,2.5
73233,Saint-Franc,1.5
73234,Saint-François-de-Sales,2.9
73235,Saint François Longchamp,8.5
73236,Saint-Genix-les-Villages,2.6
73237,Saint-Georges-d'Hurtières,1.8
73240,Sainte-Hélène-du-Lac,4.5
73241,Sainte-Hélène-sur-Isère,3.4
73242,Saint-Jean-d'Arves,4.9
73243,Saint-Jean-d'Arvey,1.2
73245,Saint-Jean-de-Chevelu,1.5
73246,Saint-Jean-de-Couz,1.6
73247,Saint-Jean-de-la-Porte,2.8
73248,Saint-Jean-de-Maurienne,4.4
73249,Saint-Jeoire-Prieuré,5.5
73250,Saint-Julien-Mont-Denis,4.1
73252,Saint-Léger,1.3
73253,Saint-Marcel,4.3
73254,Sainte-Marie-d'Alvey,1.6
73255,Sainte-Marie-de-Cuines,3.9
73256,Saint-Martin-d'Arc,2.1
73257,Les Belleville,7.3
73258,Saint-Martin-de-la-Porte,2.7
73259,Saint-Martin-sur-la-Chambre,5.4
73261,Saint-Michel-de-Maurienne,3.8
73262,Saint-Nicolas-la-Chapelle,5.9
73263,Saint-Offenge,2.9
73265,Saint-Ours,2.5
73267,Saint-Pancrace,3.9
73268,Saint-Paul-sur-Isère,3.4
73269,Saint-Paul-sur-Yenne,1.8
73270,Saint-Pierre-d'Albigny,3.3
73271,Saint-Pierre-d'Alvey,1.0
73272,Saint-Pierre-de-Belleville,3.8
73273,Saint-Pierre-de-Curtille,3.2
73274,Saint-Pierre-d'Entremont,3.1
73275,Saint-Pierre-de-Genebroz,2.8
73276,Saint-Pierre-de-Soucy,4.1
73277,Sainte-Reine,0.0
73278,Saint-Rémy-de-Maurienne,2.5
73280,Saint-Sorlin-d'Arves,4.9
73281,Saint-Sulpice,2.4
73282,Saint-Thibaud-de-Couz,0.7
73283,Saint-Vital,3.3
73284,Salins-Fontaine,6.8
73285,Séez,4.4
73286,Serrières-en-Chautagne,3.2
73288,Sonnaz,4.6
73289,La Table,1.2
73290,Val-Cenis,8.5
73292,Thénésol,1.5
73293,Thoiry,1.6
73294,La Thuile,0.5
73296,Tignes,7.4
73297,Tournon,2.5
73298,Tours-en-Savoie,4.2
73299,Traize,0.9
73300,Tresserve,5.8
73301,Trévignin,3.4
73302,La Trinité,2.8
73303,Ugine,3.6
73304,Val-d'Isère,9.7
73306,Valloire,6.0
73307,Valmeinier,5.6
73308,Venthon,2.7
73309,Verel-de-Montbel,1.4
73310,Verel-Pragondran,2.7
73311,Le Verneil,2.1
73312,Verrens-Arvey,1.9
73313,Verthemex,1.0
73314,Villard-d'Héry,2.5
73315,Villard-Léger,2.7
73316,Villard-Sallet,3.2
73317,Villard-sur-Doron,4.6
73318,Villarembert,3.3
73320,Villargondran,4.0
73322,Villarodin-Bourget,3.8
73323,Villaroger,2.8
73324,Villaroux,3.5
73326,Vimines,1.7
73327,Vions,3.7
73328,Viviers-du-Lac,5.6
73329,Voglans,6.9
73330,Yenne,3.0
74001,Abondance,7.2
74002,Alby-sur-Chéran,4.5
74003,Alex,2.6
74004,Allèves,3.4
74005,Allinges,2.5
74006,Allonzier-la-Caille,5.3
74007,Amancy,2.1
74008,Ambilly,2.4
74009,Andilly,2.6
74010,Annecy,5.2
74012,Annemasse,3.0
74013,Anthy-sur-Léman,2.9
74014,Arâches-la-Frasse,3.1
74015,Arbusigny,0.8
74016,Archamps,3.2
74018,Arenthon,3.2
74019,Argonay,4.9
74020,Armoy,3.1
74021,Arthaz-Pont-Notre-Dame,3.0
74024,Ayse,2.9
74025,Ballaison,2.0
74026,La Balme-de-Sillingy,3.3
74027,La Balme-de-Thuy,3.0
74029,Bassy,1.5
74030,La Baume,1.2
74031,Beaumont,2.5
74032,Bellevaux,2.3
74033,Bernex,2.5
74034,Le Biot,2.4
74035,Bloye,3.9
74036,Bluffy,2.8
74037,Boëge,2.3
74038,Bogève,2.4
74040,Bonne,4.5
74041,Bonnevaux,3.4
74042,Bonneville,3.3
74043,Bons-en-Chablais,2.3
74044,Bossey,2.4
74045,Le Bouchet-Mont-Charvin,0.7
74046,Boussy,2.3
74048,Brenthonne,2.2
74049,Brizon,0.7
74050,Burdignin,2.0
74051,Cercier,2.1
74052,Cernex,2.3
74053,Cervens,1.4
74054,Chainaz-les-Frasses,2.6
74055,Challonges,2.1
74056,Chamonix-Mont-Blanc,5.9
74057,Champanges,3.5
74058,La Chapelle-d'Abondance,8.7
74059,La Chapelle-Rambaud,2.2
74060,La Chapelle-Saint-Maurice,1.0
74061,Chapeiry,5.7
74062,Charvonnex,4.1
74063,Châtel,8.2
74064,Châtillon-sur-Cluses,6.5
74065,Chaumont,1.9
74066,Chavannaz,1.5
74067,Chavanod,5.1
74068,Chêne-en-Semine,2.5
74069,Chênex,2.0
74070,Chens-sur-Léman,1.3
74071,Chessenaz,2.1
74072,Chevaline,2.7
74073,Chevenoz,3.3
74074,Chevrier,1.8
74075,Chilly,1.5
74076,Choisy,3.0
74077,Clarafond-Arcine,2.6
74078,Clermont,1.4
74079,Les Clefs,2.3
74080,La Clusaz,6.2
74081,Cluses,3.6
74082,Collonges-sous-Salève,2.0
74083,Combloux,5.5
74085,Les Contamines-Montjoie,2.9
74086,Contamine-Sarzin,1.4
74087,Contamine-sur-Arve,4.0
74088,Copponex,3.8
74089,Cordon,1.3
74090,Cornier,2.7
74091,La Côte-d'Arbroz,4.9
74094,Cranves-Sales,3.8
74095,Crempigny-Bonneguête,1.2
74096,Cruseilles,3.0
74097,Cusy,3.5
74098,Cuvat,5.1
74099,Demi-Quartier,6.1
74100,Desingy,1.8
74101,Dingy-en-Vuache,1.9
74102,Dingy-Saint-Clair,3.1
74103,Domancy,6.6
74104,Doussard,3.8
74105,Douvaine,2.3
74106,Draillant,1.8
74107,Droisy,1.4
74108,Duingt,4.5
74109,Éloise,2.4
74111,Entrevernes,0.9
74112,Epagny Metz-Tessy,5.4
74114,Essert-Romand,6.4
74116,Etaux,4.3
74117,Étercy,2.6
74118,Étrembières,4.3
74119,Évian-les-Bains,3.1
74121,Excenevex,1.5
74122,Faucigny,3.4
74123,Faverges-Seythenex,3.7
74124,Feigères,2.2
74126,Fessy,1.6
74127,Féternes,3.2
74128,Fillinges,5.0
74129,La Forclaz,0.0
74130,Franclens,1.5
74131,Frangy,2.0
74133,Gaillard,4.2
74134,Les Gets,4.7
74135,Giez,3.7
74136,Le Grand-Bornand,6.3
74137,Groisy,4.5
74138,Gruffy,3.8
74139,Habère-Lullin,2.6
74140,Habère-Poche,2.6
74141,Hauteville-sur-Fier,2.8
74142,Héry-sur-Alby,4.1
74143,Les Houches,5.2
74144,Jonzier-Épagny,2.2
74145,Juvigny,2.9
74146,Larringes,2.9
74147,Lathuile,3.9
74148,Leschaux,1.8
74150,Loisin,2.3
74151,Lornay,2.0
74152,Lovagny,2.7
74153,Lucinges,2.0
74154,Lugrin,2.5
74155,Lullin,2.6
74156,Lully,1.6
74157,Lyaud,2.1
74158,Machilly,2.4
74159,Magland,3.6
74160,Manigod,3.3
74161,Marcellaz-Albanais,2.4
74162,Marcellaz,3.6
74163,Margencel,3.0
74164,Marignier,3.3
74165,Marigny-Saint-Marcel,5.0
74166,Marin,3.1
74167,Val de Chaise,3.7
74168,Marlioz,2.1
74169,Marnaz,2.6
74170,Massingy,2.2
74171,Massongy,2.0
74172,Maxilly-sur-Léman,3.3
74173,Megève,6.1
74174,Mégevette,2.3
74175,Meillerie,1.5
74176,Menthon-Saint-Bernard,3.5
74177,Menthonnex-en-Bornes,3.2
74178,Menthonnex-sous-Clermont,0.9
74179,Mésigny,2.2
74180,Messery,1.4
74183,Mieussy,3.0
74184,Minzier,1.5
74185,Monnetier-Mornex,1.3
74186,Montagny-les-Lanches,5.7
74188,Montriond,6.4
74189,Mont-Saxonnex,1.0
74190,Morillon,3.8
74191,Morzine,5.1
74192,Moye,1.5
74193,La Muraz,2.0
74194,Mûres,3.3
74195,Musièges,1.9
74196,Nancy-sur-Cluses,0.7
74197,Nangy,5.0
74198,Nâves-Parmelan,1.8
74199,Nernier,1.1
74200,Neuvecelle,3.6
74201,Neydens,3.0
74202,Nonglard,2.9
74203,Novel,0.0
74205,Onnion,1.9
74206,Orcier,1.9
74208,Passy,4.3
74209,Peillonnex,3.6
74210,Perrignier,2.0
74211,Pers-Jussy,1.7
74212,Glières-Val-de-Borne,3.4
74213,Poisy,4.1
74215,Praz-sur-Arly,7.2
74216,Présilly,2.1
74218,Publier,3.5
74219,Quintal,1.7
74220,Reignier-Ésery,2.3
74221,Le Reposoir,0.5
74222,Reyvroz,2.1
74223,La Rivière-Enverse,4.9
74224,La Roche-sur-Foron,2.0
74225,Rumilly,2.6
74226,Saint-André-de-Boëge,2.2
74228,Saint-Blaise,3.2
74229,Saint-Cergues,2.4
74231,Saint-Eusèbe,1.5
74232,Saint-Eustache,0.3
74233,Saint-Félix,3.7
74234,Saint-Ferréol,4.3
74235,Saint-Germain-sur-Rhône,1.7
74236,Saint-Gervais-les-Bains,5.2
74237,Saint-Gingolph,0.7
74238,Saint-Jean-d'Aulps,4.4
74239,Saint-Jean-de-Sixt,7.0
74240,Saint-Jean-de-Tholome,2.6
74241,Saint-Jeoire,2.7
74242,Saint-Jorioz,4.6
74243,Saint-Julien-en-Genevois,2.4
74244,Saint-Laurent,1.6
74249,Saint-Paul-en-Chablais,3.5
74250,Saint-Pierre-en-Faucigny,2.4
74252,Saint-Sigismond,5.3
74253,Saint-Sixt,1.2
74254,Saint-Sylvestre,2.6
74255,Sales,2.6
74256,Sallanches,4.1
74257,Sallenôves,2.3
74258,Samoëns,3.9
74259,Le Sappey,1.5
74260,Savigny,1.9
74261,Saxel,1.5
74262,Scientrier,3.2
74263,Sciez,2.5
74264,Scionzier,2.4
74265,Serraval,2.1
74266,Servoz,4.5
74267,Sevrier,5.2
74269,Seyssel,1.8
74271,Seytroux,3.3
74272,Sillingy,3.5
74273,Sixt-Fer-à-Cheval,2.9
74275,Talloires-Montmin,3.0
74276,Taninges,6.4
74278,Thyez,3.0
74279,Thollon-les-Mémises,2.0
74280,Thônes,4.2
74281,Thonon-les-Bains,2.6
74282,Fillière,3.9
74283,Thusy,1.5
74284,La Tour,2.6
74285,Usinens,2.1
74286,Vacheresse,2.8
74287,Vailly,2.3
74288,Valleiry,1.8
74289,Vallières-sur-Fier,2.7
74290,Vallorcine,0.0
74291,Vanzy,2.5
74292,Vaulx,2.8
74293,Veigy-Foncenex,1.9
74294,Verchaix,3.7
74295,La Vernaz,1.5
74296,Vers,2.3
74297,Versonnex,1.5
74298,Vétraz-Monthoux,2.9
74299,Veyrier-du-Lac,4.3
74301,Villard,2.7
74302,Les Villards-sur-Thônes,6.7
74303,Villaz,4.6
74304,Ville-en-Sallaz,2.6
74305,Ville-la-Grand,2.2
74306,Villy-le-Bouveret,1.7
74307,Villy-le-Pelloux,6.3
74308,Vinzier,2.6
74309,Viry,2.2
74310,Viuz-la-Chiésaz,4.3
74311,Viuz-en-Sallaz,2.8
74312,Vougy,2.7
74313,Vovray-en-Bornes,1.4
74314,Vulbens,1.8
74315,Yvoire,1.4
75101,Paris 1er Arrondissement,6.5
75102,Paris 2e Arrondissement,6.4
75103,Paris 3e Arrondissement,6.1
75104,Paris 4e Arrondissement,6.6
75105,Paris 5e Arrondissement,5.8
75106,Paris 6e Arrondissement,6.1
75107,Paris 7e Arrondissement,5.9
75108,Paris 8e Arrondissement,5.6
75109,Paris 9e Arrondissement,6.1
75110,Paris 10e Arrondissement,6.3
75111,Paris 11e Arrondissement,5.3
75112,Paris 12e Arrondissement,4.2
75113,Paris 13e Arrondissement,4.4
75114,Paris 14e Arrondissement,4.5
75115,Paris 15e Arrondissement,4.6
75116,Paris 16e Arrondissement,3.9
75117,Paris 17e Arrondissement,5.2
75118,Paris 18e Arrondissement,4.9
75119,Paris 19e Arrondissement,5.3
75120,Paris 20e Arrondissement,4.6
76001,Allouville-Bellefosse,4.7
76002,Alvimare,3.7
76004,Ambrumesnil,4.2
76005,Amfreville-la-Mi-Voie,4.5
76006,Amfreville-les-Champs,3.7
76007,Anceaumeville,4.4
76008,Ancourt,3.4
76009,Ancourteville-sur-Héricourt,3.4
76010,Ancretiéville-Saint-Victor,2.4
76011,Ancretteville-sur-Mer,2.8
76012,Angerville-Bailleul,2.5
76013,Angerville-la-Martel,3.2
76014,Angerville-l'Orcher,3.9
76015,Angiens,3.6
76016,Anglesqueville-la-Bras-Long,3.5
76017,Anglesqueville-l'Esneval,3.2
76018,Val-de-Saâne,3.5
76019,Anneville-sur-Scie,4.5
76020,Anneville-Ambourville,2.5
76021,Annouville-Vilmesnil,3.7
76022,Anquetierville,2.7
76023,Anvéville,3.6
76024,Ardouval,3.1
76025,Argueil,3.0
76026,Arques-la-Bataille,4.9
76028,Aubéguimont,2.6
76029,Aubermesnil-aux-Érables,3.5
76030,Aubermesnil-Beaumais,4.7
76032,Auberville-la-Manuel,1.6
76033,Auberville-la-Renault,2.8
76034,Val-de-Scie,3.6
76035,Aumale,3.3
76036,Auppegard,4.7
76038,Authieux-Ratiéville,3.0
76039,Les Authieux-sur-le-Port-Saint-Ouen,5.6
76040,Autigny,2.7
76041,Les Hauts-de-Caux,4.1
76042,Auvilliers,2.7
76043,Auzebosc,4.2
76045,Auzouville-l'Esneval,3.1
76046,Auzouville-sur-Ry,3.5
76047,Auzouville-sur-Saâne,3.9
76048,Avesnes-en-Bray,2.2
76049,Avesnes-en-Val,1.8
76050,Avremesnil,3.3
76051,Bacqueville-en-Caux,4.4
76052,Bailleul-Neuville,3.9
76053,Baillolet,3.8
76054,Bailly-en-Rivière,2.0
76055,Baons-le-Comte,4.2
76056,Bardouville,1.8
76057,Barentin,4.4
76058,Baromesnil,2.7
76059,Bazinval,2.4
76060,Beaubec-la-Rosière,4.9
76062,Beaumont-le-Hareng,4.6
76063,Beauval-en-Caux,4.2
76064,Beaurepaire,2.6
76065,Beaussault,5.0
76066,Beautot,5.9
76067,Beauvoir-en-Lyons,2.1
76068,Bec-de-Mortagne,2.9
76069,Belbeuf,2.7
76070,Bellencombre,4.0
76071,Bellengreville,3.4
76072,Belleville-en-Caux,3.4
76074,La Bellière,4.0
76075,Belmesnil,4.3
76076,Bénarville,2.4
76077,Bénesville,2.7
76079,Bénouville,1.4
76082,Bernières,2.5
76083,Bertheauville,2.5
76084,Bertreville,2.3
76085,Bertreville-Saint-Ouen,4.8
76086,Bertrimont,4.4
76087,Berville-en-Caux,3.2
76088,Berville-sur-Seine,2.5
76090,Beuzeville-la-Grenier,3.8
76091,Beuzeville-la-Guérard,3.7
76092,Beuzevillette,2.8
76093,Bézancourt,2.1
76094,Bierville,3.3
76095,Bihorel,4.2
76096,Biville-la-Baignarde,4.4
76097,Biville-la-Rivière,3.7
76099,Blacqueville,3.7
76100,Blainville-Crevon,3.5
76101,Blangy-sur-Bresle,3.9
76103,Bonsecours,4.5
76104,Blosseville,4.1
76105,Le Bocasse,3.1
76106,Bois-d'Ennebourg,2.7
76107,Bois-Guilbert,2.8
76108,Bois-Guillaume,4.8
76109,Bois-Héroult,3.1
76110,Bois-Himont,4.3
76111,Bois-l'Évêque,3.7
76112,Le Bois-Robert,3.7
76113,Boissay,3.0
76114,Bolbec,2.8
76115,Bolleville,3.4
76116,Boos,3.4
76117,Bordeaux-Saint-Clair,1.4
76118,Bornambusc,3.0
76119,Bosc-Bérenger,4.9
76120,Bosc-Bordel,3.9
76121,Bosc-Édeline,3.6
76122,Callengeville,4.3
76123,Bosc-Guérard-Saint-Adrien,4.4
76124,Bosc-Hyons,2.5
76125,Bosc-le-Hard,4.0
76126,Bosc-Mesnil,4.4
76128,Bosville,2.8
76129,Boudeville,2.7
76130,Bouelles,5.0
76131,La Bouille,4.9
76132,Bourdainville,2.8
76133,Le Bourg-Dun,4.0
76134,Bourville,2.9
76135,Bouville,3.7
76136,Brachy,4.0
76138,Bracquetuit,3.2
76139,Bradiancourt,5.0
76140,Brametot,3.2
76141,Bréauté,3.1
76142,Brémontier-Merval,2.2
76143,Bretteville-du-Grand-Caux,1.9
76144,Bretteville-Saint-Laurent,3.0
76146,Buchy,4.5
76147,Bully,4.4
76148,Bures-en-Bray,3.2
76149,Butot,3.0
76151,Cailleville,3.6
76152,Cailly,4.4
76153,Calleville-les-Deux-Églises,4.5
76154,Campneuseville,3.5
76155,Canehan,2.2
76156,Canouville,2.5
76157,Canteleu,3.2
76158,Canville-les-Deux-Églises,3.5
76159,Cany-Barville,2.6
76160,Carville-la-Folletière,3.3
76161,Carville-Pot-de-Fer,2.6
76162,Le Catelier,3.8
76163,Catenay,2.6
76164,Rives-en-Seine,4.5
76165,Caudebec-lès-Elbeuf,3.7
76166,Le Caule-Sainte-Beuve,2.7
76167,Cauville-sur-Mer,2.9
76168,Les Cent-Acres,2.7
76169,La Cerlangue,3.0
76170,La Chapelle-du-Bourgay,3.4
76171,La Chapelle-Saint-Ouen,2.7
76172,La Chapelle-sur-Dun,3.3
76173,La Chaussée,3.7
76174,Cideville,2.7
76175,Clais,5.0
76176,Clasville,2.7
76177,Claville-Motteville,3.6
76178,Cléon,4.2
76179,Clères,3.8
76180,Cleuville,3.9
76181,Cléville,3.2
76182,Cliponville,4.4
76183,Colleville,3.6
76184,Colmesnil-Manneville,4.1
76185,Compainville,5.0
76186,Conteville,2.7
76187,Contremoulins,2.6
76188,Cottévrard,4.9
76189,Crasville-la-Mallet,3.4
76190,Crasville-la-Rocquefort,3.2
76192,Criel-sur-Mer,2.1
76193,La Crique,3.0
76194,Criquebeuf-en-Caux,2.6
76195,Criquetot-le-Mauconduit,1.9
76196,Criquetot-l'Esneval,2.4
76197,Criquetot-sur-Longueville,3.7
76198,Criquetot-sur-Ouville,3.2
76199,Criquiers,3.0
76200,Critot,4.4
76201,Croisy-sur-Andelle,3.5
76202,Croixdalle,3.3
76203,Croix-Mare,3.8
76204,Cropus,3.5
76205,Crosville-sur-Scie,4.2
76206,Cuverville,2.2
76207,Cuverville-sur-Yères,2.6
76208,Cuy-Saint-Fiacre,2.0
76209,Dampierre-en-Bray,2.4
76210,Dampierre-Saint-Nicolas,3.8
76211,Dancourt,3.7
76212,Darnétal,5.1
76213,Daubeuf-Serville,2.6
76214,Dénestanville,4.1
76216,Déville-lès-Rouen,5.2
76217,Dieppe,3.6
76218,Doudeauville,2.0
76219,Doudeville,3.4
76220,Douvrend,2.3
76221,Drosay,3.5
76222,Duclair,3.5
76223,Écalles-Alix,3.2
76224,Écrainville,3.0
76225,Écretteville-lès-Baons,4.3
76226,Écretteville-sur-Mer,1.9
76227,Ectot-l'Auber,3.1
76228,Ectot-lès-Baons,4.6
76229,Elbeuf-en-Bray,1.5
76230,Elbeuf-sur-Andelle,3.4
76231,Elbeuf,3.8
76232,Életot,3.1
76233,Ellecourt,2.7
76234,Émanville,2.4
76235,Envermeu,2.9
76236,Envronville,4.0
76237,Épinay-sur-Duclair,2.1
76238,Épouville,3.9
76239,Épretot,4.2
76240,Épreville,3.7
76241,Ermenouville,3.5
76242,Ernemont-la-Villette,2.3
76243,Ernemont-sur-Buchy,2.5
76244,Esclavelles,5.0
76245,Eslettes,4.8
76247,Esteville,3.9
76249,Étaimpuis,4.0
76250,Étainhus,4.9
76251,Étalleville,2.6
76252,Étalondes,3.4
76253,Étoutteville,3.4
76254,Étretat,1.5
76255,Eu,4.4
76257,Fallencourt,3.3
76258,Terres-de-Caux,3.4
76259,Fécamp,3.2
76260,Ferrières-en-Bray,2.5
76261,La Ferté-Saint-Samson,3.5
76262,Fesques,4.2
76263,La Feuillie,2.4
76264,Flamanville,3.3
76265,Flamets-Frétils,2.8
76266,Flocques,2.8
76268,Fongueusemare,3.2
76269,Fontaine-en-Bray,4.1
76270,Fontaine-la-Mallet,3.2
76271,Fontaine-le-Bourg,3.5
76272,Fontaine-le-Dun,3.5
76273,Fontaine-sous-Préaux,4.7
76274,La Fontelaye,2.7
76275,Fontenay,3.5
76276,Forges-les-Eaux,4.4
76278,Foucarmont,4.3
76279,Foucart,3.2
76280,Fréauville,3.3
76281,La Frénaye,2.3
76282,Freneuse,5.1
76283,Fresles,3.6
76284,Fresnay-le-Long,4.0
76285,Fresne-le-Plan,4.0
76286,Fresnoy-Folny,3.2
76287,Fresquiennes,4.0
76288,Freulleville,2.7
76289,Saint Martin de l'If,4.2
76290,Frichemesnil,3.2
76291,Froberville,3.3
76292,Fry,2.4
76293,Fultot,2.9
76294,La Gaillarde,3.7
76295,Gaillefontaine,5.1
76296,Gainneville,4.2
76297,Gancourt-Saint-Étienne,1.7
76298,Ganzeville,3.3
76299,Gerponville,2.5
76300,Gerville,2.5
76302,Goderville,2.7
76303,Gommerville,4.4
76304,Gonfreville-Caillot,2.6
76305,Gonfreville-l'Orcher,3.8
76306,Gonnetot,3.0
76307,Gonneville-la-Mallet,3.1
76308,Gonneville-sur-Scie,3.9
76309,Gonzeville,3.3
76311,Goupillières,2.5
76312,Gournay-en-Bray,2.4
76313,Gouy,4.3
76314,Graimbouville,3.9
76315,Grainville-la-Teinturière,2.7
76316,Grainville-sur-Ry,3.1
76317,Grainville-Ymauville,2.2
76318,Grand-Camp,3.7
76319,Grand-Couronne,3.5
76320,Grandcourt,3.3
76321,Les Grandes-Ventes,1.6
76322,Le Grand-Quevilly,2.9
76323,Graval,3.7
76324,Grèges,3.2
76325,Grémonville,4.4
76327,Greuville,3.2
76328,Grigneuseville,4.6
76329,Gruchet-le-Valasse,2.7
76330,Gruchet-Saint-Siméon,3.3
76331,Grugny,3.8
76332,Grumesnil,2.7
76333,Guerville,2.5
76334,Gueures,3.3
76335,Gueutteville,3.3
76336,Gueutteville-les-Grès,3.9
76338,La Hallotière,2.2
76339,Le Hanouard,3.3
76340,Harcanville,2.7
76341,Harfleur,4.8
76342,Hattenville,2.7
76343,Haucourt,3.5
76344,Haudricourt,2.2
76345,Haussez,3.2
76346,Hautot-l'Auvray,2.7
76347,Hautot-le-Vatois,4.3
76348,Hautot-Saint-Sulpice,3.3
76349,Hautot-sur-Mer,4.0
76350,Hautot-sur-Seine,2.3
76351,Le Havre,3.5
76352,La Haye,3.2
76353,Héberville,3.3
76354,Hénouville,3.7
76355,Héricourt-en-Caux,4.2
76356,Hermanville,3.6
76357,Hermeville,4.3
76358,Le Héron,2.5
76359,Héronchelles,2.3
76360,Heugleville-sur-Scie,3.7
76361,Heuqueville,3.3
76362,Heurteauville,2.8
76363,Hodeng-au-Bosc,3.8
76364,Hodeng-Hodenger,2.6
76365,Houdetot,3.8
76366,Le Houlme,4.0
76367,Houppeville,4.1
76368,Houquetot,2.8
76369,La Houssaye-Béranger,4.7
76370,Hugleville-en-Caux,2.8
76371,Les Ifs,1.9
76372,Illois,2.0
76373,Imbleville,2.7
76374,Incheville,3.6
76375,Ingouville,2.9
76377,Isneauville,7.1
76378,Jumièges,2.7
76379,Lamberville,4.1
76380,Lammerville,3.9
76381,Landes-Vieilles-et-Neuves,1.4
76382,Lanquetot,2.4
76383,Lestanville,3.9
76384,Lillebonne,2.4
76385,Limésy,3.5
76386,Limpiville,2.8
76387,Lindebeuf,2.9
76388,Lintot,3.4
76389,Lintot-les-Bois,3.9
76390,Les Loges,2.6
76391,La Londe,3.1
76392,Londinières,3.3
76393,Longmesnil,3.9
76394,Longroy,3.5
76395,Longueil,3.8
76396,Longuerue,4.1
76397,Longueville-sur-Scie,3.6
76398,Louvetot,4.4
76399,Lucy,3.3
76400,Luneray,3.5
76401,Arelaune-en-Seine,4.1
76402,Malaunay,4.0
76403,Malleville-les-Grès,2.6
76404,Manéglise,4.6
76405,Manéhouville,4.3
76406,Maniquerville,2.4
76407,Manneville-ès-Plains,3.9
76408,Manneville-la-Goupil,3.4
76409,Mannevillette,3.4
76410,Maromme,3.9
76411,Marques,2.6
76412,Martainville-Épreville,3.4
76413,Martigny,3.5
76414,Martin-Église,4.3
76415,Massy,5.5
76416,Mathonville,3.3
76417,Maucomble,4.2
76418,Maulévrier-Sainte-Gertrude,3.5
76419,Mauny,2.3
76420,Mauquenchy,4.1
76421,Mélamare,3.0
76422,Melleville,2.8
76423,Ménerval,3.0
76424,Ménonval,5.3
76425,Mentheville,2.8
76426,Mésangueville,2.1
76427,Mesnières-en-Bray,4.2
76428,Le Mesnil-Durdent,3.6
76429,Le Mesnil-Esnard,3.3
76430,Mesnil-Follemprise,3.0
76431,Le Mesnil-Lieubray,1.9
76432,Mesnil-Mauger,5.3
76433,Mesnil-Panneville,3.2
76434,Mesnil-Raoul,4.4
76435,Le Mesnil-Réaume,3.2
76436,Le Mesnil-sous-Jumièges,2.6
76437,Meulers,3.0
76438,Millebosc,2.7
76439,Mirville,2.7
76440,Molagnies,2.4
76441,Monchaux-Soreng,3.5
76442,Monchy-sur-Eu,2.9
76443,Mont-Cauvaire,2.4
76445,Montérolier,3.5
76446,Montigny,4.4
76447,Montivilliers,2.8
76448,Montmain,3.8
76449,Montreuil-en-Caux,4.4
76450,Montroty,2.9
76451,Mont-Saint-Aignan,4.8
76452,Montville,3.5
76453,Morgny-la-Pommeraye,3.9
76454,Mortemer,4.2
76455,Morville-sur-Andelle,2.8
76456,Motteville,4.3
76457,Moulineaux,5.0
76458,Muchedent,2.9
76459,Nesle-Hodeng,5.0
76460,Nesle-Normandeuse,3.2
76461,Neufbosc,4.2
76462,Neufchâtel-en-Bray,5.1
76463,Neuf-Marché,2.5
76464,La Neuville-Chant-d'Oisel,3.8
76465,Neuville-Ferrières,4.1
76467,Néville,3.6
76468,Nointot,2.6
76469,Nolléval,2.4
76470,Normanville,2.9
76471,Norville,2.1
76472,Notre-Dame-d'Aliermont,2.4
76473,Notre-Dame-de-Bliquetuit,3.4
76474,Notre-Dame-de-Bondeville,4.1
76475,Franqueville-Saint-Pierre,3.9
76476,Port-Jérôme-sur-Seine,2.4
76477,Notre-Dame-du-Bec,3.9
76478,Notre-Dame-du-Parc,3.6
76479,Nullemont,1.8
76480,Ocqueville,3.2
76481,Octeville-sur-Mer,2.6
76482,Offranville,4.5
76483,Oherville,3.2
76484,Oissel,6.1
76485,Omonville,3.8
76486,Orival,5.9
76487,Osmoy-Saint-Valery,4.1
76488,Ouainville,2.7
76489,Oudalle,3.4
76490,Ourville-en-Caux,2.9
76491,Ouville-l'Abbaye,3.1
76492,Ouville-la-Rivière,4.4
76493,Paluel,2.7
76494,Parc-d'Anxtot,3.4
76495,Pavilly,2.5
76497,Petit-Couronne,3.3
76498,Le Petit-Quevilly,6.8
76499,Petiville,1.8
76500,Pierrecourt,3.2
76501,Pierrefiques,2.0
76502,Pierreval,4.2
76503,Pissy-Pôville,4.4
76504,Pleine-Sève,3.9
76505,Pommereux,3.6
76506,Pommeréval,4.2
76507,Ponts-et-Marais,3.3
76508,La Poterie-Cap-d'Antifer,1.9
76509,Préaux,3.3
76510,Prétot-Vicquemare,2.5
76511,Preuseville,3.9
76512,Puisenval,3.2
76513,Quevillon,1.9
76514,Quévreville-la-Poterie,4.0
76515,Quiberville-sur-Mer,2.8
76516,Quièvrecourt,5.1
76517,Quincampoix,3.4
76518,Raffetot,2.3
76519,Rainfreville,4.3
76520,Réalcamp,2.4
76521,Rebets,2.4
76522,La Remuée,2.6
76523,Rétonval,2.1
76524,Reuville,2.8
76526,Ricarville-du-Val,3.3
76527,Richemont,3.0
76528,Rieux,3.2
76529,Riville,2.9
76530,Robertot,3.0
76531,Rocquefort,3.6
76532,Rocquemont,4.9
76533,Rogerville,4.0
76534,Rolleville,3.1
76535,Roncherolles-en-Bray,4.8
76536,Roncherolles-sur-le-Vivier,2.7
76537,Ronchois,2.2
76538,Rosay,4.3
76540,Rouen,5.4
76541,Roumare,4.4
76542,Routes,1.6
76543,Rouville,2.6
76544,Rouvray-Catillon,3.5
76545,Rouxmesnil-Bouteilles,4.3
76546,Royville,4.0
76547,La Rue-Saint-Pierre,4.5
76548,Ry,4.0
76549,Saâne-Saint-Just,3.9
76550,Sahurs,2.9
76551,Sainneville,4.4
76552,Sainte-Adresse,2.9
76553,Sainte-Agathe-d'Aliermont,3.1
76554,Saint-Aignan-sur-Ry,2.4
76555,Saint-André-sur-Cailly,4.0
76556,Saint-Antoine-la-Forêt,3.0
76557,Saint-Arnoult,3.3
76558,Saint-Aubin-Celloville,3.4
76559,Saint-Aubin-de-Crétot,3.4
76560,Saint-Aubin-Épinay,4.3
76561,Saint-Aubin-lès-Elbeuf,3.5
76562,Saint-Aubin-le-Cauf,3.9
76563,Saint-Aubin-Routot,3.7
76564,Saint-Aubin-sur-Mer,3.0
76565,Saint-Aubin-sur-Scie,5.5
76566,Sainte-Austreberthe,2.7
76567,Sainte-Beuve-en-Rivière,4.3
76568,Saint-Clair-sur-les-Monts,3.9
76569,Sainte-Colombe,3.8
76570,Saint-Crespin,3.3
76571,Sainte-Croix-sur-Buchy,2.5
76572,Saint-Denis-d'Aclon,3.5
76573,Saint-Denis-le-Thiboult,3.5
76574,Saint-Denis-sur-Scie,3.7
76575,Saint-Étienne-du-Rouvray,6.4
76576,Saint-Eustache-la-Forêt,2.9
76577,Sainte-Foy,3.6
76578,Sainte-Geneviève,5.7
76580,Saint-Georges-sur-Fontaine,4.4
76581,Saint-Germain-des-Essourts,3.8
76582,Saint-Germain-d'Étables,2.8
76583,Saint-Germain-sous-Cailly,3.1
76584,Saint-Germain-sur-Eaulne,4.9
76585,Saint-Gilles-de-Crétot,3.2
76586,Saint-Gilles-de-la-Neuville,3.6
76587,Sainte-Hélène-Bondeville,3.4
76588,Saint-Hellier,3.4
76589,Saint-Honoré,3.1
76590,Saint-Jacques-d'Aliermont,3.2
76591,Saint-Jacques-sur-Darnétal,4.2
76592,Saint-Jean-de-Folleville,2.9
76593,Saint-Jean-de-la-Neuville,3.5
76594,Saint-Jean-du-Cardonnay,4.2
76595,Saint-Jouin-Bruneval,2.8
76596,Saint-Laurent-de-Brèvedent,3.8
76597,Saint-Laurent-en-Caux,3.5
76598,Saint-Léger-aux-Bois,2.7
76599,Saint-Léger-du-Bourg-Denis,7.0
76600,Saint-Léonard,3.5
76601,Saint-Lucien,2.8
76602,Saint-Maclou-de-Folleville,3.8
76603,Saint-Maclou-la-Brière,2.6
76604,Saint-Mards,4.4
76605,Sainte-Marguerite-sur-Mer,2.5
76606,Morienne,2.7
76608,Sainte-Marguerite-sur-Duclair,2.8
76609,Sainte-Marie-au-Bosc,2.6
76610,Sainte-Marie-des-Champs,4.2
76611,Saint-Martin-aux-Arbres,2.8
76612,Saint-Martin-au-Bosc,2.8
76613,Saint-Martin-aux-Buneaux,2.0
76614,Saint-Martin-de-Boscherville,2.7
76615,Saint-Martin-du-Bec,3.5
76616,Saint-Martin-du-Manoir,4.2
76617,Saint-Martin-du-Vivier,4.7
76618,Petit-Caux,1.9
76619,Saint-Martin-le-Gaillard,2.6
76620,Saint-Martin-l'Hortier,4.1
76621,Saint-Martin-Osmonville,4.4
76622,Saint-Maurice-d'Ételan,1.7
76623,Saint-Michel-d'Halescourt,2.1
76624,Saint-Nicolas-d'Aliermont,2.2
76626,Saint-Nicolas-de-la-Haie,3.0
76627,Saint-Nicolas-de-la-Taille,3.3
76628,Saint-Ouen-du-Breuil,3.3
76629,Saint-Ouen-le-Mauger,3.3
76630,Saint-Ouen-sous-Bailly,1.9
76631,Saint-Paër,2.6
76632,Saint-Pierre-Bénouville,3.9
76634,Saint-Pierre-de-Manneville,2.1
76635,Saint-Pierre-des-Jonquières,4.0
76636,Saint-Pierre-de-Varengeville,3.5
76637,Saint-Pierre-en-Port,2.5
76638,Saint-Pierre-en-Val,3.5
76640,Saint-Pierre-lès-Elbeuf,3.1
76641,Saint-Pierre-le-Vieux,3.8
76642,Saint-Pierre-le-Viger,3.6
76644,Saint-Rémy-Boscrocourt,2.9
76645,Saint-Riquier-en-Rivière,3.0
76646,Saint-Riquier-ès-Plains,3.0
76647,Saint-Romain-de-Colbosc,3.4
76648,Saint-Saëns,4.0
76649,Saint-Saire,5.7
76650,Saint-Sauveur-d'Émalleville,3.8
76651,Saint-Sylvain,3.2
76652,Saint-Vaast-d'Équiqueville,3.3
76653,Saint-Vaast-Dieppedalle,2.3
76654,Saint-Vaast-du-Val,3.9
76655,Saint-Valery-en-Caux,2.9
76656,Saint-Victor-l'Abbaye,4.1
76657,Saint-Vigor-d'Ymonville,3.0
76658,Saint-Vincent-Cramesnil,2.4
76660,Sandouville,2.9
76662,Sassetot-le-Malgardé,3.0
76663,Sassetot-le-Mauconduit,1.9
76664,Sasseville,3.0
76665,Sauchay,2.9
76666,Saumont-la-Poterie,4.0
76667,Sauqueville,5.5
76668,Saussay,3.2
76669,Sausseuzemare-en-Caux,3.4
76670,Senneville-sur-Fécamp,2.9
76671,Sept-Meules,2.9
76672,Serqueux,5.4
76673,Servaville-Salmonville,3.9
76675,Sierville,4.2
76676,Sigy-en-Bray,2.8
76677,Smermesnil,5.2
76678,Sommery,4.4
76679,Sommesnil,3.2
76680,Sorquainville,2.9
76681,Sotteville-lès-Rouen,3.6
76682,Sotteville-sous-le-Val,4.8
76683,Sotteville-sur-Mer,3.5
76684,Tancarville,2.8
76685,Thérouldeville,3.2
76686,Theuville-aux-Maillots,2.5
76688,Thiergeville,2.7
76689,Thiétreville,2.9
76690,Thil-Manneville,3.4
76691,Le Thil-Riberpré,5.0
76692,Thiouville,3.8
76693,Le Tilleul,2.0
76694,Tocqueville-en-Caux,3.5
76695,Tocqueville-les-Murs,2.6
76697,Torcy-le-Grand,2.5
76698,Torcy-le-Petit,3.2
76699,Le Torp-Mesnil,3.0
76700,Tôtes,5.8
76702,Touffreville-la-Corbeline,4.0
76703,Touffreville-sur-Eu,2.0
76705,Tourville-la-Rivière,8.5
76706,Tourville-les-Ifs,3.5
76707,Tourville-sur-Arques,4.6
76708,Toussaint,3.4
76709,Le Trait,2.4
76710,Trémauville,2.8
76711,Le Tréport,3.4
76712,La Trinité-du-Mont,2.1
76714,Les Trois-Pierres,3.2
76715,Trouville,3.3
76716,Turretot,3.1
76717,Val-de-la-Haye,3.2
76718,Valliquerville,4.3
76719,Valmont,3.6
76720,Varengeville-sur-Mer,3.2
76721,Varneville-Bretteville,5.3
76723,Vassonville,3.9
76724,Vatierville,5.0
76725,Vattetot-sous-Beaumont,2.0
76726,Vattetot-sur-Mer,2.3
76727,Vatteville-la-Rue,1.5
76728,La Vaupalière,5.5
76730,Veauville-lès-Quelles,2.8
76731,Vénestanville,3.4
76732,Butot-Vénesville,2.3
76733,Ventes-Saint-Rémy,3.0
76734,Vergetot,3.9
76735,Veules-les-Roses,3.4
76736,Veulettes-sur-Mer,2.4
76737,Vibeuf,2.4
76738,Vieux-Manoir,3.2
76739,Vieux-Rouen-sur-Bresle,4.1
76740,La Vieux-Rue,3.0
76741,Villainville,2.3
76743,Villers-Écalles,2.5
76744,Villers-sous-Foucarmont,3.5
76745,Villy-sur-Yères,3.3
76746,Vinnemerville,1.6
76747,Virville,4.2
76748,Vittefleur,2.7
76749,Wanchy-Capval,2.1
76750,Yainville,3.4
76751,Yébleron,2.6
76752,Yerville,3.4
76753,Ymare,3.6
76754,Yport,2.7
76755,Ypreville-Biville,3.1
76756,Yquebeuf,3.4
76757,Yvecrique,3.6
76758,Yvetot,4.4
76759,Yville-sur-Seine,2.7
77001,Achères-la-Forêt,1.7
77002,Amillis,2.7
77003,Amponville,1.6
77004,Andrezel,1.4
77005,Annet-sur-Marne,2.5
77006,Arbonne-la-Forêt,1.4
77007,Argentières,1.5
77008,Armentières-en-Brie,1.4
77009,Arville,1.9
77010,Aubepierre-Ozouer-le-Repos,1.9
77011,Aufferville,2.9
77012,Augers-en-Brie,0.5
77013,Aulnoy,2.7
77014,Avon,3.5
77015,Baby,1.2
77016,Bagneaux-sur-Loing,2.2
77018,Bailly-Romainvilliers,2.3
77019,Balloy,1.0
77020,Bannost-Villegagnon,1.4
77021,Barbey,1.6
77022,Barbizon,2.2
77023,Barcy,3.1
77024,Bassevelle,1.6
77025,Bazoches-lès-Bray,1.2
77026,Beauchery-Saint-Martin,1.5
77027,Beaumont-du-Gâtinais,1.8
77029,Beauvoir,1.7
77030,Bellot,0.8
77031,Bernay-Vilbert,2.8
77032,Beton-Bazoches,1.8
77033,Bezalles,1.4
77034,Blandy,1.5
77035,Blennes,1.2
77036,Boisdon,1.5
77037,Bois-le-Roi,2.5
77038,Boissettes,2.1
77039,Boissise-la-Bertrand,2.4
77040,Boissise-le-Roi,1.7
77041,Boissy-aux-Cailles,1.8
77042,Boissy-le-Châtel,2.0
77043,Boitron,1.2
77044,Bombon,1.6
77045,Bougligny,2.1
77046,Boulancourt,2.0
77047,Bouleurs,2.5
77048,Bourron-Marlotte,3.2
77049,Boutigny,2.0
77050,Bransles,0.9
77051,Bray-sur-Seine,1.6
77052,Bréau,1.7
77053,Brie-Comte-Robert,2.3
77054,La Brosse-Montceaux,2.6
77055,Brou-sur-Chantereine,3.1
77056,Burcy,2.3
77057,Bussières,1.8
77058,Bussy-Saint-Georges,3.4
77059,Bussy-Saint-Martin,3.4
77060,Buthiers,2.1
77061,Cannes-Écluse,2.6
77062,Carnetin,2.0
77063,La Celle-sur-Morin,1.9
77065,Cély,2.5
77066,Cerneux,0.8
77067,Cesson,2.5
77068,Cessoy-en-Montois,1.9
77069,Chailly-en-Bière,2.2
77070,Chailly-en-Brie,3.0
77071,Chaintreaux,1.6
77072,Chalautre-la-Grande,2.3
77073,Chalautre-la-Petite,3.3
77075,Chalifert,1.9
77076,Chalmaison,1.9
77077,Chambry,2.9
77078,Chamigny,2.4
77079,Champagne-sur-Seine,2.6
77080,Champcenest,1.8
77081,Champdeuil,2.0
77082,Champeaux,1.3
77083,Champs-sur-Marne,2.8
77084,Changis-sur-Marne,2.1
77085,Chanteloup-en-Brie,2.6
77086,La Chapelle-Gauthier,1.8
77087,La Chapelle-Iger,1.6
77088,La Chapelle-la-Reine,2.2
77089,La Chapelle-Rablais,1.7
77090,La Chapelle-Saint-Sulpice,2.4
77091,Les Chapelles-Bourbon,1.9
77093,La Chapelle-Moutils,0.5
77094,Charmentray,3.1
77095,Charny,2.4
77096,Chartrettes,2.2
77097,Chartronges,1.7
77098,Châteaubleau,2.0
77099,Château-Landon,1.5
77100,Le Châtelet-en-Brie,1.6
77101,Châtenay-sur-Seine,1.5
77102,Châtenoy,2.9
77103,Châtillon-la-Borde,1.9
77104,Châtres,2.0
77106,Chauffry,2.1
77107,Chaumes-en-Brie,1.9
77108,Chelles,2.0
77109,Chenoise-Cucharmoy,2.1
77110,Chenou,2.0
77111,Chessy,2.3
77112,Chevrainvilliers,2.9
77113,Chevru,2.5
77114,Chevry-Cossigny,1.9
77115,Chevry-en-Sereine,1.1
77116,Choisy-en-Brie,2.1
77117,Citry,1.5
77118,Claye-Souilly,3.1
77119,Clos-Fontaine,1.6
77120,Cocherel,1.9
77121,Collégien,4.1
77122,Combs-la-Ville,2.7
77123,Compans,2.8
77124,Conches-sur-Gondoire,2.5
77125,Condé-Sainte-Libiaire,1.1
77126,Congis-sur-Thérouanne,1.7
77127,Coubert,1.5
77128,Couilly-Pont-aux-Dames,2.7
77129,Coulombs-en-Valois,1.1
77130,Coulommes,2.2
77131,Coulommiers,2.5
77132,Coupvray,1.8
77133,Courcelles-en-Bassée,1.4
77134,Courchamp,1.8
77135,Courpalay,2.2
77136,Courquetaine,1.5
77137,Courtacon,1.3
77138,Courtomer,1.8
77139,Courtry,3.4
77140,Coutençon,1.8
77141,Coutevroult,2.4
77142,Crécy-la-Chapelle,2.4
77143,Crégy-lès-Meaux,2.8
77144,Crèvecœur-en-Brie,1.4
77145,Crisenoy,2.2
77146,Croissy-Beaubourg,3.9
77147,La Croix-en-Brie,1.7
77148,Crouy-sur-Ourcq,1.5
77150,Cuisy,2.3
77151,Dagny,2.4
77152,Dammarie-les-Lys,1.7
77153,Dammartin-en-Goële,2.8
77154,Dammartin-sur-Tigeaux,1.6
77155,Dampmart,0.9
77156,Darvault,2.9
77157,Dhuisy,1.6
77158,Diant,1.1
77159,Donnemarie-Dontilly,1.4
77161,Dormelles,2.3
77162,Doue,2.0
77163,Douy-la-Ramée,2.1
77164,Échouboulains,2.2
77165,Les Écrennes,1.9
77167,Égligny,1.3
77168,Égreville,0.7
77169,Émerainville,3.5
77171,Esbly,1.9
77172,Esmans,2.8
77173,Étrépilly,2.5
77174,Everly,2.0
77175,Évry-Grégy-sur-Yerre,4.0
77176,Faremoutiers,2.4
77177,Favières,2.0
77178,Faÿ-lès-Nemours,2.7
77179,Féricy,2.0
77180,Férolles-Attilly,2.7
77181,Ferrières-en-Brie,4.2
77182,La Ferté-Gaucher,1.4
77183,La Ferté-sous-Jouarre,2.2
77184,Flagy,2.0
77185,Fleury-en-Bière,1.9
77186,Fontainebleau,3.1
77187,Fontaine-Fourches,2.2
77188,Fontaine-le-Port,2.2
77190,Fontains,1.5
77191,Fontenailles,1.6
77192,Fontenay-Trésigny,2.2
77193,Forfry,2.2
77194,Forges,2.8
77195,Fouju,1.6
77196,Fresnes-sur-Marne,2.6
77197,Frétoy,1.8
77198,Fromont,2.2
77199,Fublaines,1.4
77200,Garentreville,2.3
77201,Gastins,1.8
77202,La Genevraye,3.1
77203,Germigny-l'Évêque,2.6
77204,Germigny-sous-Coulombs,1.4
77205,Gesvres-le-Chapitre,2.4
77206,Giremoutiers,2.5
77207,Gironville,2.1
77208,Gouaix,2.6
77209,Gouvernes,3.1
77210,La Grande-Paroisse,2.3
77211,Grandpuits-Bailly-Carrois,1.7
77212,Gravon,1.7
77214,Gressy,2.7
77215,Gretz-Armainvilliers,1.7
77216,Grez-sur-Loing,3.8
77217,Grisy-Suisnes,1.3
77218,Grisy-sur-Seine,1.5
77219,Guérard,1.9
77220,Guercheville,2.0
77221,Guermantes,3.1
77222,Guignes,1.6
77223,Gurcy-le-Châtel,1.0
77224,Hautefeuille,1.6
77225,La Haute-Maison,2.2
77226,Héricy,2.3
77227,Hermé,3.1
77228,Hondevilliers,0.8
77229,La Houssaye-en-Brie,1.5
77230,Ichy,2.0
77231,Isles-les-Meldeuses,1.5
77232,Isles-lès-Villenoy,2.5
77233,Iverny,2.7
77234,Jablines,1.8
77235,Jaignes,2.0
77236,Jaulnes,1.4
77237,Jossigny,3.0
77238,Jouarre,2.5
77239,Jouy-le-Châtel,1.5
77240,Jouy-sur-Morin,1.4
77241,Juilly,2.3
77242,Jutigny,2.4
77243,Lagny-sur-Marne,2.7
77244,Larchant,2.0
77245,Laval-en-Brie,2.2
77246,Léchelle,2.3
77247,Lescherolles,1.1
77248,Lesches,2.5
77249,Lésigny,2.8
77250,Leudon-en-Brie,1.7
77251,Lieusaint,2.6
77252,Limoges-Fourches,2.9
77253,Lissy,2.2
77254,Liverdy-en-Brie,1.6
77255,Livry-sur-Seine,1.4
77256,Lizines,2.0
77257,Lizy-sur-Ourcq,1.9
77258,Lognes,3.6
77259,Longperrier,1.8
77260,Longueville,2.2
77261,Lorrez-le-Bocage-Préaux,0.9
77262,Louan-Villegruis-Fontaine,0.6
77263,Luisetaines,1.2
77264,Lumigny-Nesles-Ormeaux,2.3
77265,Luzancy,1.9
77266,Machault,1.8
77267,La Madeleine-sur-Loing,2.3
77268,Magny-le-Hongre,1.8
77269,Maincy,1.5
77270,Maisoncelles-en-Brie,1.9
77271,Maisoncelles-en-Gâtinais,1.8
77272,Maison-Rouge,2.7
77273,Marchémoret,2.8
77274,Marcilly,2.7
77275,Les Marêts,1.2
77276,Mareuil-lès-Meaux,2.6
77277,Marles-en-Brie,2.0
77278,Marolles-en-Brie,2.6
77279,Marolles-sur-Seine,2.3
77280,Mary-sur-Marne,1.8
77281,Mauperthuis,2.7
77282,Mauregard,2.7
77283,May-en-Multien,1.5
77284,Meaux,2.7
77285,Le Mée-sur-Seine,1.5
77286,Meigneux,1.2
77287,Meilleray,1.7
77288,Melun,2.2
77289,Melz-sur-Seine,3.2
77290,Méry-sur-Marne,1.9
77291,Le Mesnil-Amelot,2.6
77292,Messy,2.1
77293,Misy-sur-Yonne,1.9
77294,Mitry-Mory,2.8
77295,Moisenay,2.0
77296,Moissy-Cramayel,2.2
77297,Mondreville,1.6
77298,Mons-en-Montois,1.1
77300,Montceaux-lès-Meaux,2.1
77301,Montceaux-lès-Provins,0.1
77302,Montcourt-Fromonville,3.7
77303,Montdauphin,3.0
77304,Montenils,4.1
77305,Montereau-Fault-Yonne,2.8
77306,Montereau-sur-le-Jard,2.3
77307,Montévrain,2.2
77308,Montgé-en-Goële,2.6
77309,Monthyon,2.8
77310,Montigny-le-Guesdier,1.2
77311,Montigny-Lencoup,1.6
77312,Montigny-sur-Loing,2.7
77313,Montmachoux,1.9
77314,Montolivet,3.0
77315,Montry,1.5
77316,Moret-Loing-et-Orvanne,3.1
77317,Mormant,1.8
77318,Mortcerf,1.7
77319,Mortery,2.0
77320,Mouroux,2.6
77321,Mousseaux-lès-Bray,1.3
77322,Moussy-le-Neuf,1.4
77323,Moussy-le-Vieux,1.5
77325,Mouy-sur-Seine,1.4
77326,Nandy,2.0
77327,Nangis,1.5
77328,Nanteau-sur-Essonne,2.1
77329,Nanteau-sur-Lunain,1.5
77330,Nanteuil-lès-Meaux,2.4
77331,Nanteuil-sur-Marne,1.9
77332,Nantouillet,2.3
77333,Nemours,2.6
77335,Chauconin-Neufmontiers,3.1
77336,Neufmoutiers-en-Brie,1.6
77337,Noisiel,2.9
77338,Noisy-Rudignon,2.6
77339,Noisy-sur-École,1.7
77340,Nonville,2.3
77341,Noyen-sur-Seine,2.6
77342,Obsonville,1.9
77343,Ocquerre,1.8
77344,Oissery,2.0
77345,Orly-sur-Morin,1.3
77347,Les Ormes-sur-Voulzie,1.5
77348,Ormesson,2.8
77349,Othis,1.8
77350,Ozoir-la-Ferrière,2.6
77352,Ozouer-le-Voulgis,1.5
77353,Paley,1.5
77354,Pamfou,2.2
77355,Paroy,2.0
77356,Passy-sur-Seine,1.9
77357,Pécy,1.7
77358,Penchard,3.1
77359,Perthes,2.3
77360,Pézarches,2.5
77361,Pierre-Levée,2.2
77363,Le Pin,4.2
77364,Le Plessis-aux-Bois,2.3
77365,Le Plessis-Feu-Aussoux,1.7
77366,Le Plessis-l'Évêque,2.9
77367,Le Plessis-Placy,1.7
77368,Poigny,2.5
77369,Poincy,2.9
77370,Poligny,2.2
77371,Pommeuse,2.3
77372,Pomponne,3.3
77373,Pontault-Combault,2.8
77374,Pontcarré,3.2
77376,Précy-sur-Marne,1.8
77377,Presles-en-Brie,2.0
77378,Pringy,2.0
77379,Provins,2.4
77380,Puisieux,1.8
77381,Quiers,2.0
77382,Quincy-Voisins,3.0
77383,Rampillon,1.5
77384,Réau,4.3
77385,Rebais,1.5
77386,Recloses,2.9
77387,Remauville,1.6
77388,Reuil-en-Brie,2.2
77389,La Rochette,1.9
77390,Roissy-en-Brie,2.2
77391,Rouilly,2.3
77392,Rouvres,2.8
77393,Rozay-en-Brie,2.7
77394,Rubelles,2.2
77395,Rumont,2.1
77396,Rupéreux,1.5
77397,Saâcy-sur-Marne,1.9
77398,Sablonnières,1.0
77400,Saint-Augustin,2.9
77401,Sainte-Aulde,2.2
77402,Saint-Barthélemy,2.2
77403,Saint-Brice,2.1
77404,Sainte-Colombe,2.6
77405,Saint-Cyr-sur-Morin,1.6
77406,Saint-Denis-lès-Rebais,1.5
77407,Saint-Fargeau-Ponthierry,2.3
77408,Saint-Fiacre,2.4
77409,Saint-Germain-Laval,2.2
77410,Saint-Germain-Laxis,2.5
77411,Saint-Germain-sous-Doue,1.8
77412,Saint-Germain-sur-École,2.3
77413,Saint-Germain-sur-Morin,2.4
77414,Saint-Hilliers,2.2
77415,Saint-Jean-les-Deux-Jumeaux,2.3
77416,Saint-Just-en-Brie,1.4
77417,Saint-Léger,1.0
77418,Saint-Loup-de-Naud,2.5
77419,Saint-Mammès,2.4
77420,Saint-Mard,2.8
77421,Saint-Mars-Vieux-Maisons,1.1
77423,Saint-Martin-des-Champs,1.1
77424,Saint-Martin-du-Boschet,0.4
77425,Saint-Martin-en-Bière,1.9
77426,Saint-Méry,1.2
77427,Saint-Mesmes,2.1
77428,Saint-Ouen-en-Brie,1.5
77429,Saint-Ouen-sur-Morin,1.5
77430,Saint-Pathus,1.9
77431,Saint-Pierre-lès-Nemours,2.5
77432,Saint-Rémy-de-la-Vanne,2.1
77433,Beautheil-Saints,2.3
77434,Saint-Sauveur-lès-Bray,1.4
77435,Saint-Sauveur-sur-École,1.9
77436,Saint-Siméon,2.4
77437,Saint-Soupplets,2.1
77438,Saint-Thibault-des-Vignes,4.1
77439,Salins,2.1
77440,Sammeron,2.5
77441,Samois-sur-Seine,3.0
77442,Samoreau,3.2
77443,Sancy,2.2
77444,Sancy-lès-Provins,0.5
77445,Savigny-le-Temple,2.0
77446,Savins,1.9
77447,Seine-Port,2.2
77448,Sept-Sorts,2.6
77449,Serris,2.8
77450,Servon,3.9
77451,Signy-Signets,2.8
77452,Sigy,1.2
77453,Sivry-Courtry,1.9
77454,Sognolles-en-Montois,1.8
77455,Soignolles-en-Brie,1.6
77456,Soisy-Bouy,2.2
77457,Solers,1.3
77458,Souppes-sur-Loing,1.8
77459,Sourdun,3.2
77460,Tancrou,1.9
77461,Thénisy,1.5
77462,Thieux,2.4
77463,Thomery,3.6
77464,Thorigny-sur-Marne,1.7
77465,Thoury-Férottes,1.9
77466,Tigeaux,1.7
77467,La Tombe,1.8
77468,Torcy,2.5
77469,Touquin,2.1
77470,Tournan-en-Brie,2.4
77471,Tousson,2.2
77472,La Trétoire,0.9
77473,Treuzy-Levelay,2.4
77474,Trilbardou,3.2
77475,Trilport,2.7
77476,Trocy-en-Multien,2.3
77477,Ury,2.9
77478,Ussy-sur-Marne,2.6
77479,Vaires-sur-Marne,2.6
77480,Valence-en-Brie,2.3
77481,Vanvillé,1.9
77482,Varennes-sur-Seine,3.3
77483,Varreddes,2.7
77484,Vaucourtois,1.9
77485,Le Vaudoué,1.9
77486,Vaudoy-en-Brie,1.9
77487,Vaux-le-Pénil,1.7
77489,Vaux-sur-Lunain,1.0
77490,Vendrest,1.1
77492,Verdelot,1.9
77493,Verneuil-l'Étang,1.5
77494,Vernou-la-Celle-sur-Seine,2.6
77495,Vert-Saint-Denis,3.0
77496,Vieux-Champagne,1.5
77498,Vignely,2.8
77500,Villebéon,0.9
77501,Villecerf,2.9
77504,Villemaréchal,1.6
77505,Villemareuil,2.3
77506,Villemer,2.0
77507,Villenauxe-la-Petite,1.5
77508,Villeneuve-le-Comte,2.6
77509,Villeneuve-les-Bordes,1.4
77510,Villeneuve-Saint-Denis,3.2
77511,Villeneuve-sous-Dammartin,1.8
77512,Villeneuve-sur-Bellot,0.8
77513,Villenoy,3.2
77514,Villeparisis,1.5
77515,Villeroy,2.3
77516,Ville-Saint-Jacques,2.9
77517,Villevaudé,4.0
77518,Villiers-en-Bière,2.3
77519,Villiers-Saint-Georges,1.0
77520,Villiers-sous-Grez,2.9
77521,Villiers-sur-Morin,2.4
77522,Villiers-sur-Seine,2.3
77523,Villuis,1.6
77524,Vimpelles,1.2
77525,Vinantes,2.1
77526,Vincy-Manœuvre,1.5
77527,Voinsles,2.3
77528,Voisenon,2.6
77529,Voulangis,1.2
77530,Voulton,1.5
77531,Voulx,1.2
77532,Vulaines-lès-Provins,2.9
77533,Vulaines-sur-Seine,2.7
77534,Yèbles,1.4
78003,Ablis,3.2
78005,Achères,2.0
78006,Adainville,1.5
78007,Aigremont,3.0
78009,Allainville,2.5
78010,Les Alluets-le-Roi,1.6
78013,Andelu,2.2
78015,Andrésy,2.6
78020,Arnouville-lès-Mantes,2.1
78029,Aubergenville,3.2
78030,Auffargis,2.2
78031,Auffreville-Brasseuil,2.9
78033,Aulnay-sur-Mauldre,2.0
78034,Auteuil,2.3
78036,Autouillet,2.3
78043,Bailly,3.1
78048,Bazainville,2.1
78049,Bazemont,1.9
78050,Bazoches-sur-Guyonne,2.6
78053,Béhoust,1.5
78057,Bennecourt,1.9
78062,Beynes,2.1
78068,Blaru,2.3
78070,Boinville-en-Mantois,2.3
78071,Boinville-le-Gaillard,2.1
78072,Boinvilliers,1.5
78073,Bois-d'Arcy,5.4
78076,Boissets,1.5
78077,La Boissière-École,2.1
78082,Boissy-Mauvoisin,1.1
78084,Boissy-sans-Avoir,2.8
78087,Bonnelles,2.6
78089,Bonnières-sur-Seine,2.7
78090,Bouafle,3.7
78092,Bougival,3.1
78096,Bourdonné,1.5
78104,Breuil-Bois-Robert,2.7
78107,Bréval,1.3
78108,Les Bréviaires,2.0
78113,Brueil-en-Vexin,3.0
78117,Buc,2.8
78118,Buchelay,2.9
78120,Bullion,2.3
78123,Carrières-sous-Poissy,2.8
78124,Carrières-sur-Seine,1.3
78125,La Celle-les-Bordes,3.1
78126,La Celle-Saint-Cloud,2.5
78128,Cernay-la-Ville,3.4
78133,Chambourcy,3.4
78138,Chanteloup-les-Vignes,3.0
78140,Chapet,3.3
78143,Châteaufort,3.4
78146,Chatou,2.6
78147,Chaufour-lès-Bonnières,2.3
78152,Chavenay,2.4
78158,Le Chesnay-Rocquencourt,2.8
78160,Chevreuse,2.3
78162,Choisel,2.5
78163,Civry-la-Forêt,1.4
78164,Clairefontaine-en-Yvelines,3.8
78165,Les Clayes-sous-Bois,1.3
78168,Coignières,3.1
78171,Condé-sur-Vesgre,1.3
78172,Conflans-Sainte-Honorine,2.5
78185,Courgent,1.1
78188,Cravent,1.7
78189,Crespières,1.8
78190,Croissy-sur-Seine,2.1
78192,Dammartin-en-Serve,1.2
78193,Dampierre-en-Yvelines,2.5
78194,Dannemarie,1.8
78196,Davron,2.6
78202,Drocourt,2.1
78206,Ecquevilly,2.9
78208,Élancourt,2.4
78209,Émancé,2.9
78217,Épône,3.1
78220,Les Essarts-le-Roi,2.9
78224,L'Étang-la-Ville,2.3
78227,Évecquemont,2.0
78230,La Falaise,2.8
78231,Favrieux,1.8
78233,Feucherolles,2.3
78234,Flacourt,1.5
78236,Flexanville,2.0
78237,Flins-Neuve-Église,1.4
78238,Flins-sur-Seine,4.5
78239,Follainville-Dennemont,1.8
78242,Fontenay-le-Fleury,2.2
78245,Fontenay-Mauvoisin,2.0
78246,Fontenay-Saint-Père,1.8
78255,Freneuse,1.0
78261,Gaillon-sur-Montcient,1.9
78262,Galluis,2.4
78263,Gambais,1.8
78264,Gambaiseuil,1.3
78265,Garancières,1.9
78267,Gargenville,3.3
78269,Gazeran,4.0
78276,Gommecourt,2.0
78278,Goupillières,2.0
78281,Goussonville,2.2
78283,Grandchamp,2.1
78285,Gressey,1.7
78289,Grosrouvre,1.9
78290,Guernes,0.8
78291,Guerville,2.1
78296,Guitrancourt,2.9
78297,Guyancourt,3.3
78299,Hardricourt,2.3
78300,Hargeville,1.7
78302,La Hauteville,1.7
78305,Herbeville,1.9
78307,Hermeray,2.7
78310,Houdan,1.9
78311,Houilles,1.2
78314,Issou,3.3
78317,Jambville,2.1
78320,Notre-Dame-de-la-Mer,2.6
78321,Jouars-Pontchartrain,3.4
78322,Jouy-en-Josas,2.8
78324,Jouy-Mauvoisin,2.6
78325,Jumeauville,2.1
78327,Juziers,2.2
78329,Lainville-en-Vexin,1.6
78334,Lévis-Saint-Nom,2.5
78335,Limay,2.7
78337,Limetz-Villez,2.5
78343,Les Loges-en-Josas,3.1
78344,Lommoye,1.6
78346,Longnes,1.2
78349,Longvilliers,3.3
78350,Louveciennes,4.1
78354,Magnanville,2.9
78356,Magny-les-Hameaux,2.5
78358,Maisons-Laffitte,1.8
78361,Mantes-la-Jolie,2.8
78362,Mantes-la-Ville,3.9
78364,Marcq,2.2
78366,Mareil-le-Guyon,2.5
78367,Mareil-Marly,2.1
78368,Mareil-sur-Mauldre,2.0
78372,Marly-le-Roi,3.5
78380,Maule,2.2
78381,Maulette,2.1
78382,Maurecourt,2.9
78383,Maurepas,2.6
78384,Médan,2.6
78385,Ménerville,1.6
78389,Méré,2.3
78391,Méricourt,0.8
78396,Le Mesnil-le-Roi,1.6
78397,Le Mesnil-Saint-Denis,3.2
78398,Les Mesnuls,2.1
78401,Meulan-en-Yvelines,2.6
78402,Mézières-sur-Seine,3.8
78403,Mézy-sur-Seine,1.9
78404,Millemont,2.1
78406,Milon-la-Chapelle,2.8
78407,Mittainville,2.7
78410,Moisson,0.5
78413,Mondreville,1.8
78415,Montainville,1.9
78416,Montalet-le-Bois,2.0
78417,Montchauvet,1.0
78418,Montesson,1.3
78420,Montfort-l'Amaury,2.2
78423,Montigny-le-Bretonneux,2.9
78431,Morainvilliers,2.7
78437,Mousseaux-sur-Seine,0.6
78439,Mulcent,1.1
78440,Les Mureaux,2.3
78442,Neauphle-le-Château,2.5
78443,Neauphle-le-Vieux,2.4
78444,Neauphlette,1.4
78451,Nézel,2.7
78455,Noisy-le-Roi,2.8
78460,Oinville-sur-Montcient,2.0
78464,Orcemont,3.5
78465,Orgerus,1.7
78466,Orgeval,3.5
78470,Orphin,4.1
78472,Orsonville,2.6
78474,Orvilliers,1.3
78475,Osmoy,1.7
78478,Paray-Douaville,2.3
78481,Le Pecq,2.6
78484,Perdreauville,1.7
78486,Le Perray-en-Yvelines,2.9
78490,Plaisir,3.1
78497,Poigny-la-Forêt,3.2
78498,Poissy,2.6
78499,Ponthévrard,3.0
78501,Porcheville,3.7
78502,Le Port-Marly,3.1
78505,Prunay-le-Temple,1.2
78506,Prunay-en-Yvelines,3.4
78513,La Queue-les-Yvelines,2.4
78516,Raizeux,3.1
78517,Rambouillet,3.0
78518,Rennemoulin,2.7
78520,Richebourg,1.6
78522,Rochefort-en-Yvelines,3.4
78528,Rolleboise,1.0
78530,Rosay,1.7
78531,Rosny-sur-Seine,1.5
78536,Sailly,2.0
78537,Saint-Arnoult-en-Yvelines,1.9
78545,Saint-Cyr-l'École,3.3
78548,Saint-Forget,2.4
78550,Saint-Germain-de-la-Grange,1.9
78551,Saint-Germain-en-Laye,2.5
78557,Saint-Hilarion,3.5
78558,Saint-Illiers-la-Ville,1.0
78559,Saint-Illiers-le-Bois,1.2
78561,Saint-Lambert,3.2
78562,Saint-Léger-en-Yvelines,1.1
78564,Saint-Martin-de-Bréthencourt,2.1
78565,Saint-Martin-des-Champs,1.5
78567,Saint-Martin-la-Garenne,1.8
78569,Sainte-Mesme,2.8
78571,Saint-Nom-la-Bretèche,2.7
78575,Saint-Rémy-lès-Chevreuse,2.7
78576,Saint-Rémy-l'Honoré,2.3
78586,Sartrouville,2.0
78588,Saulx-Marchais,2.2
78590,Senlisse,2.3
78591,Septeuil,1.6
78597,Soindres,2.8
78601,Sonchamp,3.3
78605,Tacoignières,1.3
78606,Le Tartre-Gaudran,2.1
78608,Le Tertre-Saint-Denis,1.0
78609,Tessancourt-sur-Aubette,2.0
78615,Thiverval-Grignon,1.7
78616,Thoiry,2.3
78618,Tilly,2.0
78620,Toussus-le-Noble,3.5
78621,Trappes,3.7
78623,Le Tremblay-sur-Mauldre,2.4
78624,Triel-sur-Seine,3.0
78638,Vaux-sur-Seine,1.8
78640,Vélizy-Villacoublay,1.5
78642,Verneuil-sur-Seine,1.6
78643,Vernouillet,2.2
78644,La Verrière,3.3
78646,Versailles,2.6
78647,Vert,2.6
78650,Le Vésinet,2.5
78653,Vicq,2.6
78655,Vieille-Église-en-Yvelines,2.9
78668,La Villeneuve-en-Chevrie,2.3
78672,Villennes-sur-Seine,3.9
78674,Villepreux,2.3
78677,Villette,2.2
78681,Villiers-le-Mahieu,2.0
78683,Villiers-Saint-Frédéric,2.0
78686,Viroflay,1.7
78688,Voisins-le-Bretonneux,3.8
79001,L'Absie,1.5
79002,Adilly,2.6
79003,Aiffres,3.3
79005,Airvault,4.3
79007,Allonne,2.0
79008,Amailloux,1.9
79009,Amuré,3.0
79010,Arçais,2.8
79012,Ardin,1.2
79013,Argentonnay,1.4
79014,Loretz-d'Argenton,3.4
79015,Asnières-en-Poitou,2.5
79016,Assais-les-Jumeaux,3.5
79018,Aubigné,1.9
79019,Aubigny,3.8
79020,Augé,3.2
79022,Availles-Thouarsais,3.7
79023,Avon,4.1
79024,Azay-le-Brûlé,3.0
79025,Azay-sur-Thouet,2.0
79029,Beaulieu-sous-Parthenay,1.7
79030,Beaussais-Vitré,3.2
79031,Beauvoir-sur-Niort,2.6
79032,Béceleuf,1.5
79034,Bessines,4.5
79038,Boismé,3.1
79040,La Boissière-en-Gâtine,1.3
79042,Bougon,1.8
79046,Le Bourdet,3.0
79047,Boussais,3.0
79048,La Crèche,4.3
79049,Bressuire,3.6
79050,Bretignolles,3.4
79055,Brieuil-sur-Chizé,2.1
79056,Brion-près-Thouet,3.5
79057,Brioux-sur-Boutonne,3.1
79058,Brûlain,2.3
79059,Le Busseau,1.4
79060,Caunay,3.7
79061,Celles-sur-Belle,3.0
79062,Cerizay,3.0
79063,Val en Vignes,1.5
79064,Fontivillié,4.1
79066,Champdeniers,2.2
79069,Chanteloup,3.9
79070,La Chapelle-Bâton,2.5
79071,La Chapelle-Bertrand,2.7
79074,La Chapelle-Pouilloux,3.1
79076,La Chapelle-Saint-Laurent,2.9
79077,Beugnon-Thireuil,1.3
79078,Plaine-d'Argenson,2.2
79079,Mauléon,1.9
79080,Châtillon-sur-Thouet,2.6
79081,Chauray,4.0
79083,Chef-Boutonne,2.9
79084,Chenay,3.7
79085,Chérigné,2.7
79086,Cherveux,3.3
79087,Chey,4.5
79088,Chiché,1.6
79089,Le Chillou,3.5
79090,Chizé,2.5
79091,Cirières,3.6
79092,Clavé,1.0
79094,Clessé,1.5
79095,Clussais-la-Pommeraie,3.7
79096,Combrand,1.6
79100,Coulon,3.2
79101,Coulonges-sur-l'Autize,1.5
79102,Coulonges-Thouarsais,2.0
79103,Courlay,3.6
79104,Cours,1.9
79105,Les Châteliers,2.5
79106,Couture-d'Argenson,2.4
79108,Doux,2.2
79109,Échiré,3.2
79111,Ensigné,2.3
79112,Épannes,3.8
79114,Exireuil,2.4
79115,Exoudun,2.6
79116,Faye-l'Abbesse,2.6
79117,Faye-sur-Ardin,1.5
79118,Fénery,1.8
79119,Fenioux,1.7
79120,La Ferrière-en-Parthenay,3.2
79121,Fomperron,2.7
79122,Fontenille-Saint-Martin-d'Entraigues,2.2
79123,La Forêt-sur-Sèvre,3.2
79124,Les Forges,3.4
79125,Fors,1.9
79126,Les Fosses,2.1
79127,La Foye-Monjault,1.9
79128,François,4.5
79129,Fressines,3.0
79130,Frontenay-Rohan-Rohan,4.0
79131,Geay,1.9
79132,Genneton,1.0
79133,Germond-Rouvre,2.9
79134,Glénay,2.8
79135,Gourgé,4.0
79136,Alloinay,1.5
79137,Granzay-Gript,2.3
79139,Les Groseillers,1.9
79140,Valdelaume,2.8
79141,Irais,3.8
79142,Juillé,2.1
79144,Juscorps,2.3
79145,Lageon,3.0
79147,Largeasse,2.3
79148,Lezay,3.4
79149,Lhoumois,3.5
79150,Limalonges,4.8
79152,Lorigné,2.1
79153,Loubigné,1.8
79154,Loubillé,2.1
79156,Louin,4.0
79157,Louzy,3.8
79158,Luché-sur-Brioux,3.1
79159,Luché-Thouarsais,2.0
79160,Lusseray,2.9
79161,Luzay,3.6
79162,Magné,2.9
79163,Mairé-Levescault,2.3
79164,Maisonnay,5.0
79165,Maisontiers,3.9
79166,Marigny,2.4
79167,Marnes,2.7
79170,Mauzé-sur-le-Mignon,4.1
79172,Mazières-en-Gâtine,2.0
79174,Melle,4.0
79175,Melleran,1.9
79176,Ménigoute,2.5
79177,Messé,2.0
79179,Moncoutant-sur-Sèvre,2.2
79180,Montalembert,3.6
79183,Montravers,1.8
79184,La Mothe-Saint-Héray,2.1
79185,Aigondigné,2.6
79189,Nanteuil,2.8
79190,Neuvy-Bouin,2.0
79191,Niort,4.4
79195,Nueil-les-Aubiers,2.4
79196,Plaine-et-Vallées,2.2
79197,Oroux,3.8
79198,Paizay-le-Chapt,2.5
79200,Pamplie,1.9
79201,Pamproux,2.4
79202,Parthenay,2.7
79203,Pas-de-Jeu,1.9
79204,Périgné,3.6
79205,Pers,3.3
79207,La Petite-Boissière,1.9
79208,La Peyratte,2.8
79209,Pierrefitte,1.8
79210,Le Pin,2.7
79212,Pliboux,2.4
79213,Pompaire,2.2
79215,Pougne-Hérisson,2.1
79216,Prahecq,2.6
79217,Prailles-La Couarde,2.9
79218,Pressigny,3.0
79220,Prin-Deyrançon,3.2
79223,Puihardy,1.1
79225,Reffannes,1.4
79226,Le Retail,1.6
79229,La Rochénard,2.6
79230,Rom,3.4
79231,Romans,2.3
79235,Saint-Amand-sur-Sèvre,2.1
79236,Saint-André-sur-Sèvre,2.4
79238,Saint-Aubin-du-Plain,2.7
79239,Saint-Aubin-le-Cloud,2.2
79241,Saint-Christophe-sur-Roc,2.9
79242,Voulmentin,2.5
79243,Saint-Coutant,4.1
79244,Saint-Cyr-la-Lande,1.9
79246,Sainte-Eanne,2.7
79249,Saint-Gelais,3.9
79250,Sainte-Gemme,2.0
79251,Marcillé,2.8
79252,Saint-Généroux,3.8
79253,Saint-Georges-de-Noisné,1.8
79254,Saint-Georges-de-Rex,3.0
79255,Saint-Germain-de-Longue-Chaume,1.7
79256,Saint-Germier,2.5
79257,Saint-Hilaire-la-Palud,3.1
79258,Saint-Jacques-de-Thouars,3.3
79259,Saint-Jean-de-Thouars,3.4
79263,Saint-Laurs,1.1
79265,Saint-Léger-de-Montbrun,2.3
79267,Saint-Lin,1.1
79268,Saint-Loup-Lamairé,3.9
79269,Saint-Maixent-de-Beugné,1.2
79270,Saint-Maixent-l'École,2.8
79271,Saint-Marc-la-Lande,1.4
79273,Saint-Martin-de-Bernegoue,2.2
79274,Saint-Martin-de-Mâcon,2.0
79276,Saint-Martin-de-Saint-Maixent,2.4
79277,Saint-Martin-de-Sanzay,3.3
79278,Saint-Martin-du-Fouilloux,2.4
79280,Saint Maurice Étusson,2.0
79281,Saint-Maxire,3.1
79283,Sainte-Néomaye,2.1
79284,Sainte-Ouenne,1.8
79285,Saint-Pardoux-Soutiers,1.9
79286,Saint-Paul-en-Gâtine,2.3
79289,Saint-Pierre-des-Échaubrognes,2.1
79290,Saint-Pompain,1.9
79293,Saint-Rémy,3.2
79294,Saint-Romans-des-Champs,2.1
79295,Saint-Romans-lès-Melle,3.1
79297,Sainte-Soline,3.9
79298,Saint-Symphorien,3.3
79299,Saint-Varent,3.0
79300,Sainte-Verge,3.1
79301,Saint-Vincent-la-Châtre,4.5
79302,Saivres,2.3
79303,Salles,2.2
79304,Sansais,3.5
79306,Saurais,2.8
79307,Sauzé-Vaussais,3.5
79308,Sciecq,2.6
79309,Scillé,1.6
79310,Secondigné-sur-Belle,2.7
79311,Secondigny,1.9
79312,Séligné,2.3
79313,Sepvret,3.3
79316,Soudan,2.1
79319,Souvigné,2.7
79320,Surin,2.1
79322,Le Tallud,2.1
79326,Thénezay,2.8
79329,Thouars,3.3
79331,Tourtenay,1.9
79332,Trayes,2.2
79334,Val-du-Mignon,2.4
79335,Vallans,2.5
79336,Vançais,3.4
79337,Le Vanneau-Irleau,3.2
79338,Vanzay,3.5
79339,Vasles,3.7
79340,Vausseroux,2.1
79341,Vautebis,2.2
79342,Vernoux-en-Gâtine,1.7
79343,Vernoux-sur-Boutonne,2.4
79345,Verruyes,1.3
79346,Le Vert,1.4
79347,Viennay,2.9
79348,Villefollet,2.6
79349,Villemain,2.2
79350,Villiers-en-Bois,1.5
79351,Villiers-en-Plaine,1.8
79352,Villiers-sur-Chizé,2.2
79354,Vouhé,1.3
79355,Vouillé,3.9
79357,Xaintray,1.9
80001,Abbeville,4.5
80002,Ablaincourt-Pressoir,4.1
80003,Acheux-en-Amiénois,3.7
80004,Acheux-en-Vimeu,2.7
80005,Agenville,1.6
80006,Agenvillers,4.1
80008,Aigneville,2.9
80009,Ailly-le-Haut-Clocher,2.9
80010,Ailly-sur-Noye,3.2
80011,Ailly-sur-Somme,3.6
80013,Airaines,4.3
80014,Aizecourt-le-Bas,2.8
80015,Aizecourt-le-Haut,3.1
80016,Albert,4.1
80017,Allaines,2.6
80018,Allenay,4.0
80019,Allery,3.2
80020,Allonville,3.7
80021,Amiens,6.1
80022,Andainville,3.6
80023,Andechy,4.4
80024,Argœuves,4.4
80025,Argoules,3.4
80026,Arguel,3.8
80027,Armancourt,2.6
80028,Arquèves,3.7
80029,Arrest,3.7
80030,Arry,4.6
80031,Arvillers,3.8
80032,Assainvillers,3.6
80033,Assevillers,3.5
80034,Athies,3.2
80035,Aubercourt,5.6
80036,Aubigny,5.2
80037,Aubvillers,3.3
80038,Auchonvillers,4.1
80039,Ault,4.0
80040,Aumâtre,3.2
80041,Aumont,3.0
80042,Autheux,2.7
80043,Authie,3.2
80044,Authieule,3.7
80045,Authuille,4.0
80046,Avelesges,3.3
80047,Aveluy,4.3
80048,Avesnes-Chaussoy,2.8
80049,Ayencourt,3.5
80050,Bacouel-sur-Selle,3.0
80051,Bailleul,3.7
80052,Baizieux,5.0
80053,Balâtre,2.5
80054,Barleux,2.7
80055,Barly,3.1
80056,Bavelincourt,3.6
80057,Bayencourt,2.9
80058,Bayonvillers,5.0
80059,Bazentin,3.5
80060,Béalcourt,2.8
80061,Beaucamps-le-Jeune,3.1
80062,Beaucamps-le-Vieux,3.7
80063,Beauchamps,4.3
80064,Beaucourt-en-Santerre,4.6
80065,Beaucourt-sur-l'Ancre,4.2
80066,Beaucourt-sur-l'Hallue,3.9
80067,Beaufort-en-Santerre,4.8
80068,Beaumetz,2.0
80069,Beaumont-Hamel,4.0
80070,Beauquesne,5.1
80071,Beauval,4.8
80073,Bécordel-Bécourt,4.3
80074,Becquigny,4.0
80076,Béhen,3.8
80077,Béhencourt,3.0
80078,Bellancourt,4.0
80079,Belleuse,2.4
80080,Belloy-en-Santerre,4.8
80081,Belloy-Saint-Léonard,2.8
80082,Belloy-sur-Somme,4.7
80083,Bergicourt,3.6
80084,Bermesnil,2.9
80085,Bernâtre,1.9
80086,Bernaville,3.2
80087,Bernay-en-Ponthieu,6.4
80088,Bernes,2.4
80089,Berneuil,3.3
80090,Berny-en-Santerre,4.2
80092,Bertangles,4.7
80093,Berteaucourt-les-Dames,4.1
80094,Berteaucourt-lès-Thennes,6.1
80095,Bertrancourt,3.6
80096,Béthencourt-sur-Mer,4.3
80097,Béthencourt-sur-Somme,3.0
80098,Bettembos,3.7
80099,Bettencourt-Rivière,3.1
80100,Bettencourt-Saint-Ouen,4.3
80101,Beuvraignes,2.0
80102,Biaches,3.1
80103,Biarre,3.0
80104,Biencourt,3.7
80105,Billancourt,3.4
80106,Blangy-sous-Poix,3.2
80107,Blangy-Tronville,5.2
80108,Boisbergues,2.4
80109,Le Boisle,2.7
80110,Boismont,4.0
80112,Bonnay,5.3
80113,Bonneville,5.0
80114,Bosquel,5.2
80115,Bouchavesnes-Bergen,3.3
80116,Bouchoir,6.2
80117,Bouchon,4.4
80118,Boufflers,2.2
80119,Bougainville,4.0
80120,Bouillancourt-en-Séry,3.2
80121,Bouillancourt-la-Bataille,3.7
80122,Bouquemaison,3.2
80123,Bourdon,5.2
80124,Bourseville,3.8
80125,Boussicourt,4.1
80126,Bouttencourt,3.4
80127,Bouvaincourt-sur-Bresle,3.3
80128,Bouvincourt-en-Vermandois,2.3
80129,Bouzincourt,3.9
80130,Bovelles,3.1
80131,Boves,5.7
80132,Braches,4.5
80133,Brailly-Cornehotte,2.3
80134,Brassy,3.5
80135,Bray-lès-Mareuil,6.0
80136,Bray-sur-Somme,3.1
80137,Breilly,3.5
80138,Bresle,3.7
80139,Breuil,2.5
80140,Brévillers,2.2
80141,Brie,2.8
80142,Briquemesnil-Floxicourt,4.1
80143,Brocourt,4.5
80144,Brouchy,2.0
80145,Brucamps,2.6
80146,Brutelles,3.7
80147,Buigny-l'Abbé,3.8
80148,Buigny-lès-Gamaches,3.2
80149,Buigny-Saint-Maclou,5.1
80150,Buire-Courcelles,3.2
80151,Buire-sur-l'Ancre,5.2
80152,Bus-la-Mésière,1.9
80153,Bus-lès-Artois,2.2
80154,Bussu,3.0
80155,Bussus-Bussuel,2.8
80156,Bussy-lès-Daours,4.1
80157,Bussy-lès-Poix,3.4
80158,Buverchy,2.1
80159,Cachy,5.8
80160,Cagny,7.5
80161,Cahon,4.9
80162,Caix,4.2
80163,Cambron,5.8
80164,Camon,6.9
80165,Camps-en-Amiénois,3.7
80166,Canaples,6.1
80167,Canchy,4.0
80168,Candas,4.7
80169,Cannessières,3.4
80170,Cantigny,2.9
80171,Caours,4.8
80172,Cappy,3.4
80173,Cardonnette,2.5
80174,Le Cardonnois,3.2
80176,Carrépuis,3.4
80177,Cartigny,2.8
80179,Caulières,4.0
80180,Cavillon,4.3
80181,Cayeux-en-Santerre,3.9
80182,Cayeux-sur-Mer,2.5
80183,Cerisy-Buleux,3.3
80184,Cerisy,3.8
80185,Champien,2.7
80186,Chaulnes,4.4
80187,La Chaussée-Tirancourt,4.4
80188,Chaussoy-Epagny,2.8
80189,La Chavatte,4.3
80190,Chépy,3.8
80191,Chilly,5.0
80192,Chipilly,3.6
80193,Chirmont,3.5
80194,Chuignes,3.3
80195,Chuignolles,3.6
80196,Citerne,2.8
80197,Cizancourt,3.4
80198,Clairy-Saulchoix,3.7
80199,Cléry-sur-Somme,4.0
80200,Cocquerel,4.5
80201,Coigneux,2.7
80202,Coisy,3.4
80203,Colincamps,2.9
80204,Combles,2.0
80205,Condé-Folie,4.2
80206,Contalmaison,4.9
80207,Contay,4.2
80208,Conteville,2.7
80210,Contre,3.0
80211,Conty,3.9
80212,Corbie,4.4
80213,Cottenchy,3.6
80214,Coullemelle,3.2
80215,Coulonvillers,2.5
80216,Courcelette,4.8
80217,Courcelles-au-Bois,2.3
80218,Courcelles-sous-Moyencourt,3.8
80219,Courcelles-sous-Thoix,2.8
80220,Courtemanche,3.9
80221,Cramont,1.8
80222,Crécy-en-Ponthieu,2.7
80223,Crémery,4.4
80224,Cressy-Omencourt,3.5
80225,Creuse,4.2
80226,Croix-Moligneaux,2.9
80227,Croixrault,3.0
80228,Le Crotoy,4.0
80229,Crouy-Saint-Pierre,5.0
80230,Curchy,4.6
80231,Curlu,3.5
80232,Damery,4.6
80233,Dancourt-Popincourt,2.8
80234,Daours,4.9
80235,Dargnies,3.8
80236,Davenescourt,4.0
80237,Démuin,5.6
80238,Dernancourt,4.8
80239,Devise,2.4
80240,Doingt,3.1
80241,Domart-en-Ponthieu,3.2
80242,Domart-sur-la-Luce,6.3
80243,Domesmont,1.6
80244,Dominois,2.1
80245,Domléger-Longvillers,1.7
80246,Dommartin,3.4
80247,Dompierre-Becquincourt,2.2
80248,Dompierre-sur-Authie,2.4
80249,Domqueur,2.0
80250,Domvast,3.5
80251,Doudelainville,3.5
80252,Douilly,1.8
80253,Doullens,4.0
80256,Dreuil-lès-Amiens,5.1
80258,Driencourt,3.1
80259,Dromesnil,2.8
80260,Drucat,4.8
80261,Dury,6.6
80262,Eaucourt-sur-Somme,5.2
80263,L'Échelle-Saint-Aurin,2.6
80264,Éclusier-Vaux,2.7
80265,Embreville,3.5
80266,Englebelmer,3.5
80267,Ennemain,3.0
80268,Épagne-Épagnette,5.1
80269,Épaumesnil,3.6
80270,Épécamps,2.0
80271,Épehy,2.9
80272,Épénancourt,2.6
80273,Éplessier,3.7
80274,Eppeville,2.9
80275,Équancourt,1.8
80276,Équennes-Éramecourt,3.1
80278,Erches,4.9
80279,Ercheu,2.3
80280,Ercourt,3.4
80281,Ergnies,1.5
80282,Érondelle,4.9
80283,Esclainvillers,2.6
80284,Esmery-Hallon,2.7
80285,Essertaux,5.0
80287,Estrébœuf,3.7
80288,Estrées-Deniécourt,5.2
80290,Estrées-lès-Crécy,2.4
80291,Estrées-sur-Noye,2.9
80292,Étalon,4.2
80293,Ételfay,3.4
80294,Éterpigny,2.6
80295,Étinehem-Méricourt,2.4
80296,L'Étoile,4.3
80297,Étréjust,2.1
80298,Étricourt-Manancourt,2.9
80299,La Faloise,3.6
80300,Falvy,2.7
80301,Famechon,4.0
80302,Faverolles,3.9
80303,Favières,4.5
80304,Fay,3.9
80305,Ferrières,2.6
80306,Fescamps,2.9
80307,Feuillères,3.5
80308,Feuquières-en-Vimeu,3.5
80310,Fienvillers,3.6
80311,Fignières,4.2
80312,Fins,2.9
80313,Flaucourt,2.5
80314,Flers,3.0
80315,Flers-sur-Noye,4.2
80316,Flesselles,4.9
80317,Fleury,3.5
80318,Flixecourt,5.3
80319,Fluy,4.0
80320,Folies,6.1
80321,Folleville,3.7
80322,Fonches-Fonchette,5.0
80324,Fontaine-le-Sec,3.2
80325,Fontaine-lès-Cappy,3.1
80326,Fontaine-sous-Montdidier,2.7
80327,Fontaine-sur-Maye,2.4
80328,Fontaine-sur-Somme,4.0
80329,Forceville,3.9
80330,Forceville-en-Vimeu,3.2
80331,Forest-l'Abbaye,5.4
80332,Forest-Montiers,6.2
80333,Fort-Mahon-Plage,3.2
80334,Fossemanant,3.4
80335,Foucaucourt-en-Santerre,3.6
80336,Foucaucourt-Hors-Nesle,3.4
80337,Fouencamps,4.3
80338,Fouilloy,5.8
80339,Fouquescourt,3.8
80340,Fourcigny,3.8
80341,Fourdrinoy,4.0
80342,Framerville-Rainecourt,4.9
80343,Framicourt,4.3
80344,Francières,3.9
80345,Franleu,2.9
80346,Franqueville,1.9
80347,Fransart,4.2
80348,Fransu,2.1
80349,Fransures,4.3
80350,Franvillers,4.8
80351,Fréchencourt,3.1
80352,Frémontiers,4.5
80353,Fresnes-Mazancourt,3.4
80354,Fresnes-Tilloloy,3.4
80355,Fresneville,4.0
80356,Fresnoy-Andainville,3.5
80357,Fresnoy-au-Val,3.5
80358,Fresnoy-en-Chaussée,5.1
80359,Fresnoy-lès-Roye,4.3
80360,Fressenneville,3.9
80361,Frettecuisse,3.0
80362,Frettemeule,2.9
80364,Friaucourt,4.9
80365,Fricamps,3.2
80366,Fricourt,4.6
80367,Frise,3.5
80368,Friville-Escarbotin,4.0
80369,Frohen-sur-Authie,3.5
80371,Froyelles,3.7
80372,Frucourt,3.6
80373,Gamaches,3.5
80374,Gapennes,3.3
80375,Gauville,3.6
80376,Gentelles,6.0
80377,Gézaincourt,4.1
80378,Ginchy,3.2
80379,Glisy,7.3
80380,Gorenflos,2.9
80381,Gorges,2.8
80383,Goyencourt,4.8
80384,Grandcourt,3.7
80385,Grand-Laviers,6.8
80386,Gratibus,4.2
80387,Grattepanche,2.4
80388,Grébault-Mesnil,4.0
80390,Grivesnes,4.1
80391,Grivillers,3.3
80392,Grouches-Luchuel,3.3
80393,Gruny,3.6
80395,Guerbigny,4.5
80396,Gueschart,2.1
80397,Gueudecourt,2.7
80399,Guignemicourt,2.5
80400,Guillaucourt,5.1
80401,Guillemont,2.9
80402,Guizancourt,2.9
80403,Guyencourt-sur-Noye,2.3
80404,Guyencourt-Saulcourt,2.4
80405,Hailles,4.1
80406,Hallencourt,2.7
80407,Hallivillers,2.7
80408,Halloy-lès-Pernois,4.3
80409,Hallu,5.2
80410,Ham,2.7
80411,Le Hamel,4.2
80412,Hamelet,5.2
80413,Hancourt,2.7
80414,Hangard,4.9
80415,Hangest-en-Santerre,4.7
80416,Hangest-sur-Somme,5.9
80417,Harbonnières,5.1
80418,Hardecourt-aux-Bois,3.2
80420,Harponville,3.7
80421,Hattencourt,5.1
80422,Hautvillers-Ouville,4.4
80423,Havernas,5.3
80424,Hébécourt,3.2
80425,Hédauville,3.9
80426,Heilly,5.3
80427,Hem-Hardinval,3.6
80428,Hem-Monacu,2.7
80429,Hénencourt,4.6
80430,Herbécourt,3.5
80431,Hérissart,3.8
80432,Herleville,3.6
80433,Herly,3.3
80434,Hervilly,2.5
80435,Hesbécourt,2.0
80436,Hescamps,3.2
80437,Heucourt-Croquoison,2.5
80438,Heudicourt,2.7
80439,Heuzecourt,1.5
80440,Hiermont,2.5
80442,Hombleux,2.6
80443,Hornoy-le-Bourg,4.8
80444,Huchenneville,4.8
80445,Humbercourt,2.2
80446,Huppy,4.8
80449,Ignaucourt,3.7
80450,Inval-Boiron,4.0
80451,Irles,3.5
80452,Jumel,3.5
80453,Laboissière-en-Santerre,3.4
80455,Lachapelle,3.0
80456,Lafresguimont-Saint-Martin,4.4
80458,Lahoussoye,4.5
80459,Laleu,3.5
80460,Lamaronde,4.0
80461,Lamotte-Brebière,5.9
80462,Lamotte-Buleux,5.4
80463,Lamotte-Warfusée,5.1
80464,Lanchères,3.3
80465,Languevoisin-Quiquery,3.4
80466,Lanches-Saint-Hilaire,1.1
80467,Laucourt,3.3
80468,Laviéville,4.0
80469,Lawarde-Mauger-l'Hortoy,2.6
80470,Léalvillers,3.4
80472,Lesbœufs,2.0
80473,Liancourt-Fosse,4.3
80474,Licourt,2.6
80475,Liéramont,2.3
80476,Liercourt,5.4
80477,Ligescourt,2.1
80478,Lignières,3.9
80479,Lignières-Châtelain,3.1
80480,Lignières-en-Vimeu,3.0
80481,Lihons,5.2
80482,Limeux,4.9
80484,Liomer,4.5
80485,Ô-de-Selle,3.4
80486,Long,4.7
80487,Longavesnes,3.1
80488,Longpré-les-Corps-Saints,3.6
80489,Longueau,8.0
80490,Longueval,3.3
80491,Longuevillette,2.9
80493,Louvencourt,3.2
80494,Louvrechy,3.6
80495,Lucheux,3.0
80496,Machiel,3.3
80497,Machy,3.9
80498,Mailly-Maillet,3.4
80499,Mailly-Raineval,2.8
80500,Maisnières,3.0
80501,Maison-Ponthieu,1.8
80502,Maison-Roland,1.4
80503,Maizicourt,1.8
80504,Malpart,3.5
80505,Carnoy-Mametz,4.3
80507,Marcelcave,5.1
80508,Marché-Allouarde,3.5
80509,Marchélepot-Misery,3.9
80511,Marestmontiers,4.0
80512,Mareuil-Caubert,5.9
80513,Maricourt,4.2
80514,Marieux,4.5
80515,Marlers,3.9
80516,Marquaix,3.1
80517,Marquivillers,3.5
80518,Martainneville,4.1
80519,Matigny,2.2
80520,Maucourt,5.0
80521,Maurepas,2.5
80522,Le Mazis,3.5
80523,Méaulte,4.3
80524,Méharicourt,5.0
80525,Meigneux,3.1
80526,Le Meillard,2.2
80527,Méneslies,4.0
80528,Méréaucourt,1.7
80529,Mérélessart,2.3
80530,Méricourt-l'Abbé,4.9
80531,Méricourt-en-Vimeu,3.2
80533,Mers-les-Bains,3.7
80535,Le Mesge,4.6
80536,Mesnil-Bruntel,2.7
80537,Mesnil-Domqueur,1.2
80538,Mesnil-en-Arrouaise,3.0
80540,Mesnil-Martinsart,3.2
80541,Mesnil-Saint-Georges,2.7
80542,Mesnil-Saint-Nicaise,2.9
80543,Métigny,3.2
80544,Mézerolles,3.2
80545,Mézières-en-Santerre,5.4
80546,Miannay,4.3
80547,Millencourt,4.6
80548,Millencourt-en-Ponthieu,4.1
80549,Miraumont,4.2
80550,Mirvaux,3.4
80552,Moislains,2.7
80553,Molliens-au-Bois,3.3
80554,Molliens-Dreuil,4.2
80555,Monchy-Lagache,2.5
80556,Mons-Boubert,2.5
80557,Estrées-Mons,2.1
80558,Monsures,4.0
80559,Montagne-Fayel,3.0
80560,Montauban-de-Picardie,4.4
80561,Montdidier,4.0
80562,Montigny-sur-l'Hallue,3.4
80563,Montigny-les-Jongleurs,1.3
80565,Montonvillers,4.5
80566,Fieffes-Montrelet,4.5
80568,Morchain,3.3
80569,Morcourt,2.5
80570,Moreuil,4.1
80571,Morisel,4.0
80572,Morlancourt,4.9
80573,Morvillers-Saint-Saturnin,3.8
80574,Mouflers,3.9
80575,Mouflières,3.1
80576,Moyencourt,2.7
80577,Moyencourt-lès-Poix,3.3
80578,Moyenneville,3.8
80579,Muille-Villette,2.6
80580,Nampont,4.6
80582,Namps-Maisnil,3.5
80583,Nampty,3.7
80584,Naours,4.9
80585,Nesle,3.4
80586,Nesle-l'Hôpital,3.8
80587,Neslette,3.1
80588,Neufmoulin,3.1
80589,Neuilly-le-Dien,2.8
80590,Neuilly-l'Hôpital,4.3
80591,Neuville-au-Bois,3.0
80592,Neuville-Coppegueule,3.8
80593,La Neuville-lès-Bray,3.4
80595,La Neuville-Sire-Bernard,4.7
80596,Neuvillette,2.5
80597,Nibas,3.4
80598,Nouvion,5.3
80599,Noyelles-en-Chaussée,1.9
80600,Noyelles-sur-Mer,7.6
80601,Nurlu,2.6
80602,Occoches,3.8
80603,Ochancourt,3.6
80604,Offignies,3.9
80605,Offoy,2.7
80606,Oisemont,3.6
80607,Oissy,3.4
80609,Oneux,3.0
80611,Oresmaux,3.0
80613,Oust-Marest,4.0
80614,Outrebois,2.9
80615,Ovillers-la-Boisselle,4.7
80616,Pargny,3.1
80617,Parvillers-le-Quesnoy,4.5
80618,Pendé,3.8
80619,Pernois,4.9
80620,Péronne,2.9
80621,Hypercourt,3.6
80622,Picquigny,4.8
80623,Piennes-Onvillers,3.7
80624,Pierregot,3.7
80625,Trois-Rivières,4.7
80626,Pissy,3.7
80627,Plachy-Buyon,3.9
80628,Le Plessier-Rozainvillers,5.0
80629,Pœuilly,1.9
80630,Poix-de-Picardie,3.8
80631,Ponches-Estruval,2.4
80632,Pont-de-Metz,4.4
80633,Ponthoile,4.9
80634,Pont-Noyelles,4.3
80635,Pont-Remy,4.6
80637,Port-le-Grand,5.5
80638,Potte,2.8
80639,Poulainville,7.1
80640,Pozières,5.2
80642,Prouville,1.8
80643,Prouzel,3.2
80644,Proyart,4.3
80645,Puchevillers,4.8
80646,Punchy,4.8
80647,Puzeaux,3.6
80648,Pys,3.4
80649,Quend,4.5
80650,Querrieu,4.5
80651,Le Quesne,3.5
80652,Le Quesnel,5.9
80654,Quesnoy-le-Montant,3.5
80655,Quesnoy-sur-Airaines,3.3
80656,Quevauvillers,4.2
80657,Quiry-le-Sec,3.6
80658,Quivières,1.6
80659,Raincheval,3.9
80661,Rainneville,3.1
80662,Ramburelles,3.1
80663,Rambures,3.4
80664,Rancourt,2.8
80665,Regnière-Écluse,4.3
80666,Remaisnil,3.6
80667,Remaugies,3.6
80668,Remiencourt,2.3
80669,Rethonvillers,3.0
80670,Revelles,4.2
80671,Ribeaucourt,1.4
80672,Ribemont-sur-Ancre,4.4
80673,Riencourt,3.8
80674,Rivery,7.1
80675,Rogy,3.6
80676,Roiglise,2.3
80677,Roisel,2.6
80678,Rollot,3.5
80679,Ronssoy,2.8
80680,Rosières-en-Santerre,3.9
80681,Rouvrel,3.7
80682,Rouvroy-en-Santerre,4.6
80683,Rouy-le-Grand,2.5
80684,Rouy-le-Petit,2.9
80685,Roye,3.0
80686,Rubempré,4.3
80687,Rubescourt,3.7
80688,Rue,4.8
80690,Rumigny,3.4
80691,Saigneville,4.2
80692,Sailly-Flibeaucourt,5.0
80693,Sailly-Laurette,5.5
80694,Sailly-le-Sec,4.1
80695,Sailly-Saillisel,2.8
80696,Sains-en-Amiénois,3.6
80697,Saint-Acheul,2.6
80698,Saint-Aubin-Montenoy,3.2
80699,Saint-Aubin-Rivière,3.5
80700,Saint-Blimont,3.7
80701,Saint-Christ-Briost,3.0
80702,Saint-Fuscien,4.3
80703,Saint-Germain-sur-Bresle,4.3
80704,Saint-Gratien,3.7
80705,Saint-Léger-lès-Authie,3.1
80706,Saint-Léger-lès-Domart,3.6
80707,Saint-Léger-sur-Bresle,4.2
80708,Saint-Mard,3.4
80709,Saint-Maulvis,3.5
80710,Saint-Maxent,4.1
80711,Saint-Ouen,4.0
80713,Saint-Quentin-en-Tourmont,2.9
80714,Saint-Quentin-la-Motte-Croix-au-Bailly,4.3
80716,Saint-Riquier,4.3
80717,Saint-Sauflieu,4.1
80718,Saint-Sauveur,4.6
80719,Sainte-Segrée,3.8
80721,Saint-Valery-sur-Somme,3.2
80722,Saint-Vaast-en-Chaussée,3.9
80723,Saisseval,3.0
80724,Saleux,5.5
80725,Salouël,4.7
80726,Sancourt,2.5
80728,Saulchoy-sous-Poix,2.6
80729,Sauvillers-Mongival,3.8
80730,Saveuse,4.7
80732,Senarpont,3.9
80733,Senlis-le-Sec,3.2
80734,Sentelie,3.0
80735,Seux,3.2
80736,Sorel-en-Vimeu,4.0
80737,Sorel,2.3
80738,Soues,4.8
80740,Sourdon,3.1
80741,Soyécourt,4.1
80742,Surcamps,2.4
80743,Suzanne,3.0
80744,Tailly,3.3
80746,Talmas,5.5
80747,Templeux-la-Fosse,3.1
80748,Templeux-le-Guérard,2.7
80749,Terramesnil,4.2
80750,Tertry,1.6
80751,Thennes,5.9
80752,Thézy-Glimont,3.8
80753,Thiepval,4.2
80754,Thieulloy-l'Abbaye,4.3
80755,Thieulloy-la-Ville,3.2
80756,Thièvres,3.5
80757,Thoix,2.2
80758,Thory,2.3
80759,Tilloloy,2.7
80760,Tilloy-Floriville,3.0
80762,Tincourt-Boucly,2.7
80763,Le Titre,5.8
80764,Tœufles,3.0
80765,Tours-en-Vimeu,4.7
80766,Toutencourt,3.6
80767,Le Translay,3.7
80769,Treux,4.1
80770,Tully,3.7
80771,Ugny-l'Équipée,2.0
80773,Vadencourt,4.4
80774,Vaire-sous-Corbie,4.6
80775,Valines,2.8
80776,Varennes,3.9
80777,Vauchelles-lès-Authie,3.1
80778,Vauchelles-lès-Domart,3.8
80779,Vauchelles-les-Quesnoy,4.7
80780,Vaudricourt,3.8
80781,Vauvillers,4.4
80782,Vaux-en-Amiénois,5.0
80783,Vaux-Marquenneville,2.4
80784,Vaux-sur-Somme,4.3
80785,Vecquemont,4.9
80786,Velennes,3.3
80787,Vercourt,3.4
80788,Vergies,2.7
80789,Vermandovillers,3.9
80790,Verpillières,2.4
80791,Vers-sur-Selle,3.2
80792,La Vicogne,5.2
80793,Vignacourt,5.1
80794,Villecourt,2.5
80795,Ville-le-Marclet,4.4
80796,Villeroy,3.1
80797,Villers-aux-Érables,4.9
80798,Villers-Bocage,4.6
80799,Villers-Bretonneux,5.2
80800,Villers-Campsart,4.3
80801,Villers-Carbonnel,3.0
80802,Villers-Faucon,2.8
80803,Villers-lès-Roye,4.0
80804,Villers-sous-Ailly,2.6
80805,Villers-Tournelle,3.2
80806,Villers-sur-Authie,4.5
80807,Ville-sur-Ancre,4.1
80808,Vironchaux,2.2
80809,Vismes,2.4
80810,Vitz-sur-Authie,2.3
80811,Voyennes,2.6
80812,Vraignes-en-Vermandois,1.9
80813,Vraignes-lès-Hornoy,4.0
80814,Vrély,3.9
80815,Vron,3.8
80819,Wargnies,4.0
80820,Warloy-Baillon,4.9
80821,Warlus,3.1
80822,Warsy,4.1
80823,Warvillers,4.2
80824,Wiencourt-l'Équipée,4.7
80825,Wiry-au-Mont,2.7
80826,Woignarue,3.8
80827,Woincourt,4.6
80828,Woirel,3.5
80829,Y,2.8
80830,Yaucourt-Bussus,3.8
80832,Yvrench,2.8
80833,Yvrencheux,2.6
80834,Yzengremer,4.6
80835,Yzeux,5.3
80836,Yonval,4.7
81001,Aguts,3.0
81002,Aiguefonde,2.1
81003,Alban,3.3
81004,Albi,4.7
81005,Albine,2.7
81006,Algans,1.7
81007,Alos,2.9
81008,Almayrac,3.1
81009,Amarens,2.3
81010,Ambialet,3.2
81011,Ambres,2.7
81012,Andillac,2.9
81013,Andouque,2.5
81014,Anglès,2.6
81015,Appelle,1.6
81016,Arfons,1.0
81017,Arifat,4.8
81018,Arthès,3.7
81019,Assac,1.9
81020,Aussac,3.3
81021,Aussillon,2.7
81022,Bannières,2.7
81023,Barre,0.0
81024,Beauvais-sur-Tescou,2.6
81025,Belcastel,2.6
81026,Bellegarde-Marsal,3.5
81027,Belleserre,3.4
81028,Berlats,2.5
81029,Bernac,3.4
81030,Bertre,2.3
81031,Le Bez,4.0
81032,Blan,3.4
81033,Blaye-les-Mines,2.6
81034,Boissezon,0.3
81035,Bournazel,2.3
81036,Bout-du-Pont-de-Larn,2.6
81037,Brassac,3.5
81038,Brens,4.0
81039,Briatexte,3.0
81040,Brousse,2.1
81041,Broze,3.1
81042,Burlats,2.0
81043,Busque,2.2
81044,Cabanès,2.9
81045,Les Cabannes,2.3
81046,Cadalen,3.2
81047,Cadix,2.1
81048,Cagnac-les-Mines,4.2
81049,Cahuzac,3.5
81050,Cambon-lès-Lavaur,1.9
81051,Cahuzac-sur-Vère,2.9
81052,Cambon,4.3
81053,Cambounès,2.4
81054,Cambounet-sur-le-Sor,3.6
81055,Les Cammazes,2.1
81056,Campagnac,2.0
81058,Carbes,3.6
81059,Carlus,3.6
81060,Carmaux,2.7
81061,Castanet,3.2
81062,Fontrieu,2.3
81063,Castelnau-de-Lévis,2.6
81064,Castelnau-de-Montmiral,3.0
81065,Castres,3.4
81066,Caucalières,3.1
81067,Cestayrols,3.6
81068,Combefa,2.1
81069,Cordes-sur-Ciel,2.3
81070,Coufouleux,3.3
81071,Courris,1.0
81072,Crespin,1.5
81073,Crespinet,1.1
81074,Cunac,4.3
81075,Cuq,3.8
81076,Cuq-Toulza,1.7
81077,Curvalle,1.9
81078,Damiatte,3.2
81079,Dénat,3.4
81080,Donnazac,2.5
81081,Dourgne,3.2
81082,Le Dourn,3.4
81083,Durfort,3.7
81084,Escoussens,1.7
81085,Lacapelle-Escroux,1.6
81086,Espérausses,2.6
81087,Fayssac,3.7
81088,Fauch,2.2
81089,Faussergues,3.4
81090,Fénols,2.3
81092,Fiac,3.7
81093,Florentin,3.2
81094,Fraissines,2.1
81095,Frausseilles,2.5
81096,Le Fraysse,2.2
81097,Fréjairolles,3.8
81098,Fréjeville,4.1
81099,Gaillac,4.2
81100,Garrevaques,3.8
81101,Le Garric,4.2
81102,Garrigues,3.4
81103,Gijounet,2.9
81104,Giroussens,4.1
81105,Graulhet,2.2
81106,Grazac,2.2
81108,Itzac,2.5
81109,Jonquières,4.2
81110,Jouqueviel,1.9
81111,Labarthe-Bleys,2.9
81112,Labastide-de-Lévis,1.7
81114,Labastide-Gabausse,2.8
81115,Labastide-Rouairoux,4.3
81116,Labastide-Saint-Georges,2.6
81117,Labessière-Candeil,2.1
81118,Laboulbène,4.0
81119,Laboutarie,3.8
81120,Labruguière,3.0
81121,Lacabarède,3.9
81122,Lacapelle-Pinet,2.4
81123,Lacapelle-Ségalar,2.2
81124,Lacaune,2.5
81125,Lacaze,2.9
81126,Lacougotte-Cadoul,2.7
81127,Lacroisille,1.0
81128,Lacrouzette,0.3
81129,Lagardiolle,3.9
81130,Lagarrigue,3.1
81131,Lagrave,3.9
81132,Guitalens-L'Albarède,3.3
81133,Lamillarié,3.1
81134,Lamontélarié,2.2
81135,Laparrouquial,1.2
81136,Larroque,3.0
81137,Lasfaillades,2.5
81138,Lasgraisses,2.7
81139,Lautrec,4.1
81140,Lavaur,2.2
81141,Lédas-et-Penthiès,3.5
81142,Lempaut,4.2
81143,Lescout,3.9
81144,Lescure-d'Albigeois,4.2
81145,Lisle-sur-Tarn,3.5
81146,Livers-Cazelles,2.3
81147,Lombers,3.3
81148,Loubers,3.0
81149,Loupiac,2.3
81150,Lugan,3.3
81151,Magrin,1.9
81152,Mailhoc,2.6
81154,Marnaves,3.7
81156,Marssac-sur-Tarn,4.7
81157,Marzens,2.7
81158,Le Masnau-Massuguiès,0.0
81159,Massac-Séran,2.4
81160,Massaguel,2.2
81161,Massals,0.4
81162,Maurens-Scopont,2.1
81163,Mazamet,2.7
81164,Mézens,2.4
81165,Milhars,3.4
81166,Milhavet,2.4
81167,Miolles,0.8
81168,Mirandol-Bourgnounac,2.7
81169,Missècle,2.1
81170,Monestiés,3.2
81171,Montans,3.9
81172,Montauriol,3.5
81173,Montcabrier,2.9
81174,Montdragon,3.0
81175,Montdurausse,2.5
81176,Montels,4.1
81177,Montfa,3.3
81178,Montgaillard,2.3
81179,Montgey,3.4
81180,Montirat,2.2
81181,Montpinier,4.0
81182,Montredon-Labessonnié,2.8
81183,Mont-Roc,3.9
81184,Montrosier,2.3
81185,Montvalen,1.7
81186,Moularès,3.2
81187,Moulayrès,2.9
81188,Moulin-Mage,1.3
81189,Mouzens,2.4
81190,Mouzieys-Teulet,3.1
81191,Mouzieys-Panens,2.9
81192,Murat-sur-Vèbre,0.7
81193,Nages,2.0
81195,Navès,4.5
81196,Noailhac,1.4
81197,Noailles,2.6
81198,Orban,1.7
81199,Padiès,3.2
81200,Palleville,4.0
81201,Pampelonne,2.4
81202,Parisot,3.0
81203,Paulinet,1.4
81204,Payrin-Augmontel,2.3
81205,Péchaudier,1.9
81206,Penne,0.8
81207,Peyregoux,3.1
81208,Peyrole,2.3
81209,Pont-de-Larn,2.7
81210,Poudis,3.1
81211,Poulan-Pouzols,2.7
81212,Prades,3.0
81213,Pratviel,3.0
81214,Puéchoursi,2.1
81215,Puybegon,2.2
81216,Puycalvel,2.8
81217,Puycelsi,2.8
81218,Puygouzon,5.3
81219,Puylaurens,3.8
81220,Rabastens,3.1
81221,Rayssac,3.3
81222,Réalmont,3.1
81223,Le Rialet,1.1
81224,Le Riols,3.4
81225,Rivières,4.9
81227,Roquecourbe,1.5
81228,Roquemaure,2.4
81229,Roquevidal,2.1
81230,Rosières,3.4
81231,Rouairoux,3.4
81232,Rouffiac,2.7
81233,Terre-de-Bancalié,2.3
81234,Roussayrolles,1.2
81235,Saint-Affrique-les-Montagnes,2.9
81236,Saint-Agnan,3.1
81237,Saint-Amancet,3.3
81238,Saint-Amans-Soult,2.3
81239,Saint-Amans-Valtoret,2.3
81240,Saint-André,1.6
81242,Saint-Avit,3.1
81243,Saint-Beauzile,2.0
81244,Saint-Benoît-de-Carmaux,2.0
81245,Saint-Christophe,1.3
81246,Sainte-Cécile-du-Cayrou,2.4
81247,Saint-Cirgue,2.2
81248,Saint-Gauzens,3.0
81249,Sainte-Gemme,3.2
81250,Saint-Genest-de-Contest,3.3
81251,Saint-Germain-des-Prés,4.5
81252,Saint-Germier,3.6
81253,Saint-Grégoire,1.5
81254,Saint-Jean-de-Marcel,2.1
81255,Saint-Jean-de-Rives,3.0
81256,Saint-Jean-de-Vals,3.4
81257,Saint-Juéry,3.8
81258,Saint-Julien-du-Puy,3.0
81259,Saint-Julien-Gaulène,2.1
81261,Saint-Lieux-lès-Lavaur,3.9
81262,Saint-Marcel-Campes,2.3
81263,Saint-Martin-Laguépie,4.1
81264,Saint-Michel-Labadié,2.4
81265,Saint-Michel-de-Vax,1.5
81266,Saint-Paul-Cap-de-Joux,2.9
81267,Saint-Pierre-de-Trivisy,4.1
81268,Saint-Salvi-de-Carcavès,1.3
81269,Saint-Salvy-de-la-Balme,1.6
81270,Saint-Sernin-lès-Lavaur,2.3
81271,Saint-Sulpice-la-Pointe,2.9
81272,Saint-Urcisse,2.8
81273,Saïx,4.0
81274,Saliès,3.4
81275,Salles,2.2
81276,Salvagnac,3.0
81277,Saussenac,2.2
81278,Sauveterre,3.9
81279,La Sauzière-Saint-Jean,2.9
81280,Le Ségur,1.8
81281,Sémalens,3.7
81282,Senaux,1.6
81283,Senouillac,2.9
81284,Le Sequestre,4.6
81285,Sérénac,1.6
81286,Serviès,3.0
81287,Sieurac,2.6
81288,Sorèze,4.0
81289,Soual,4.3
81290,Souel,2.5
81291,Taïx,3.1
81292,Tanus,4.2
81293,Tauriac,3.0
81294,Técou,3.0
81295,Teillet,3.4
81297,Terssac,4.0
81298,Teulat,3.9
81299,Teyssode,3.1
81300,Tonnac,2.1
81302,Tréban,4.1
81303,Trébas,2.3
81304,Trévien,1.1
81305,Vabre,4.4
81306,Valderiès,2.9
81307,Valdurenque,3.0
81308,Valence-d'Albigeois,2.9
81309,Vaour,0.4
81310,Veilhes,1.5
81311,Vénès,3.9
81312,Verdalle,2.6
81313,Le Verdier,3.9
81314,Viane,2.3
81315,Vielmur-sur-Agout,3.8
81316,Vieux,3.3
81317,Villefranche-d'Albigeois,4.0
81318,Villeneuve-lès-Lavaur,2.6
81319,Villeneuve-sur-Vère,2.6
81320,Vindrac-Alayrac,2.3
81321,Le Vintrou,1.8
81322,Virac,2.9
81323,Viterbe,2.7
81324,Viviers-lès-Lavaur,2.6
81325,Viviers-lès-Montagnes,3.2
81326,Sainte-Croix,2.2
82001,Albefeuille-Lagarde,2.7
82002,Albias,3.5
82003,Angeville,2.5
82004,Asques,3.6
82005,Aucamville,2.5
82006,Auterive,4.4
82007,Auty,3.5
82008,Auvillar,2.6
82009,Balignac,1.9
82010,Bardigues,2.7
82011,Barry-d'Islemade,2.2
82012,Les Barthes,2.0
82013,Beaumont-de-Lomagne,5.1
82014,Beaupuy,0.9
82015,Belbèze-en-Lomagne,3.4
82016,Belvèze,2.9
82017,Bessens,2.8
82018,Bioule,4.0
82019,Boudou,2.9
82020,Bouillac,2.5
82021,Bouloc-en-Quercy,4.7
82022,Bourg-de-Visa,1.4
82023,Bourret,2.0
82024,Brassac,1.1
82025,Bressols,5.5
82026,Bruniquel,2.2
82027,Campsas,4.7
82028,Canals,4.5
82029,Castanet,2.9
82030,Castelferrus,2.0
82031,Castelmayran,3.0
82032,Castelsagrat,1.8
82033,Castelsarrasin,2.5
82034,Castéra-Bouzet,2.1
82035,Caumont,3.2
82036,Le Causé,1.8
82037,Caussade,3.8
82038,Caylus,4.4
82039,Cayrac,3.8
82040,Cayriech,1.5
82041,Cazals,1.7
82042,Cazes-Mondenard,2.3
82043,Comberouger,4.0
82044,Corbarieu,3.8
82045,Cordes-Tolosannes,2.0
82046,Coutures,3.5
82047,Cumont,4.8
82048,Dieupentale,3.6
82049,Donzac,3.3
82050,Dunes,2.6
82051,Durfort-Lacapelette,2.8
82052,Escatalens,3.3
82053,Escazeaux,4.8
82054,Espalais,2.7
82055,Esparsac,5.7
82056,Espinas,4.3
82057,Fabas,2.8
82058,Fajolles,2.4
82059,Faudoas,3.3
82060,Fauroux,2.2
82061,Féneyrols,2.7
82062,Finhan,2.4
82063,Garganvillar,2.4
82064,Gariès,3.5
82065,Gasques,1.6
82066,Génébrières,1.2
82067,Gensac,3.5
82068,Gimat,5.6
82069,Ginals,4.7
82070,Glatens,4.8
82071,Goas,3.3
82072,Golfech,3.0
82073,Goudourville,2.2
82074,Gramont,3.5
82075,Grisolles,3.3
82076,L'Honor-de-Cos,1.7
82077,Labarthe,1.9
82078,Labastide-de-Penne,2.5
82079,Labastide-Saint-Pierre,4.1
82080,Labastide-du-Temple,1.8
82081,Labourgade,2.4
82082,Lacapelle-Livron,3.5
82083,Lachapelle,3.2
82084,Lacour,1.6
82085,Lacourt-Saint-Pierre,3.8
82086,Lafitte,2.9
82087,Lafrançaise,1.9
82088,Laguépie,3.4
82089,Lamagistère,3.5
82090,Lamothe-Capdeville,3.3
82091,Lamothe-Cumont,6.3
82092,Lapenche,2.5
82093,Larrazet,4.7
82094,Lauzerte,3.3
82095,Lavaurette,3.5
82096,La Ville-Dieu-du-Temple,2.7
82097,Lavit,3.5
82098,Léojac,3.6
82099,Lizac,1.9
82100,Loze,4.6
82101,Malause,2.9
82102,Mansonville,2.8
82103,Marignac,4.1
82104,Marsac,3.0
82105,Mas-Grenier,1.8
82106,Maubec,3.6
82107,Maumusson,4.0
82108,Meauzac,2.4
82109,Merles,2.7
82110,Mirabel,3.0
82111,Miramont-de-Quercy,2.5
82112,Moissac,3.0
82113,Molières,2.0
82114,Monbéqui,2.4
82115,Monclar-de-Quercy,2.6
82116,Montagudet,3.4
82117,Montaigu-de-Quercy,1.8
82118,Montaïn,2.9
82119,Montalzat,3.3
82120,Montastruc,1.0
82121,Montauban,4.4
82122,Montbarla,2.6
82123,Montbartier,4.2
82124,Montbeton,3.4
82125,Montech,2.8
82126,Monteils,2.9
82127,Montesquieu,1.6
82128,Montfermier,2.6
82129,Montgaillard,2.5
82130,Montjoi,1.1
82131,Montpezat-de-Quercy,3.0
82132,Montricoux,2.9
82133,Mouillac,3.4
82134,Nègrepelisse,3.5
82135,Nohic,3.1
82136,Orgueil,2.5
82137,Parisot,3.1
82138,Perville,2.2
82139,Le Pin,3.4
82140,Piquecos,2.0
82141,Pommevic,3.1
82142,Pompignan,3.7
82143,Poupas,3.0
82144,Puycornet,1.7
82145,Puygaillard-de-Quercy,2.2
82146,Puygaillard-de-Lomagne,2.5
82147,Puylagarde,3.9
82148,Puylaroque,3.2
82149,Réalville,3.8
82150,Reyniès,3.6
82151,Roquecor,2.0
82152,Saint-Aignan,2.9
82153,Saint-Amans-du-Pech,1.9
82154,Saint-Amans-de-Pellagal,2.6
82155,Saint-Antonin-Noble-Val,3.0
82156,Saint-Arroumex,3.9
82157,Saint-Beauzeil,1.8
82158,Saint-Cirice,3.0
82159,Saint-Cirq,4.2
82160,Saint-Clair,1.3
82161,Saint-Étienne-de-Tulmont,3.7
82162,Saint-Georges,1.5
82163,Saint-Jean-du-Bouzet,3.7
82164,Sainte-Juliette,4.0
82165,Saint-Loup,3.4
82166,Saint-Michel,2.6
82167,Saint-Nauphary,3.9
82168,Saint-Nazaire-de-Valentane,1.5
82169,Saint-Nicolas-de-la-Grave,3.5
82170,Saint-Paul-d'Espis,2.4
82171,Saint-Porquier,1.7
82172,Saint-Projet,3.5
82173,Saint-Sardos,2.6
82174,Saint-Vincent-d'Autéjac,3.6
82175,Saint-Vincent-Lespinasse,2.1
82176,La Salvetat-Belmontet,1.9
82177,Sauveterre,1.4
82178,Savenès,2.3
82179,Septfonds,4.1
82180,Sérignac,3.6
82181,Sistels,2.8
82182,Touffailles,2.8
82183,Tréjouls,3.2
82184,Vaïssac,2.9
82185,Valeilles,1.4
82186,Valence,2.9
82187,Varen,3.1
82188,Varennes,2.1
82189,Vazerac,1.6
82190,Verdun-sur-Garonne,2.5
82191,Verfeil,4.5
82192,Verlhac-Tescou,2.0
82193,Vigueron,3.1
82194,Villebrumier,3.0
82195,Villemade,2.8
83001,Les Adrets-de-l'Estérel,0.9
83002,Aiguines,0.0
83003,Ampus,2.0
83004,Les Arcs,1.8
83005,Artignosc-sur-Verdon,0.7
83006,Artigues,2.9
83007,Aups,4.8
83008,Bagnols-en-Forêt,2.7
83009,Bandol,5.0
83010,Bargème,3.1
83011,Bargemon,1.1
83012,Barjols,4.8
83013,La Bastide,5.9
83014,Baudinard-sur-Verdon,1.2
83015,Bauduen,0.0
83016,Le Beausset,3.2
83017,Belgentier,2.9
83018,Besse-sur-Issole,2.7
83019,Bormes-les-Mimosas,4.6
83020,Le Bourguet,4.6
83021,Bras,2.4
83022,Brenon,1.6
83023,Brignoles,3.1
83025,Brue-Auriac,2.4
83026,Cabasse,2.3
83027,La Cadière-d'Azur,3.9
83028,Callas,2.4
83029,Callian,4.5
83030,Camps-la-Source,2.9
83031,Le Cannet-des-Maures,2.8
83032,Carcès,2.1
83033,Carnoules,3.0
83034,Carqueiranne,3.7
83035,Le Castellet,3.2
83036,Cavalaire-sur-Mer,3.1
83037,La Celle,3.2
83038,Châteaudouble,0.7
83039,Châteauvert,3.2
83040,Châteauvieux,1.4
83041,Claviers,1.2
83042,Cogolin,4.6
83043,Collobrières,0.3
83044,Comps-sur-Artuby,4.7
83045,Correns,2.7
83046,Cotignac,1.4
83047,La Crau,5.2
83048,La Croix-Valmer,5.2
83049,Cuers,4.6
83050,Draguignan,4.2
83051,Entrecasteaux,3.3
83052,Esparron,2.5
83053,Évenos,2.0
83054,La Farlède,6.3
83055,Fayence,3.8
83056,Figanières,2.8
83057,Flassans-sur-Issole,2.7
83058,Flayosc,5.4
83059,Forcalqueiret,4.3
83060,Fox-Amphoux,2.9
83061,Fréjus,3.9
83062,La Garde,4.1
83063,La Garde-Freinet,1.8
83064,Garéoult,3.6
83065,Gassin,4.4
83066,Ginasservis,3.2
83067,Gonfaron,1.8
83068,Grimaud,6.1
83069,Hyères,4.8
83070,Le Lavandou,4.9
83071,La Londe-les-Maures,3.4
83072,Lorgues,3.8
83073,Le Luc,2.5
83074,La Martre,1.4
83075,Les Mayons,1.6
83076,Mazaugues,1.6
83077,Méounes-lès-Montrieux,3.8
83078,Moissac-Bellevue,3.9
83079,La Môle,2.4
83080,Mons,0.0
83081,Montauroux,3.9
83082,Montferrat,0.5
83083,Montfort-sur-Argens,2.2
83084,Montmeyan,0.9
83085,La Motte,2.7
83086,Le Muy,2.6
83087,Nans-les-Pins,2.8
83088,Néoules,2.7
83089,Ollières,3.4
83090,Ollioules,4.7
83091,Pierrefeu-du-Var,2.1
83092,Pignans,2.8
83093,Plan-d'Aups-Sainte-Baume,2.0
83094,Le Plan-de-la-Tour,2.9
83095,Pontevès,4.9
83096,Pourcieux,4.9
83097,Pourrières,3.3
83098,Le Pradet,3.5
83099,Puget-sur-Argens,4.3
83100,Puget-Ville,3.0
83101,Ramatuelle,3.8
83102,Régusse,2.7
83103,Le Revest-les-Eaux,1.4
83104,Rians,3.5
83105,Riboux,0.2
83106,Rocbaron,3.1
83107,Roquebrune-sur-Argens,2.5
83108,La Roquebrussanne,3.2
83109,La Roque-Esclapon,4.5
83110,Rougiers,2.8
83111,Sainte-Anastasie-sur-Issole,2.8
83112,Saint-Cyr-sur-Mer,2.8
83113,Saint-Julien,2.4
83114,Saint-Martin-de-Pallières,1.6
83115,Sainte-Maxime,4.8
83116,Saint-Maximin-la-Sainte-Baume,3.7
83117,Saint-Paul-en-Forêt,5.1
83118,Saint-Raphaël,3.0
83119,Saint-Tropez,4.0
83120,Saint-Zacharie,2.7
83121,Salernes,4.1
83122,Les Salles-sur-Verdon,0.0
83123,Sanary-sur-Mer,3.1
83124,Seillans,2.6
83125,Seillons-Source-d'Argens,1.6
83126,La Seyne-sur-Mer,4.0
83127,Signes,2.8
83128,Sillans-la-Cascade,3.5
83129,Six-Fours-les-Plages,3.8
83130,Solliès-Pont,4.6
83131,Solliès-Toucas,3.9
83132,Solliès-Ville,2.5
83133,Tanneron,0.3
83134,Taradeau,2.9
83135,Tavernes,4.9
83136,Le Thoronet,3.4
83137,Toulon,4.2
83138,Tourrettes,4.2
83139,Tourtour,4.5
83140,Tourves,2.7
83141,Trans-en-Provence,3.8
83142,Trigance,3.1
83143,Le Val,2.0
83144,La Valette-du-Var,5.0
83145,Varages,2.3
83146,La Verdière,2.0
83147,Vérignon,2.2
83148,Vidauban,3.3
83149,Villecroze,5.5
83150,Vinon-sur-Verdon,4.7
83151,Vins-sur-Caramy,1.3
83152,Rayol-Canadel-sur-Mer,3.8
83153,Saint-Mandrier-sur-Mer,4.2
83154,Saint-Antonin-du-Var,2.7
84001,Althen-des-Paluds,4.3
84002,Ansouis,3.4
84003,Apt,4.2
84004,Aubignan,2.9
84005,Aurel,5.9
84006,Auribeau,2.1
84007,Avignon,4.5
84008,Le Barroux,2.8
84009,La Bastide-des-Jourdans,1.8
84010,La Bastidonne,3.0
84011,Le Beaucet,1.4
84012,Beaumes-de-Venise,2.7
84013,Beaumettes,3.2
84014,Beaumont-de-Pertuis,1.7
84015,Beaumont-du-Ventoux,2.3
84016,Bédarrides,3.0
84017,Bédoin,2.4
84018,Blauvac,1.1
84019,Bollène,2.7
84020,Bonnieux,2.4
84021,Brantes,2.2
84022,Buisson,4.4
84023,Buoux,2.1
84024,Cabrières-d'Aigues,2.9
84025,Cabrières-d'Avignon,2.7
84026,Cadenet,4.2
84027,Caderousse,2.7
84028,Cairanne,3.2
84029,Camaret-sur-Aigues,3.1
84030,Caromb,3.1
84031,Carpentras,2.8
84032,Caseneuve,2.1
84033,Castellet-en-Luberon,1.5
84034,Caumont-sur-Durance,5.7
84035,Cavaillon,3.7
84036,Châteauneuf-de-Gadagne,2.6
84037,Châteauneuf-du-Pape,2.3
84038,Cheval-Blanc,3.1
84039,Courthézon,4.3
84040,Crestet,3.4
84041,Crillon-le-Brave,2.9
84042,Cucuron,2.9
84043,Entraigues-sur-la-Sorgue,4.0
84044,Entrechaux,4.9
84045,Faucon,5.8
84046,Flassan,1.8
84047,Gargas,4.9
84048,Gignac,1.1
84049,Gigondas,3.1
84050,Gordes,2.6
84051,Goult,3.5
84052,Grambois,2.7
84053,Grillon,2.9
84054,L'Isle-sur-la-Sorgue,3.8
84055,Jonquerettes,3.2
84056,Jonquières,3.1
84057,Joucas,3.5
84058,Lacoste,2.9
84059,Lafare,1.2
84060,Lagarde-d'Apt,1.3
84061,Lagarde-Paréol,2.7
84062,Lagnes,3.4
84063,Lamotte-du-Rhône,3.1
84064,Lapalud,3.1
84065,Lauris,3.1
84066,Lioux,2.3
84067,Loriol-du-Comtat,3.0
84068,Lourmarin,3.2
84069,Malaucène,3.9
84070,Malemort-du-Comtat,3.0
84071,Maubec,3.3
84072,Mazan,3.6
84073,Ménerbes,2.1
84074,Mérindol,2.9
84075,Méthamis,1.3
84076,Mirabeau,3.0
84077,Modène,3.9
84078,Mondragon,2.3
84079,Monieux,2.0
84080,Monteux,3.4
84081,Morières-lès-Avignon,4.0
84082,Mormoiron,2.6
84083,Mornas,2.0
84084,La Motte-d'Aigues,2.4
84085,Murs,1.0
84086,Oppède,2.0
84087,Orange,2.9
84088,Pernes-les-Fontaines,2.6
84089,Pertuis,4.6
84090,Peypin-d'Aigues,1.5
84091,Piolenc,3.6
84092,Le Pontet,5.1
84093,Puget,2.9
84094,Puyméras,6.2
84095,Puyvert,3.0
84096,Rasteau,4.3
84097,Richerenches,3.2
84098,Roaix,4.6
84099,Robion,3.7
84100,La Roque-Alric,1.5
84101,La Roque-sur-Pernes,1.7
84102,Roussillon,4.4
84103,Rustrel,2.5
84104,Sablet,4.2
84105,Saignon,3.3
84106,Sainte-Cécile-les-Vignes,3.9
84107,Saint-Christol,2.3
84108,Saint-Didier,2.5
84109,Saint-Hippolyte-le-Graveyron,2.9
84110,Saint-Léger-du-Ventoux,1.2
84111,Saint-Marcellin-lès-Vaison,4.9
84112,Saint-Martin-de-Castillon,1.5
84113,Saint-Martin-de-la-Brasque,2.5
84114,Saint-Pantaléon,2.6
84115,Saint-Pierre-de-Vassols,3.3
84116,Saint-Romain-en-Viennois,5.6
84117,Saint-Roman-de-Malegarde,3.3
84118,Saint-Saturnin-lès-Apt,3.4
84119,Saint-Saturnin-lès-Avignon,3.2
84120,Saint-Trinit,3.8
84121,Sannes,3.5
84122,Sarrians,3.3
84123,Sault,3.4
84124,Saumane-de-Vaucluse,2.1
84125,Savoillan,3.3
84126,Séguret,3.6
84127,Sérignan-du-Comtat,2.9
84128,Sivergues,0.9
84129,Sorgues,4.2
84130,Suzette,1.3
84131,Taillades,3.5
84132,Le Thor,3.3
84133,La Tour-d'Aigues,3.8
84134,Travaillan,3.5
84135,Uchaux,2.9
84136,Vacqueyras,3.4
84137,Vaison-la-Romaine,5.3
84138,Valréas,3.1
84139,Fontaine-de-Vaucluse,2.0
84140,Vaugines,3.2
84141,Vedène,4.4
84142,Velleron,4.0
84143,Venasque,2.2
84144,Viens,0.6
84145,Villars,3.2
84146,Villedieu,4.8
84147,Villelaure,3.4
84148,Villes-sur-Auzon,1.7
84149,Violès,2.8
84150,Visan,2.8
84151,Vitrolles-en-Lubéron,1.4
85001,L'Aiguillon-la-Presqu'île,2.2
85002,L'Aiguillon-sur-Vie,3.1
85003,Aizenay,2.5
85004,Angles,3.5
85005,Antigny,1.6
85006,Apremont,1.3
85008,Aubigny-Les Clouzeaux,2.3
85009,Auchay-sur-Vendée,2.2
85010,Avrillé,3.4
85011,Barbâtre,3.5
85012,La Barre-de-Monts,2.8
85013,Bazoges-en-Paillers,2.5
85014,Bazoges-en-Pareds,1.6
85015,Beaufou,2.8
85016,Beaulieu-sous-la-Roche,1.9
85017,Beaurepaire,2.8
85018,Beauvoir-sur-Mer,3.1
85019,Bellevigny,3.0
85020,Benet,2.8
85021,La Bernardière,4.8
85022,Le Bernard,3.3
85023,Bessay,3.4
85024,Bois-de-Céné,3.3
85025,La Boissière-de-Montaigu,3.6
85026,La Boissière-des-Landes,1.2
85028,Bouillé-Courdault,2.7
85029,Bouin,2.3
85031,Le Boupère,2.3
85033,Bourneau,2.5
85034,Bournezeau,2.5
85035,Bretignolles-sur-Mer,2.5
85036,La Bretonnière-la-Claye,2.8
85038,Les Brouzils,3.5
85039,La Bruffière,3.5
85040,La Caillère-Saint-Hilaire,2.1
85042,Chaillé-les-Marais,2.8
85045,La Chaize-Giraud,2.9
85046,La Chaize-le-Vicomte,3.2
85047,Challans,3.3
85049,Champagné-les-Marais,3.1
85050,Le Champ-Saint-Père,2.6
85051,Chantonnay,1.9
85054,La Chapelle-Hermier,2.1
85055,La Chapelle-Palluau,2.5
85056,La Chapelle-Thémer,1.7
85058,Chasnais,3.1
85059,La Châtaigneraie,1.5
85061,Château-Guibert,1.7
85062,Châteauneuf,3.1
85064,Chauché,2.7
85065,Chavagnes-en-Paillers,2.8
85066,Chavagnes-les-Redoux,2.1
85067,Cheffois,1.7
85070,Coëx,2.4
85071,Commequiers,2.3
85072,La Copechagnière,2.6
85073,Corpe,3.6
85074,La Couture,2.8
85076,Cugand,4.1
85077,Curzon,2.8
85078,Damvix,2.8
85080,Doix lès Fontaines,2.2
85081,Dompierre-sur-Yon,3.2
85082,Les Epesses,2.8
85083,L'Épine,2.9
85084,Essarts-en-Bocage,2.8
85086,Falleron,2.4
85087,Faymoreau,1.1
85088,Le Fenouiller,4.0
85089,La Ferrière,3.6
85090,Sèvremont,2.4
85092,Fontenay-le-Comte,2.9
85093,Fougeré,3.4
85094,Foussais-Payré,2.3
85095,Froidfond,2.9
85096,La Garnache,3.2
85097,La Gaubretière,3.1
85098,La Genétouze,3.2
85099,Le Girouard,1.2
85100,Givrand,2.9
85101,Le Givre,2.3
85102,Grand'Landes,2.3
85103,Grosbreuil,2.5
85104,Grues,3.0
85105,Le Gué-de-Velluire,2.4
85106,La Guérinière,3.2
85108,L'Herbergement,3.3
85109,Les Herbiers,3.2
85110,L'Hermenault,2.6
85111,L'Île-d'Elle,2.0
85112,L'Île-d'Olonne,3.8
85113,L'Île-d'Yeu,3.5
85114,Jard-sur-Mer,2.3
85115,La Jaudonnière,2.0
85116,La Jonchère,2.4
85117,Lairoux,2.6
85118,Landeronde,2.7
85119,Les Landes-Genusson,2.3
85120,Landevieille,2.5
85121,Le Langon,2.2
85123,Liez,2.5
85125,Loge-Fougereuse,2.1
85126,Longèves,3.1
85127,Longeville-sur-Mer,3.9
85128,Luçon,3.4
85129,Les Lucs-sur-Boulogne,2.8
85130,Maché,1.7
85131,Les Magnils-Reigniers,3.2
85132,Maillé,2.5
85133,Maillezais,3.0
85134,Mallièvre,1.8
85135,Mareuil-sur-Lay-Dissais,3.0
85136,Marillet,1.4
85137,Marsais-Sainte-Radégonde,2.8
85138,Martinet,1.7
85139,Le Mazeau,2.7
85140,La Meilleraie-Tillay,1.7
85141,Menomblet,2.2
85142,La Merlatière,2.3
85143,Mervent,2.4
85144,Mesnard-la-Barotière,2.4
85145,Monsireigne,1.7
85146,Montaigu-Vendée,3.7
85147,Montournais,1.7
85148,Montreuil,1.9
85149,Moreilles,3.5
85151,Mortagne-sur-Sèvre,3.1
85152,Les Achards,2.7
85153,Mouchamps,2.3
85154,Mouilleron-Saint-Germain,2.4
85155,Mouilleron-le-Captif,3.7
85156,Moutiers-les-Mauxfaits,2.8
85157,Moutiers-sur-le-Lay,3.5
85158,Mouzeuil-Saint-Martin,3.0
85159,Nalliers,3.5
85160,Nesmy,2.4
85161,Nieul-le-Dolent,1.7
85162,Rives-d'Autise,2.4
85163,Noirmoutier-en-l'Île,3.1
85164,Notre-Dame-de-Monts,2.1
85165,Oie,3.2
85167,L'Orbrie,2.6
85169,Palluau,2.7
85171,Péault,2.4
85172,Le Perrier,4.2
85174,Petosse,2.7
85175,Les Pineaux,1.7
85176,Pissotte,2.9
85177,Les Velluire-sur-Vendée,2.0
85178,Le Poiré-sur-Vie,2.4
85179,Poiroux,2.4
85181,Pouillé,2.6
85182,Pouzauges,2.0
85184,Puy-de-Serre,1.6
85185,Puyravault,2.6
85186,La Rabatelière,2.3
85187,Réaumur,1.9
85188,La Réorthe,2.4
85189,Notre-Dame-de-Riez,3.5
85190,Rocheservière,2.9
85191,La Roche-sur-Yon,3.8
85192,Rochetrejoux,2.2
85193,Rosnay,1.8
85194,Les Sables-d'Olonne,4.0
85196,Saint-André-Goule-d'Oie,2.0
85197,Montréverd,2.2
85198,Saint-Aubin-des-Ormeaux,1.4
85199,Saint-Aubin-la-Plaine,3.7
85200,Saint-Avaugourd-des-Landes,2.2
85201,Saint-Benoist-sur-Mer,3.6
85202,Sainte-Cécile,2.4
85204,Saint-Christophe-du-Ligneron,2.7
85205,Saint-Cyr-des-Gâts,2.7
85206,Saint-Cyr-en-Talmondais,2.2
85207,Saint-Denis-du-Payré,2.2
85208,Saint-Denis-la-Chevasse,1.9
85209,Saint-Étienne-de-Brillouet,2.8
85210,Saint-Étienne-du-Bois,2.7
85211,Sainte-Flaive-des-Loups,2.8
85212,Sainte-Florence,2.9
85213,Rives de l'Yon,1.8
85214,Sainte-Foy,2.3
85215,Saint-Fulgent,2.7
85216,Sainte-Gemme-la-Plaine,4.2
85218,Saint-Georges-de-Pointindoux,2.0
85220,Saint-Germain-de-Prinçay,2.1
85221,Saint-Gervais,3.5
85222,Saint-Gilles-Croix-de-Vie,2.9
85223,Sainte-Hermine,2.0
85226,Saint-Hilaire-de-Riez,3.3
85227,Saint-Hilaire-des-Loges,3.0
85229,Saint-Hilaire-de-Voust,1.8
85231,Saint-Hilaire-la-Forêt,3.7
85232,Saint-Hilaire-le-Vouhis,1.6
85233,Saint-Jean-de-Beugné,4.1
85234,Saint-Jean-de-Monts,2.5
85235,Saint-Juire-Champgillon,2.2
85236,Saint-Julien-des-Landes,1.9
85237,Saint-Laurent-de-la-Salle,1.8
85238,Saint-Laurent-sur-Sèvre,2.0
85239,Saint-Maixent-sur-Vie,2.0
85240,Saint-Malô-du-Bois,1.4
85242,Saint-Mars-la-Réorthe,2.7
85243,Brem-sur-Mer,3.1
85244,Saint-Martin-de-Fraigneau,3.3
85245,Saint-Martin-des-Fontaines,2.2
85246,Saint-Martin-des-Noyers,2.0
85247,Saint-Martin-des-Tilleuls,1.8
85248,Saint-Martin-Lars-en-Sainte-Hermine,2.2
85250,Saint-Mathurin,3.9
85251,Saint-Maurice-des-Noues,1.6
85252,Saint-Maurice-le-Girard,1.8
85254,Saint-Mesmin,2.0
85255,Saint-Michel-en-l'Herm,2.4
85256,Saint-Michel-le-Cloucq,3.0
85259,Saint-Paul-en-Pareds,2.1
85260,Saint-Paul-Mont-Penit,1.9
85261,Sainte-Pexine,3.0
85262,Saint-Philbert-de-Bouaine,3.1
85264,Saint-Pierre-du-Chemin,2.8
85265,Saint-Pierre-le-Vieux,2.4
85266,Saint-Prouant,3.1
85267,Sainte-Radégonde-des-Noyers,3.0
85268,Saint-Révérend,2.6
85269,Saint-Sigismond,2.1
85273,Saint-Urbain,3.3
85274,Saint-Valérien,2.4
85276,Saint-Vincent-Sterlanges,2.3
85277,Saint-Vincent-sur-Graon,1.9
85278,Saint-Vincent-sur-Jard,3.3
85280,Sallertaine,4.2
85281,Sérigné,2.8
85282,Sigournais,2.3
85284,Soullans,4.0
85285,Le Tablier,1.3
85286,La Taillée,2.3
85287,Tallud-Sainte-Gemme,1.9
85288,Talmont-Saint-Hilaire,3.0
85289,Terval,1.7
85290,Thiré,1.9
85291,Thorigny,1.7
85292,Rives-du-Fougerais,1.8
85293,Tiffauges,1.8
85294,La Tranche-sur-Mer,3.5
85295,Treize-Septiers,4.5
85296,Treize-Vents,1.1
85297,Triaize,3.0
85298,Vairé,2.7
85300,Venansault,4.2
85301,Vendrennes,3.2
85302,Chanverrie,3.1
85303,Vix,2.2
85304,Vouillé-les-Marais,1.8
85305,Vouvant,2.3
85306,Xanton-Chassenon,3.0
86001,Adriers,3.5
86002,Amberre,3.5
86003,Anché,3.5
86004,Angles-sur-l'Anglin,5.0
86005,Angliers,2.6
86006,Antigny,2.3
86007,Antran,5.6
86008,Arçay,2.1
86009,Archigny,2.5
86010,Aslonnes,4.2
86011,Asnières-sur-Blour,2.2
86012,Asnois,2.5
86013,Aulnay,2.3
86014,Availles-en-Châtellerault,4.1
86015,Availles-Limouzine,3.3
86016,Avanton,4.7
86017,Ayron,5.1
86018,Basses,2.2
86019,Beaumont Saint-Cyr,3.4
86020,Bellefonds,3.5
86022,Berrie,2.0
86023,Berthegon,3.0
86024,Béruges,3.6
86025,Béthines,2.8
86026,Beuxes,3.3
86027,Biard,5.5
86028,Bignoux,3.1
86029,Blanzay,3.7
86031,Bonnes,4.3
86032,Bonneuil-Matours,3.4
86034,Bouresse,4.3
86035,Bourg-Archambault,3.1
86036,Bournand,1.7
86037,Brigueil-le-Chantre,1.4
86038,Brion,3.2
86039,Brux,3.9
86040,La Bussière,2.7
86041,Buxerolles,4.7
86042,Buxeuil,3.1
86044,Ceaux-en-Loudun,2.3
86045,Celle-Lévescault,5.1
86046,Cenon-sur-Vienne,5.3
86047,Cernay,2.5
86048,Chabournay,3.7
86049,Chalais,2.9
86050,Chalandray,3.9
86051,Champagné-le-Sec,3.6
86052,Champagné-Saint-Hilaire,2.9
86053,Champigny en Rochereau,4.1
86054,Champniers,3.3
86055,La Chapelle-Bâton,4.1
86058,La Chapelle-Moulière,3.3
86059,Chapelle-Viviers,2.5
86061,Charroux,2.9
86062,Chasseneuil-du-Poitou,6.0
86063,Chatain,1.7
86064,Château-Garnier,3.8
86065,Château-Larcher,4.3
86066,Châtellerault,4.4
86068,Chaunay,4.9
86069,La Chaussée,2.9
86070,Chauvigny,4.1
86072,Chenevelles,1.4
86073,Cherves,3.0
86074,Chiré-en-Montreuil,5.0
86075,Chouppes,2.5
86076,Cissé,5.0
86077,Civaux,3.5
86078,Civray,4.1
86079,La Roche-Rigault,3.2
86080,Cloué,4.2
86081,Colombiers,2.9
86082,Valence-en-Poitou,3.2
86083,Coulombiers,4.6
86084,Coulonges-les-Hérolles,0.5
86085,Coussay,3.0
86086,Coussay-les-Bois,2.0
86087,Craon,3.9
86088,Croutelle,5.6
86089,Cuhon,3.1
86090,Curçay-sur-Dive,1.7
86091,Curzay-sur-Vonne,2.4
86092,Dangé-Saint-Romain,1.7
86093,Dercé,2.6
86094,Dienné,2.9
86095,Dissay,3.3
86096,Doussay,3.4
86097,La Ferrière-Airoux,3.2
86098,Fleix,3.2
86099,Fleuré,4.0
86100,Fontaine-le-Comte,5.2
86102,Frozes,5.4
86103,Gençay,4.3
86104,Genouillé,3.6
86105,Gizay,3.5
86106,Glénouze,1.9
86107,Gouex,2.1
86108,La Grimaudière,3.5
86109,Guesnes,2.9
86110,Haims,3.7
86111,Ingrandes,4.6
86112,L'Isle-Jourdain,4.2
86113,Iteuil,4.1
86114,Jardres,4.0
86115,Jaunay-Marigny,4.6
86116,Jazeneuil,4.0
86117,Jouhet,2.7
86118,Journet,3.7
86119,Joussé,3.6
86120,Lathus-Saint-Rémy,3.4
86121,Latillé,4.3
86122,Lauthiers,3.3
86123,Boivre-la-Vallée,3.5
86124,Lavoux,3.9
86125,Leigné-les-Bois,1.5
86126,Leignes-sur-Fontaine,3.0
86127,Leigné-sur-Usseau,2.5
86128,Lencloître,3.8
86129,Lésigny,2.1
86130,Leugny,2.4
86131,Lhommaizé,2.7
86132,Liglet,2.0
86133,Ligugé,3.7
86134,Linazay,4.4
86135,Liniers,3.9
86136,Lizant,3.4
86137,Loudun,2.5
86138,Luchapt,3.4
86139,Lusignan,4.0
86140,Lussac-les-Châteaux,3.2
86141,Magné,2.4
86142,Maillé,4.9
86143,Mairé,2.0
86144,Maisonneuve,3.0
86145,Marçay,5.7
86147,Marigny-Chemereau,4.3
86148,Marnay,3.4
86149,Martaizé,2.8
86150,Massognes,3.3
86151,Maulay,3.2
86152,Mauprévoir,2.8
86153,Mazerolles,2.6
86154,Mazeuil,2.3
86156,Messemé,3.0
86157,Mignaloux-Beauvoir,4.5
86158,Migné-Auxances,5.9
86159,Millac,3.5
86160,Mirebeau,3.6
86161,Moncontour,2.1
86162,Mondion,0.9
86163,Montamisé,4.2
86164,Monthoiron,1.5
86165,Montmorillon,3.8
86167,Monts-sur-Guesnes,3.3
86169,Morton,1.8
86170,Moulismes,2.8
86171,Moussac,3.2
86172,Mouterre-sur-Blourde,2.9
86173,Mouterre-Silly,2.9
86174,Naintré,3.7
86175,Nalliers,2.5
86176,Nérignac,3.1
86177,Neuville-de-Poitou,4.1
86178,Nieuil-l'Espoir,3.1
86180,Nouaillé-Maupertuis,2.9
86181,Nueil-sous-Faye,2.9
86182,Orches,2.6
86183,Les Ormes,2.4
86184,Ouzilly,3.3
86186,Oyré,3.9
86187,Paizay-le-Sec,3.5
86189,Payroux,2.6
86190,Persac,2.6
86191,Pindray,3.1
86192,Plaisance,3.3
86193,Pleumartin,2.5
86194,Poitiers,5.0
86195,Port-de-Piles,2.2
86196,Pouançay,1.4
86197,Pouant,3.3
86198,Pouillé,4.0
86200,Pressac,2.4
86201,Prinçay,2.8
86202,La Puye,2.7
86203,Queaux,2.6
86204,Quinçay,3.9
86205,Ranton,1.9
86206,Raslay,1.8
86207,La Roche-Posay,2.8
86209,Roches-Prémarie-Andillé,3.5
86210,Roiffé,1.3
86211,Romagne,3.5
86213,Rouillé,2.8
86214,Saint-Benoît,5.7
86217,Saint-Christophe,2.1
86218,Saint-Clair,2.8
86220,Saint-Gaudent,3.7
86221,Saint-Genest-d'Ambière,3.1
86222,Saint-Georges-lès-Baillargeaux,4.0
86223,Saint-Germain,2.0
86224,Saint-Gervais-les-Trois-Clochers,1.5
86225,Saint-Jean-de-Sauves,2.5
86226,Saint-Julien-l'Ars,3.8
86227,Saint-Laon,1.9
86228,Saint-Laurent-de-Jourdes,2.6
86229,Saint-Léger-de-Montbrillais,1.5
86230,Saint-Léomer,3.6
86233,Valdivienne,3.5
86234,Saint-Martin-l'Ars,1.8
86235,Saint-Maurice-la-Clouère,3.0
86236,Saint-Pierre-de-Maillé,3.8
86237,Saint-Pierre-d'Exideuil,4.5
86239,Sainte-Radégonde,3.0
86241,Saint-Rémy-sur-Creuse,2.0
86242,Saint-Romain,4.1
86244,Saint-Sauvant,4.1
86245,Senillé-Saint-Sauveur,3.7
86246,Saint-Savin,2.0
86247,Val-de-Comporté,3.7
86248,Saint-Secondin,3.7
86249,Saires,2.4
86250,Saix,1.2
86252,Sammarçolles,3.1
86253,Sanxay,4.1
86254,Saulgé,4.0
86255,Savigné,3.7
86256,Savigny-Lévescault,2.5
86257,Savigny-sous-Faye,2.6
86258,Scorbé-Clairvaux,2.7
86260,Sérigny,2.3
86261,Sèvres-Anxaumont,4.2
86262,Sillars,2.8
86263,Smarves,4.1
86264,Sommières-du-Clain,4.2
86265,Sossais,2.6
86266,Surin,2.9
86268,Tercé,4.0
86269,Ternay,1.5
86270,Thollet,1.3
86271,Thurageau,3.9
86272,Thuré,3.4
86273,La Trimouille,2.6
86274,Les Trois-Moutiers,2.2
86275,Usseau,4.3
86276,Usson-du-Poitou,4.0
86279,Vaux-sur-Vienne,2.5
86280,Vellèches,1.6
86281,Saint-Martin-la-Pallu,3.7
86284,Vernon,2.9
86285,Verrières,3.0
86286,Verrue,2.7
86287,Vézières,2.7
86288,Vicq-sur-Gartempe,3.6
86289,Le Vigeant,4.0
86290,La Villedieu-du-Clain,3.9
86291,Villemort,2.8
86292,Villiers,4.8
86293,Vivonne,5.0
86294,Vouillé,3.9
86295,Voulême,3.9
86296,Voulon,3.1
86297,Vouneuil-sous-Biard,4.8
86298,Vouneuil-sur-Vienne,2.8
86299,Vouzailles,4.8
86300,Yversay,4.0
87001,Aixe-sur-Vienne,3.7
87002,Ambazac,4.1
87003,Arnac-la-Poste,3.3
87004,Augne,3.0
87005,Aureil,2.8
87006,Azat-le-Ris,1.5
87007,Balledent,2.7
87008,La Bazeuge,2.6
87009,Beaumont-du-Lac,1.5
87011,Bellac,2.9
87012,Berneuil,2.3
87013,Bersac-sur-Rivalier,3.6
87014,Bessines-sur-Gartempe,5.0
87015,Beynac,3.4
87016,Les Billanges,2.0
87017,Blanzac,3.1
87018,Blond,2.6
87019,Boisseuil,5.1
87020,Bonnac-la-Côte,5.3
87021,Bosmie-l'Aiguille,2.8
87022,Breuilaufa,1.8
87023,Le Buis,2.4
87024,Bujaleuf,2.6
87025,Burgnac,3.1
87027,Bussière-Galant,3.6
87028,Val-d'Oire-et-Gartempe,2.8
87029,Les Cars,3.3
87030,Chaillac-sur-Vienne,4.3
87031,Le Chalard,2.9
87032,Châlus,4.0
87033,Chamboret,2.8
87034,Champagnac-la-Rivière,3.9
87035,Champnétery,2.7
87036,Champsac,3.0
87037,La Chapelle-Montbrandeix,2.5
87038,Chaptelat,4.2
87039,Château-Chervix,1.6
87040,Châteauneuf-la-Forêt,2.1
87041,Châteauponsac,2.1
87042,Le Châtenet-en-Dognon,3.7
87043,Cheissoux,1.8
87044,Chéronnac,3.4
87045,Cieux,2.6
87046,Cognac-la-Forêt,4.0
87047,Compreignac,3.2
87048,Condat-sur-Vienne,3.8
87049,Coussac-Bonneval,3.2
87050,Couzeix,4.1
87051,La Croisille-sur-Briance,3.6
87052,La Croix-sur-Gartempe,3.2
87053,Cromac,1.6
87054,Cussac,3.3
87056,Dinsac,2.2
87057,Dompierre-les-Églises,1.6
87058,Domps,1.3
87059,Le Dorat,3.6
87060,Dournazac,3.1
87061,Droux,3.6
87062,Eybouleuf,3.4
87063,Eyjeaux,3.5
87064,Eymoutiers,2.6
87065,Feytiat,4.1
87066,Flavignac,3.4
87067,Folles,2.6
87068,Fromental,3.7
87069,Gajoubert,1.1
87070,La Geneytouse,3.4
87071,Glandon,3.7
87072,Glanges,3.5
87073,Gorre,3.5
87074,Les Grands-Chézeaux,3.5
87075,Isle,3.6
87076,Jabreilles-les-Bordes,3.2
87077,Janailhac,2.7
87078,Javerdat,2.8
87079,La Jonchère-Saint-Maurice,3.5
87080,Jouac,0.8
87081,Jourgnac,2.5
87082,Ladignac-le-Long,2.8
87083,Laurière,3.9
87084,Lavignac,2.2
87085,Limoges,5.1
87086,Linards,2.5
87087,Lussac-les-Églises,0.4
87088,Magnac-Bourg,3.4
87089,Magnac-Laval,2.6
87090,Mailhac-sur-Benaize,1.6
87091,Maisonnais-sur-Tardoire,2.6
87092,Marval,1.8
87093,Masléon,3.0
87094,Meilhac,2.9
87095,Meuzac,3.1
87096,La Meyze,2.8
87097,Val d'Issoire,1.9
87099,Moissannes,2.2
87100,Montrol-Sénard,1.4
87101,Mortemart,1.7
87103,Nantiat,2.6
87104,Nedde,6.2
87105,Neuvic-Entier,2.4
87106,Nexon,2.8
87107,Nieul,3.7
87108,Nouic,0.8
87109,Oradour-Saint-Genest,3.3
87110,Oradour-sur-Glane,3.6
87111,Oradour-sur-Vayres,3.8
87112,Pageas,3.9
87113,Le Palais-sur-Vienne,5.1
87114,Panazol,4.7
87115,Pensol,1.3
87116,Peyrat-de-Bellac,2.7
87117,Peyrat-le-Château,2.6
87118,Peyrilhac,3.8
87119,Pierre-Buffière,3.3
87120,La Porcherie,2.9
87121,Rancon,2.7
87122,Razès,4.3
87123,Rempnat,2.4
87124,Rilhac-Lastours,2.5
87125,Rilhac-Rancon,4.8
87126,Rochechouart,3.7
87127,La Roche-l'Abeille,3.4
87128,Saint-Pardoux-le-Lac,2.6
87129,Royères,4.6
87130,Roziers-Saint-Georges,2.8
87131,Saillat-sur-Vienne,3.6
87132,Saint-Amand-le-Petit,2.8
87133,Saint-Amand-Magnazeix,3.1
87134,Sainte-Anne-Saint-Priest,1.5
87135,Saint-Auvent,3.5
87137,Saint-Bazile,3.1
87138,Saint-Bonnet-Briance,2.4
87139,Saint-Bonnet-de-Bellac,3.2
87140,Saint-Brice-sur-Vienne,4.8
87141,Saint-Cyr,3.2
87142,Saint-Denis-des-Murs,3.4
87143,Saint-Gence,4.2
87144,Saint-Genest-sur-Roselle,2.4
87145,Saint-Georges-les-Landes,2.1
87146,Saint-Germain-les-Belles,3.7
87147,Saint-Gilles-les-Forêts,2.2
87148,Saint-Hilaire-Bonneval,4.8
87149,Saint-Hilaire-la-Treille,1.5
87150,Saint-Hilaire-les-Places,2.1
87151,Saint-Jean-Ligoure,2.0
87152,Saint-Jouvent,3.3
87153,Saint-Julien-le-Petit,1.0
87154,Saint-Junien,4.2
87155,Saint-Junien-les-Combes,2.2
87156,Saint-Just-le-Martel,3.1
87157,Saint-Laurent-les-Églises,3.1
87158,Saint-Laurent-sur-Gorre,3.5
87159,Saint-Léger-la-Montagne,3.5
87160,Saint-Léger-Magnazeix,1.5
87161,Saint-Léonard-de-Noblat,4.1
87162,Sainte-Marie-de-Vaux,3.9
87163,Saint-Martial-sur-Isop,1.4
87164,Saint-Martin-de-Jussac,4.4
87165,Saint-Martin-le-Mault,0.4
87166,Saint-Martin-le-Vieux,3.0
87167,Saint-Martin-Terressus,3.4
87168,Saint-Mathieu,2.5
87169,Saint-Maurice-les-Brousses,2.3
87170,Saint-Méard,3.1
87172,Saint-Ouen-sur-Gartempe,4.2
87174,Saint-Paul,3.0
87176,Saint-Priest-Ligoure,1.8
87177,Saint-Priest-sous-Aixe,3.3
87178,Saint-Priest-Taurion,3.2
87179,Saint-Sornin-la-Marche,3.0
87180,Saint-Sornin-Leulac,2.5
87181,Saint-Sulpice-Laurière,3.2
87182,Saint-Sulpice-les-Feuilles,2.8
87183,Saint-Sylvestre,3.5
87185,Saint-Victurnien,4.9
87186,Saint-Vitte-sur-Briance,3.4
87187,Saint-Yrieix-la-Perche,4.2
87188,Saint-Yrieix-sous-Aixe,3.6
87189,Les Salles-Lavauguyon,2.7
87190,Sauviat-sur-Vige,2.1
87191,Séreilhac,3.7
87192,Solignac,2.5
87193,Surdoux,4.0
87194,Sussac,1.7
87195,Tersannes,1.8
87197,Thouron,2.8
87198,Vaulry,2.3
87199,Vayres,3.4
87200,Verneuil-Moustiers,1.1
87201,Verneuil-sur-Vienne,3.8
87202,Veyrac,4.7
87203,Vicq-sur-Breuilh,1.7
87204,Videix,3.0
87205,Le Vigen,4.5
87206,Villefavard,2.3
88001,Les Ableuvenettes,2.6
88002,Ahéville,2.9
88003,Aingeville,1.8
88004,Ainvelle,4.2
88005,Allarmont,2.3
88006,Ambacourt,4.3
88007,Ameuvelle,1.5
88008,Anglemont,3.9
88009,Anould,4.1
88010,Aouze,3.2
88011,Arches,5.1
88012,Archettes,5.1
88013,Aroffe,3.8
88014,Arrentès-de-Corcieux,2.7
88015,Attignéville,2.5
88016,Attigny,4.1
88017,Aulnois,4.7
88019,Autigny-la-Tour,3.0
88020,Autreville,2.6
88021,Autrey,3.4
88022,Auzainvilliers,3.5
88023,Avillers,3.2
88024,Avrainville,4.3
88025,Avranville,1.3
88026,Aydoilles,2.8
88027,Badménil-aux-Bois,1.5
88028,La Baffe,3.7
88029,La Vôge-les-Bains,2.4
88030,Bainville-aux-Saules,2.3
88031,Balléville,4.1
88032,Ban-de-Laveline,2.5
88033,Ban-de-Sapt,3.3
88035,Barbey-Seroux,3.0
88036,Barville,3.0
88037,Basse-sur-le-Rupt,2.8
88038,Battexey,5.5
88039,Baudricourt,3.4
88040,Bayecourt,1.2
88041,Bazegney,3.4
88042,Bazien,3.0
88043,Bazoilles-et-Ménil,2.7
88044,Bazoilles-sur-Meuse,4.0
88045,Beaufremont,3.0
88046,Beauménil,3.9
88047,Begnécourt,2.4
88048,Bellefontaine,1.7
88049,Belmont-lès-Darney,4.1
88050,Belmont-sur-Buttant,2.4
88051,Belmont-sur-Vair,3.9
88052,Belrupt,2.0
88053,Belval,2.8
88054,Bertrimoutier,4.3
88055,Bettegney-Saint-Brice,3.2
88056,Bettoncourt,4.1
88057,Le Beulay,3.7
88058,Biécourt,3.6
88059,Biffontaine,3.0
88060,Blémerey,3.2
88061,Bleurville,4.6
88062,Blevaincourt,5.8
88063,Bocquegney,2.5
88064,Bois-de-Champ,1.3
88065,Bonvillet,2.0
88066,Boulaincourt,5.0
88068,La Bourgonce,2.7
88069,Bouxières-aux-Bois,2.8
88070,Bouxurulles,1.5
88071,Bouzemont,2.1
88073,Brantigny,3.3
88074,Brechainville,1.3
88075,La Bresse,3.2
88076,Brouvelieures,2.7
88077,Brû,3.4
88078,Bruyères,3.9
88079,Bulgnéville,4.6
88080,Bult,2.8
88081,Bussang,0.7
88082,Celles-sur-Plaine,2.7
88083,Certilleux,2.8
88084,Chamagne,2.5
88085,Champdray,3.6
88086,Champ-le-Duc,3.9
88087,Chantraine,4.6
88088,La Chapelle-aux-Bois,2.2
88089,La Chapelle-devant-Bruyères,4.0
88090,Charmes,3.3
88091,Charmois-devant-Bruyères,3.5
88092,Charmois-l'Orgueilleux,1.2
88093,Châtas,2.4
88094,Châtel-sur-Moselle,3.0
88095,Châtenois,3.7
88096,Châtillon-sur-Saône,2.0
88097,Chauffecourt,3.7
88098,Chaumousey,2.7
88099,Chavelot,5.0
88100,Chef-Haut,4.2
88101,Cheniménil,3.6
88102,Chermisey,2.8
88103,Circourt,1.6
88104,Circourt-sur-Mouzon,2.4
88105,Claudon,3.9
88106,Ban-sur-Meurthe-Clefcy,3.1
88107,Clérey-la-Côte,1.3
88108,Le Clerjus,2.4
88109,Cleurie,2.9
88110,Clézentaine,3.7
88111,Coinches,3.1
88113,Combrimont,4.1
88114,Contrexéville,5.1
88115,Corcieux,4.5
88116,Cornimont,2.7
88117,Courcelles-sous-Châtenois,3.4
88118,Coussey,2.9
88119,Crainvilliers,4.1
88120,La Croix-aux-Mines,2.0
88121,Damas-aux-Bois,1.7
88122,Damas-et-Bettegney,3.3
88123,Damblain,4.2
88124,Darney,3.1
88125,Darney-aux-Chênes,2.6
88126,Darnieulles,3.3
88127,Deinvillers,2.2
88128,Denipaire,2.9
88129,Derbamont,2.2
88130,Destord,3.5
88131,Deycimont,3.6
88132,Deyvillers,4.2
88133,Dignonville,2.1
88134,Dinozé,4.4
88135,Docelles,3.3
88136,Dogneville,3.6
88137,Dolaincourt,4.0
88138,Dombasle-devant-Darney,2.2
88139,Dombasle-en-Xaintois,2.5
88140,Dombrot-le-Sec,4.1
88141,Dombrot-sur-Vair,3.7
88142,Domèvre-sur-Avière,3.9
88143,Domèvre-sur-Durbion,1.4
88144,Domèvre-sous-Montfort,2.5
88145,Domfaing,2.5
88146,Domjulien,2.4
88147,Dommartin-aux-Bois,1.5
88148,Dommartin-lès-Remiremont,4.8
88149,Dommartin-lès-Vallois,1.9
88150,Dommartin-sur-Vraine,4.1
88151,Dompaire,2.7
88152,Dompierre,3.1
88153,Domptail,3.0
88154,Domrémy-la-Pucelle,1.6
88155,Domvallier,4.3
88156,Doncières,4.0
88157,Dounoux,2.5
88158,Éloyes,3.9
88159,Entre-deux-Eaux,3.5
88160,Épinal,5.1
88161,Escles,1.4
88162,Esley,1.8
88163,Essegney,2.8
88164,Estrennes,0.9
88165,Étival-Clairefontaine,4.1
88166,Évaux-et-Ménil,2.8
88167,Faucompierre,2.9
88168,Fauconcourt,2.6
88169,Fays,3.2
88170,Ferdrupt,2.7
88171,Fignévelle,2.9
88172,Fiménil,3.9
88173,Florémont,4.7
88174,Fomerey,2.4
88175,Fontenay,2.6
88176,Fontenoy-le-Château,3.3
88177,La Forge,3.4
88178,Les Forges,4.1
88179,Fouchécourt,5.3
88180,Frain,4.4
88181,Fraize,2.6
88182,Frapelle,4.1
88183,Frebécourt,3.8
88184,Fremifontaine,2.3
88185,Frenelle-la-Grande,4.7
88186,Frenelle-la-Petite,4.0
88187,Frénois,2.7
88188,Fresse-sur-Moselle,2.3
88189,Fréville,3.6
88190,Frizon,4.5
88192,Gelvécourt-et-Adompt,2.4
88193,Gemaingoutte,2.5
88194,Gemmelaincourt,1.6
88195,Gendreville,1.3
88196,Gérardmer,5.0
88197,Gerbamont,2.9
88198,Gerbépal,4.9
88199,Gignéville,3.5
88200,Gigney,2.7
88201,Girancourt,2.9
88202,Gircourt-lès-Viéville,3.8
88203,Girecourt-sur-Durbion,2.6
88205,Girmont-Val-d'Ajol,1.5
88206,Gironcourt-sur-Vraine,2.5
88208,Godoncourt,2.9
88209,Golbey,5.3
88210,Gorhey,2.2
88212,Grand,0.4
88213,La Grande-Fosse,1.5
88214,Grandrupt-de-Bains,1.2
88215,Grandrupt,1.4
88216,Grandvillers,3.3
88218,Granges-Aumontzey,4.7
88219,Greux,1.6
88220,Grignoncourt,2.0
88221,Gruey-lès-Surance,1.7
88222,Gugnécourt,2.7
88223,Gugney-aux-Aulx,3.3
88224,Hadigny-les-Verrières,1.9
88225,Hadol,2.6
88226,Hagécourt,2.5
88227,Hagnéville-et-Roncourt,3.5
88228,Haillainville,2.3
88229,Harchéchamp,3.0
88230,Hardancourt,2.6
88231,Haréville,3.7
88232,Harmonville,1.8
88233,Harol,1.7
88236,La Haye,1.2
88237,Hennecourt,2.7
88238,Hennezel,2.4
88239,Hergugney,4.7
88240,Herpelmont,3.9
88241,Houécourt,4.5
88242,Houéville,2.3
88243,Housseras,2.6
88244,La Houssière,3.2
88245,Hurbache,4.5
88246,Hymont,3.7
88247,Igney,4.3
88248,Isches,4.4
88249,Jainvillotte,1.7
88250,Jarménil,5.1
88251,Jeanménil,3.4
88252,Jésonville,1.1
88253,Jeuxey,5.8
88254,Jorxey,2.6
88255,Jubainville,1.5
88256,Jussarupt,3.7
88257,Juvaincourt,4.0
88258,Lamarche,3.4
88259,Landaville,3.7
88260,Langley,3.0
88261,Laval-sur-Vologne,4.0
88262,Laveline-devant-Bruyères,3.8
88263,Laveline-du-Houx,2.3
88264,Légéville-et-Bonfays,2.0
88265,Lemmecourt,2.2
88266,Lépanges-sur-Vologne,3.9
88267,Lerrain,1.4
88268,Lesseux,3.3
88269,Liézey,3.9
88270,Liffol-le-Grand,3.8
88271,Lignéville,3.5
88272,Lironcourt,3.1
88273,Longchamp,3.7
88274,Longchamp-sous-Châtenois,3.7
88275,Lubine,0.9
88276,Lusse,3.1
88277,Luvigny,1.2
88278,Maconcourt,3.8
88279,Madecourt,2.2
88280,Madegney,2.4
88281,Madonne-et-Lamerey,2.8
88283,Malaincourt,2.7
88284,Mandray,3.4
88285,Mandres-sur-Vair,4.1
88286,Marainville-sur-Madon,5.3
88287,Marey,3.3
88288,Maroncourt,2.5
88289,Martigny-les-Bains,2.9
88290,Martigny-les-Gerbonvaux,2.2
88291,Martinvelle,3.3
88292,Mattaincourt,3.8
88293,Maxey-sur-Meuse,1.6
88294,Mazeley,2.9
88295,Mazirot,4.3
88296,Médonville,1.5
88297,Méménil,1.2
88298,Ménarmont,3.2
88299,Ménil-en-Xaintois,3.4
88300,Ménil-de-Senones,2.1
88301,Ménil-sur-Belvitte,4.3
88302,Le Ménil,2.9
88303,Midrevaux,3.3
88304,Mirecourt,3.5
88305,Moncel-sur-Vair,1.6
88306,Le Mont,2.3
88307,Mont-lès-Lamarche,5.1
88308,Mont-lès-Neufchâteau,4.2
88309,Monthureux-le-Sec,2.8
88310,Monthureux-sur-Saône,3.7
88311,Montmotier,3.1
88312,Morelmaison,3.6
88313,Moriville,2.7
88314,Morizécourt,2.9
88315,Mortagne,1.3
88316,Morville,3.5
88317,Moussey,2.3
88318,Moyemont,2.6
88319,Moyenmoutier,5.7
88320,Nayemont-les-Fosses,2.9
88321,Neufchâteau,4.0
88322,La Neuveville-devant-Lépanges,3.9
88324,La Neuveville-sous-Châtenois,4.5
88325,La Neuveville-sous-Montfort,3.1
88326,Neuvillers-sur-Fave,4.3
88327,Nomexy,3.9
88328,Nompatelize,3.9
88330,Nonville,4.3
88331,Nonzeville,2.5
88332,Norroy,4.2
88333,Nossoncourt,3.2
88334,Oëlleville,4.2
88335,Offroicourt,1.7
88336,Ollainville,2.6
88338,Ortoncourt,2.8
88340,Padoux,3.3
88341,Pair-et-Grandrupt,2.8
88342,Pallegney,1.1
88343,Parey-sous-Montfort,2.5
88344,Pargny-sous-Mureau,3.5
88345,La Petite-Fosse,1.4
88346,La Petite-Raon,2.5
88347,Pierrefitte,1.3
88348,Pierrepont-sur-l'Arentèle,3.6
88349,Plainfaing,2.3
88350,Pleuvezain,3.8
88351,Plombières-les-Bains,3.3
88352,Pompierre,2.3
88353,Pont-lès-Bonfays,1.3
88354,Pont-sur-Madon,4.6
88355,Portieux,3.0
88356,Les Poulières,3.7
88357,Poussay,4.6
88358,Pouxeux,5.5
88359,Prey,4.1
88360,Provenchères-lès-Darney,3.9
88361,Provenchères-et-Colroy,3.4
88362,Le Puid,2.2
88363,Punerot,1.7
88364,Puzieux,3.8
88365,Racécourt,2.9
88366,Rainville,4.3
88367,Rambervillers,3.4
88368,Ramecourt,3.2
88369,Ramonchamp,3.1
88370,Rancourt,2.1
88371,Raon-aux-Bois,2.3
88372,Raon-l'Étape,5.5
88373,Raon-sur-Plaine,1.5
88374,Rapey,2.6
88375,Raves,4.3
88376,Rebeuville,3.5
88377,Regnévelle,3.5
88378,Regney,2.3
88379,Rehaincourt,2.4
88380,Rehaupal,3.1
88381,Relanges,1.9
88382,Remicourt,1.7
88383,Remiremont,3.6
88385,Remoncourt,2.9
88386,Remomeix,4.1
88387,Removille,3.4
88388,Renauvoid,3.5
88389,Repel,3.8
88390,Robécourt,5.1
88391,Rochesson,4.0
88393,Rollainville,2.4
88394,Romain-aux-Bois,3.9
88395,Romont,3.6
88398,Les Rouges-Eaux,1.3
88399,Le Roulier,3.3
88400,Rouvres-en-Xaintois,3.3
88401,Rouvres-la-Chétive,2.9
88402,Roville-aux-Chênes,4.1
88403,Rozerotte,2.5
88404,Rozières-sur-Mouzon,4.5
88406,Rugney,4.7
88407,Ruppes,1.3
88408,Rupt-sur-Moselle,2.7
88409,Saint-Amé,4.0
88410,Sainte-Barbe,3.3
88411,Saint-Baslemont,2.4
88412,Saint-Benoît-la-Chipotte,2.5
88413,Saint-Dié-des-Vosges,4.0
88415,Saint-Étienne-lès-Remiremont,4.0
88416,Saint-Genest,2.7
88417,Saint-Gorgon,3.4
88418,Sainte-Hélène,3.1
88419,Saint-Jean-d'Ormont,3.4
88421,Saint-Julien,4.2
88423,Saint-Léonard,4.7
88424,Sainte-Marguerite,4.6
88425,Saint-Maurice-sur-Mortagne,4.3
88426,Saint-Maurice-sur-Moselle,1.4
88427,Saint-Menge,3.3
88428,Saint-Michel-sur-Meurthe,5.0
88429,Saint-Nabord,5.1
88430,Saint-Ouen-lès-Parey,2.1
88431,Saint-Paul,4.1
88432,Saint-Pierremont,4.2
88433,Saint-Prancher,3.2
88434,Saint-Remimont,3.9
88435,Saint-Remy,2.9
88436,Saint-Stail,1.4
88437,Saint-Vallier,2.9
88438,La Salle,2.7
88439,Sanchey,3.8
88440,Sandaucourt,3.8
88441,Sans-Vallois,2.0
88442,Sapois,3.0
88443,Sartes,1.3
88444,Le Saulcy,2.8
88445,Saulcy-sur-Meurthe,3.9
88446,Saulxures-lès-Bulgnéville,3.5
88447,Saulxures-sur-Moselotte,2.9
88448,Sauville,2.6
88449,Savigny,4.0
88450,Senaide,3.3
88451,Senones,2.7
88452,Senonges,1.5
88453,Seraumont,1.3
88454,Sercœur,3.0
88455,Serécourt,5.5
88456,Serocourt,3.6
88457,Sionne,3.3
88458,Socourt,4.0
88459,Soncourt,3.8
88460,Soulosse-sous-Saint-Élophe,2.5
88461,Suriauville,5.2
88462,Le Syndicat,3.8
88463,Taintrux,3.8
88464,Tendon,2.7
88465,Thaon-les-Vosges,4.7
88466,They-sous-Montfort,2.7
88467,Thiéfosse,2.5
88468,Le Thillot,2.7
88469,Thiraucourt,2.3
88470,Le Tholy,3.8
88471,Les Thons,3.7
88472,Thuillières,2.4
88473,Tignécourt,4.8
88474,Tilleux,3.3
88475,Tollaincourt,4.3
88476,Totainville,3.6
88477,Trampot,0.9
88478,Tranqueville-Graux,2.1
88479,Trémonzey,2.9
88480,Ubexy,2.6
88481,Uriménil,2.5
88482,Urville,1.2
88483,Uxegney,4.8
88484,Uzemain,1.7
88485,La Vacheresse-et-la-Rouillie,2.0
88486,Vagney,3.5
88487,Le Val-d'Ajol,2.5
88488,Valfroicourt,2.5
88489,Valleroy-aux-Saules,3.4
88490,Valleroy-le-Sec,3.7
88491,Les Vallois,1.8
88492,Le Valtin,1.8
88493,Varmonzey,2.3
88494,Vaubexy,2.4
88495,Vaudéville,3.3
88496,Vaudoncourt,4.3
88497,Vaxoncourt,2.0
88498,Vecoux,4.5
88499,Velotte-et-Tatignécourt,3.7
88500,Ventron,2.1
88501,Le Vermont,1.6
88502,Vervezelle,3.0
88503,Vexaincourt,1.2
88504,Vicherey,3.8
88505,Vienville,3.6
88506,Vieux-Moulin,2.3
88507,Villers,3.5
88508,Ville-sur-Illon,1.9
88509,Villoncourt,3.1
88510,Villotte,2.7
88511,Villouxel,2.5
88512,Viménil,1.7
88513,Vincey,2.7
88514,Viocourt,4.1
88515,Vioménil,1.6
88516,Vittel,4.0
88517,Viviers-le-Gras,4.3
88518,Viviers-lès-Offroicourt,1.7
88519,La Voivre,6.2
88520,Les Voivres,2.2
88521,Vomécourt,3.3
88522,Vomécourt-sur-Madon,4.7
88523,Vouxey,4.2
88524,Vrécourt,2.8
88525,Vroville,3.8
88526,Wisembach,3.3
88527,Xaffévillers,3.6
88528,Xamontarupt,2.7
88529,Xaronval,4.0
88530,Xertigny,1.8
88531,Xonrupt-Longemer,4.0
88532,Zincourt,1.1
89002,Aigremont,1.5
89003,Montholon,1.9
89004,Aisy-sur-Armançon,3.8
89005,Ancy-le-Franc,4.6
89006,Ancy-le-Libre,4.8
89007,Andryes,2.9
89008,Angely,3.1
89009,Annay-la-Côte,3.5
89010,Annay-sur-Serein,2.2
89011,Annéot,4.2
89012,Annoux,1.6
89013,Appoigny,3.5
89014,Arces-Dilo,1.5
89015,Arcy-sur-Cure,1.2
89016,Argentenay,5.1
89017,Argenteuil-sur-Armançon,4.8
89018,Armeau,2.1
89019,Arthonnay,0.9
89020,Asnières-sous-Bois,2.9
89021,Asquins,2.6
89022,Athie,3.4
89023,Augy,2.6
89024,Auxerre,3.4
89025,Avallon,3.8
89027,Bagneaux,1.6
89028,Baon,3.7
89029,Bassou,3.8
89030,Bazarnes,1.3
89031,Beaumont,2.0
89032,Beauvilliers,1.3
89033,Beauvoir,2.1
89034,Beine,2.2
89035,Bellechaume,2.1
89036,La Belliole,1.1
89037,Béon,3.1
89038,Bernouil,2.6
89039,Béru,3.7
89040,Bessy-sur-Cure,1.0
89041,Beugnon,4.1
89042,Bierry-les-Belles-Fontaines,2.1
89043,Blacy,1.9
89044,Blannay,3.8
89045,Bleigny-le-Carreau,2.7
89046,Bléneau,1.7
89048,Bœurs-en-Othe,0.8
89049,Bois-d'Arcy,1.2
89050,Bonnard,2.4
89051,Les Bordes,0.6
89053,Branches,1.9
89054,Brannay,1.1
89055,Brienon-sur-Armançon,2.6
89056,Brion,2.0
89057,Brosses,2.2
89058,Bussières,1.7
89059,Bussy-en-Othe,1.7
89060,Bussy-le-Repos,1.3
89061,Butteaux,3.1
89062,Carisey,4.1
89063,La Celle-Saint-Cyr,2.0
89064,Censy,0.8
89065,Cérilly,1.4
89066,Cerisiers,0.7
89067,Cézy,2.4
89068,Chablis,2.1
89069,Chailley,2.0
89071,Chamoux,2.8
89072,Champcevrais,1.9
89073,Champignelles,2.2
89074,Champigny,0.7
89075,Champlay,2.6
89076,Champlost,2.7
89077,Champs-sur-Yonne,2.0
89079,Chamvres,3.2
89080,La Chapelle-sur-Oreuse,2.2
89081,La Chapelle-Vaupelteigne,2.1
89083,Charbuy,2.4
89084,Charentenay,1.4
89085,Charmoy,2.9
89086,Charny Orée de Puisaye,1.9
89087,Chassignelles,4.2
89088,Chassy,1.7
89089,Chastellux-sur-Cure,0.8
89091,Châtel-Censoir,1.7
89092,Châtel-Gérard,1.3
89093,Chaumont,1.0
89094,Chaumot,1.1
89095,Chemilly-sur-Serein,3.2
89096,Chemilly-sur-Yonne,2.7
89098,Cheney,3.5
89099,Cheny,2.2
89100,Chéroy,1.1
89101,Chéu,3.7
89102,Chevannes,2.3
89104,Chichée,3.1
89105,Chichery,3.4
89108,Chitry,1.2
89111,Les Clérimois,2.5
89112,Collan,4.1
89113,Collemiers,3.1
89115,Compigny,1.3
89116,Cornant,2.1
89117,Coulangeron,1.2
89118,Coulanges-la-Vineuse,1.4
89119,Coulanges-sur-Yonne,3.1
89120,Coulours,1.2
89122,Courgenay,1.3
89123,Courgis,1.9
89124,Courlon-sur-Yonne,0.9
89125,Courson-les-Carrières,1.7
89126,Courtoin,1.2
89127,Courtois-sur-Yonne,3.0
89128,Coutarnoux,2.9
89129,Crain,3.1
89130,Deux Rivières,1.4
89131,Cruzy-le-Châtel,3.0
89132,Cry,2.6
89133,Cudot,1.2
89134,Cussy-les-Forges,5.2
89136,Cuy,3.0
89137,Dannemoine,4.7
89139,Diges,2.0
89141,Dissangis,1.9
89142,Dixmont,0.8
89143,Dollot,1.3
89144,Domats,1.3
89145,Domecy-sur-Cure,2.7
89146,Domecy-sur-le-Vault,3.7
89147,Dracy,1.4
89148,Druyes-les-Belles-Fontaines,2.3
89149,Dyé,2.9
89150,Égleny,1.9
89151,Égriselles-le-Bocage,1.3
89152,Épineau-les-Voves,2.8
89153,Épineuil,4.8
89154,Escamps,2.8
89155,Escolives-Sainte-Camille,2.0
89156,Esnon,2.1
89158,Étais-la-Sauvin,1.7
89159,Étaule,3.7
89160,Étigny,2.8
89161,Étivey,1.7
89162,Évry,3.0
89163,La Ferté-Loupière,1.2
89164,Festigny,2.6
89165,Flacy,2.0
89167,Fleury-la-Vallée,1.6
89168,Fleys,4.4
89169,Flogny-la-Chapelle,3.5
89170,Foissy-lès-Vézelay,2.6
89171,Foissy-sur-Vanne,1.6
89172,Fontaine-la-Gaillarde,3.3
89173,Fontaines,3.6
89175,Fontenay-près-Chablis,2.3
89176,Fontenay-près-Vézelay,2.9
89177,Fontenay-sous-Fouronnes,1.4
89179,Fontenoy,3.4
89180,Fouchères,2.0
89181,Fournaudin,0.8
89182,Fouronnes,1.1
89183,Fresnes,1.9
89184,Fulvy,4.2
89186,Germigny,3.8
89187,Gigny,4.1
89188,Girolles,2.9
89189,Gisy-les-Nobles,2.2
89190,Givry,3.8
89191,Gland,4.4
89194,Grimault,1.6
89195,Gron,2.8
89196,Valravillon,2.1
89197,Guillon-Terre-Plaine,4.1
89198,Gurgy,2.2
89199,Gy-l'Évêque,2.0
89200,Hauterive,1.9
89201,Héry,1.7
89202,Irancy,1.0
89203,Island,3.7
89204,L'Isle-sur-Serein,3.1
89205,Jaulges,3.4
89206,Joigny,2.6
89207,Jouancy,0.8
89208,Joux-la-Ville,2.3
89209,Jouy,1.2
89210,Jully,3.7
89211,Junay,4.7
89212,Jussy,2.2
89214,Lailly,1.5
89215,Lain,2.6
89216,Lainsecq,2.7
89217,Lalande,2.3
89218,Laroche-Saint-Cydroine,2.1
89219,Lasson,3.7
89220,Lavau,1.9
89221,Leugny,1.9
89222,Levis,3.0
89223,Lézinnes,4.8
89224,Lichères-près-Aigremont,2.4
89225,Lichères-sur-Yonne,3.1
89226,Lignorelles,2.1
89227,Ligny-le-Châtel,2.7
89228,Lindry,2.7
89229,Lixy,1.2
89230,Looze,1.6
89232,Lucy-le-Bois,2.9
89233,Lucy-sur-Cure,1.2
89234,Lucy-sur-Yonne,2.9
89235,Magny,4.8
89236,Maillot,3.7
89237,Mailly-la-Ville,1.2
89238,Mailly-le-Château,1.5
89239,Malay-le-Grand,1.8
89240,Malay-le-Petit,2.3
89242,Maligny,2.6
89244,Marmeaux,1.7
89245,Marsangy,1.8
89246,Massangis,1.8
89247,Mélisey,2.0
89248,Menades,4.5
89249,Mercy,2.3
89250,Méré,2.3
89251,Merry-la-Vallée,1.6
89252,Merry-Sec,1.8
89253,Merry-sur-Yonne,1.1
89254,Mézilles,4.4
89255,Michery,2.1
89256,Migé,1.2
89257,Migennes,1.8
89259,Môlay,2.3
89261,Molinons,1.3
89262,Molosmes,3.6
89263,Monéteau,3.1
89264,Montacher-Villegardin,1.1
89265,Montigny-la-Resle,2.4
89266,Montillot,1.7
89267,Montréal,3.4
89268,Mont-Saint-Sulpice,2.3
89270,Mouffy,1.0
89271,Moulins-en-Tonnerrois,2.3
89272,Moulins-sur-Ouanne,1.9
89273,Moutiers-en-Puisaye,4.2
89274,Nailly,2.8
89276,Neuvy-Sautour,3.4
89277,Nitry,1.4
89278,Noé,2.2
89279,Noyers,1.3
89280,Nuits,2.8
89281,Les Ormes,1.4
89282,Ormoy,2.5
89283,Ouanne,1.6
89284,Pacy-sur-Armançon,6.5
89285,Pailly,1.5
89286,Parly,2.1
89287,Paron,3.8
89288,Paroy-en-Othe,1.6
89289,Paroy-sur-Tholon,3.0
89290,Pasilly,2.6
89291,Passy,1.6
89292,Percey,2.9
89295,Perrigny,3.3
89296,Perrigny-sur-Armançon,2.6
89297,Pierre-Perthuis,3.6
89298,Piffonds,1.6
89299,Pimelles,4.7
89300,Pisy,1.6
89302,Plessis-Saint-Jean,1.5
89303,Poilly-sur-Serein,2.7
89304,Poilly-sur-Tholon,1.5
89306,Pontaubert,4.6
89307,Pontigny,2.5
89308,Pont-sur-Vanne,1.3
89309,Pont-sur-Yonne,2.2
89310,La Postolle,1.5
89311,Pourrain,3.2
89312,Précy-le-Sec,0.8
89313,Précy-sur-Vrin,1.2
89314,Prégilbert,1.3
89315,Préhy,2.2
89316,Provency,3.4
89318,Quarré-les-Tombes,0.3
89319,Quenne,2.5
89320,Quincerot,0.9
89321,Ravières,2.8
89323,Roffey,3.4
89324,Rogny-les-Sept-Écluses,1.7
89325,Ronchères,4.7
89326,Rosoy,2.7
89327,Rousson,0.9
89328,Rouvray,1.7
89329,Rugny,0.6
89331,Sainpuits,1.9
89332,Saint-Agnan,1.4
89333,Saint-André-en-Terre-Plaine,3.6
89334,Le Val d'Ocre,1.9
89335,Saint-Aubin-sur-Yonne,2.6
89336,Saint-Brancher,0.7
89337,Saint-Bris-le-Vineux,1.8
89338,Saint-Clément,4.0
89339,Sainte-Colombe,2.5
89341,Saint-Cyr-les-Colons,2.1
89342,Saint-Denis-lès-Sens,4.2
89344,Saint-Fargeau,4.3
89345,Saint-Florentin,3.1
89346,Saint-Georges-sur-Baulche,3.0
89347,Saint-Germain-des-Champs,2.8
89348,Saint-Julien-du-Sault,1.4
89349,Saint-Léger-Vauban,1.0
89350,Saint-Loup-d'Ordon,1.4
89351,Sainte-Magnance,3.6
89352,Saint-Martin-des-Champs,2.3
89353,Saint-Martin-d'Ordon,1.3
89354,Saint-Martin-du-Tertre,3.8
89355,Saint-Martin-sur-Armançon,3.6
89359,Saint-Maurice-aux-Riches-Hommes,1.0
89360,Saint-Maurice-le-Vieil,1.6
89361,Saint-Maurice-Thizouaille,1.8
89362,Saint-Moré,2.7
89363,Sainte-Pallaye,1.3
89364,Saint-Père,3.6
89365,Saint-Privé,2.0
89367,Saints-en-Puisaye,3.7
89368,Saint-Sauveur-en-Puisaye,4.2
89369,Saint-Sérotin,1.1
89370,Saint-Valérien,1.3
89371,Sainte-Vertu,2.6
89373,Saligny,3.2
89374,Sambourg,3.6
89375,Santigny,1.9
89376,Sarry,2.6
89377,Sauvigny-le-Beuréal,2.6
89378,Sauvigny-le-Bois,4.4
89379,Savigny-en-Terre-Plaine,4.2
89380,Savigny-sur-Clairis,1.5
89382,Seignelay,2.9
89383,Sementron,3.2
89384,Senan,2.6
89385,Sennevoy-le-Bas,3.2
89386,Sennevoy-le-Haut,3.2
89387,Sens,3.9
89388,Sépeaux-Saint Romain,2.5
89390,Serbonnes,1.1
89391,Sergines,1.2
89392,Sermizelles,4.1
89393,Serrigny,4.2
89394,Sery,0.7
89395,Les Sièges,1.2
89397,Sommecaise,2.0
89398,Sormery,2.4
89399,Soucy,3.1
89400,Sougères-en-Puisaye,1.5
89402,Soumaintrain,3.7
89403,Stigny,5.1
89404,Subligny,3.3
89405,Les Hauts de Forterre,0.7
89406,Talcy,2.0
89407,Tanlay,5.0
89408,Tannerre-en-Puisaye,3.7
89409,Tharoiseau,4.5
89410,Tharot,2.9
89411,Les Vallées de la Vanne,1.3
89412,Thizy,2.0
89413,Thorey,0.6
89414,Thorigny-sur-Oreuse,1.7
89415,Thory,2.9
89416,Thury,2.5
89417,Tissey,5.7
89418,Tonnerre,4.8
89419,Toucy,1.6
89420,Treigny-Perreuse-Sainte-Colombe,3.7
89422,Trichey,0.9
89423,Tronchoy,3.9
89424,Trucy-sur-Yonne,1.0
89425,Turny,3.4
89426,Val-de-Mercy,1.1
89427,Vallan,2.9
89428,Vallery,1.3
89430,Varennes,2.1
89431,Vassy-sous-Pisy,1.6
89432,Vaudeurs,1.1
89433,Vault-de-Lugny,3.8
89434,Vaumort,1.1
89436,Venizy,2.7
89437,Venouse,2.4
89438,Venoy,2.3
89439,Vergigny,3.4
89440,Verlin,1.0
89441,Vermenton,1.3
89442,Vernoy,1.2
89443,Véron,2.5
89445,Vézannes,4.3
89446,Vézelay,2.6
89447,Vézinnes,4.7
89449,Villeblevin,1.0
89450,Villebougis,1.8
89451,Villechétive,0.9
89452,Villecien,2.6
89453,Villefargeau,3.1
89456,Villemanoche,0.8
89458,Villenavotte,2.6
89459,Villeneuve-la-Dondagre,1.4
89460,Villeneuve-la-Guyard,1.8
89461,Villeneuve-l'Archevêque,1.8
89462,Villeneuve-les-Genêts,2.3
89463,Villeneuve-Saint-Salves,2.7
89464,Villeneuve-sur-Yonne,0.9
89465,Villeperrot,2.0
89466,Villeroy,2.5
89467,Villethierry,1.1
89468,Villevallier,2.1
89469,Perceneige,1.2
89470,Villiers-les-Hauts,4.5
89471,Villiers-Louis,2.4
89472,Villiers-Saint-Benoît,1.9
89474,Villiers-Vineux,2.0
89475,Villon,0.6
89477,Villy,2.4
89478,Vincelles,2.3
89479,Vincelottes,1.5
89480,Vinneuf,1.0
89481,Vireaux,5.1
89482,Viviers,4.3
89483,Voisines,2.2
89485,Voutenay-sur-Cure,2.4
89486,Yrouerre,5.4
90001,Andelnans,6.1
90002,Angeot,3.3
90003,Anjoutey,4.3
90004,Argiésans,5.1
90005,Auxelles-Bas,3.0
90006,Auxelles-Haut,2.9
90007,Banvillars,4.3
90008,Bavilliers,4.1
90009,Beaucourt,2.0
90010,Belfort,3.2
90011,Bermont,6.6
90012,Bessoncourt,4.6
90013,Bethonvilliers,3.9
90014,Boron,2.3
90015,Botans,4.7
90016,Bourg-sous-Châtelet,3.9
90017,Bourogne,4.5
90018,Brebotte,2.3
90019,Bretagne,2.2
90020,Buc,2.4
90021,Charmois,2.5
90022,Châtenois-les-Forges,3.3
90023,Chaux,3.9
90024,Chavanatte,1.7
90025,Chavannes-les-Grands,2.2
90026,Chèvremont,2.5
90027,Courcelles,1.2
90028,Courtelevant,1.9
90029,Cravanche,3.7
90030,Croix,1.4
90031,Cunelières,1.9
90032,Danjoutin,4.9
90033,Delle,2.1
90034,Denney,3.5
90035,Dorans,5.3
90036,Eguenigue,3.5
90037,Éloie,4.1
90039,Essert,3.9
90041,Étueffont,3.4
90042,Évette-Salbert,3.8
90043,Faverois,2.1
90044,Felon,4.4
90045,Fêche-l'Église,2.7
90046,Florimont,1.7
90047,Fontaine,2.9
90048,Fontenelle,2.4
90049,Foussemagne,1.9
90050,Frais,2.9
90051,Froidefontaine,3.0
90052,Giromagny,2.8
90053,Grandvillars,2.2
90054,Grosmagny,4.3
90055,Grosne,2.7
90056,Joncherey,1.9
90057,Lachapelle-sous-Chaux,3.8
90058,Lachapelle-sous-Rougemont,3.3
90059,Lacollonge,3.1
90060,Lagrange,5.6
90061,Lamadeleine-Val-des-Anges,1.3
90062,Larivière,4.1
90063,Lebetain,1.7
90064,Lepuix-Neuf,2.2
90065,Lepuix,1.9
90066,Leval,2.8
90067,Menoncourt,3.6
90068,Meroux-Moval,4.4
90069,Méziré,2.9
90070,Montbouton,1.9
90071,Montreux-Château,2.1
90072,Morvillars,2.4
90074,Novillard,1.8
90075,Offemont,3.6
90076,Pérouse,4.9
90077,Petit-Croix,1.9
90078,Petitefontaine,3.0
90079,Petitmagny,4.4
90080,Phaffans,3.4
90081,Réchésy,1.3
90082,Autrechêne,2.2
90083,Recouvrance,2.2
90084,Reppe,2.6
90085,Riervescemont,2.0
90086,Romagny-sous-Rougemont,3.7
90087,Roppe,4.5
90088,Rougegoutte,2.8
90089,Rougemont-le-Château,4.0
90090,Saint-Dizier-l'Évêque,1.6
90091,Saint-Germain-le-Châtelet,4.0
90093,Sermamagny,4.6
90094,Sevenans,6.5
90095,Suarce,2.1
90096,Thiancourt,1.9
90097,Trévenans,6.3
90098,Urcerey,3.2
90099,Valdoie,4.6
90100,Vauthiermont,3.2
90101,Vellescot,2.6
90102,Vescemont,2.5
90103,Vétrigne,3.4
90104,Vézelois,3.9
90105,Villars-le-Sec,1.3
91001,Abbéville-la-Rivière,2.0
91016,Angerville,2.2
91017,Angervilliers,2.6
91021,Arpajon,2.2
91022,Arrancourt,1.9
91027,Athis-Mons,2.2
91035,Authon-la-Plaine,2.2
91037,Auvernaux,2.5
91038,Auvers-Saint-Georges,2.3
91041,Avrainville,2.5
91044,Ballainvilliers,2.4
91045,Ballancourt-sur-Essonne,1.8
91047,Baulne,2.3
91064,Bièvres,3.1
91067,Blandy,1.6
91069,Boigneville,2.2
91075,Bois-Herpin,2.1
91079,Boissy-la-Rivière,2.9
91080,Boissy-le-Cutté,2.7
91081,Boissy-le-Sec,2.2
91085,Boissy-sous-Saint-Yon,2.5
91086,Bondoufle,2.3
91093,Boullay-les-Troux,2.8
91095,Bouray-sur-Juine,1.5
91097,Boussy-Saint-Antoine,2.6
91098,Boutervilliers,1.9
91099,Boutigny-sur-Essonne,2.3
91100,Bouville,2.6
91103,Brétigny-sur-Orge,1.5
91105,Breuillet,1.9
91106,Breux-Jouy,2.0
91109,Brières-les-Scellés,2.7
91111,Briis-sous-Forges,2.6
91112,Brouy,1.7
91114,Brunoy,2.7
91115,Bruyères-le-Châtel,2.0
91121,Buno-Bonnevaux,2.3
91122,Bures-sur-Yvette,2.6
91129,Cerny,2.1
91130,Chalo-Saint-Mars,2.1
91131,Chalou-Moulineux,2.4
91132,Chamarande,2.4
91135,Champcueil,1.5
91136,Champlan,3.2
91137,Champmotteux,1.9
91145,Chatignonville,2.2
91148,Chauffour-lès-Étréchy,2.4
91156,Cheptainville,1.4
91159,Chevannes,1.7
91161,Chilly-Mazarin,3.5
91174,Corbeil-Essonnes,2.0
91175,Corbreuse,1.9
91179,Le Coudray-Montceaux,3.3
91180,Courances,2.5
91184,Courdimanche-sur-Essonne,2.2
91186,Courson-Monteloup,2.3
91191,Crosne,2.4
91195,Dannemois,2.3
91198,D'Huison-Longueville,2.7
91200,Dourdan,2.0
91201,Draveil,2.3
91204,Écharcon,2.7
91207,Égly,2.5
91215,Épinay-sous-Sénart,2.7
91216,Épinay-sur-Orge,2.2
91223,Étampes,2.4
91225,Étiolles,4.3
91226,Étréchy,2.3
91228,Évry-Courcouronnes,3.0
91232,La Ferté-Alais,2.5
91235,Fleury-Mérogis,3.0
91240,Fontaine-la-Rivière,2.7
91243,Fontenay-lès-Briis,2.5
91244,Fontenay-le-Vicomte,2.1
91247,La Forêt-le-Roi,2.4
91248,La Forêt-Sainte-Croix,2.4
91249,Forges-les-Bains,2.3
91272,Gif-sur-Yvette,2.7
91273,Gironville-sur-Essonne,2.0
91274,Gometz-la-Ville,3.8
91275,Gometz-le-Châtel,3.8
91284,Les Granges-le-Roi,2.4
91286,Grigny,2.4
91292,Guibeville,2.0
91293,Guigneville-sur-Essonne,2.5
91294,Guillerval,3.0
91312,Igny,3.1
91315,Itteville,1.6
91318,Janville-sur-Juine,1.8
91319,Janvry,3.3
91326,Juvisy-sur-Orge,2.3
91330,Lardy,2.1
91332,Leudeville,2.0
91333,Leuville-sur-Orge,2.4
91338,Limours,2.6
91339,Linas,3.4
91340,Lisses,3.3
91345,Longjumeau,2.2
91347,Longpont-sur-Orge,2.3
91359,Maisse,2.2
91363,Marcoussis,1.7
91374,Marolles-en-Beauce,2.5
91376,Marolles-en-Hurepoix,2.1
91377,Massy,3.5
91378,Mauchamps,2.5
91386,Mennecy,2.6
91390,Le Mérévillois,2.3
91393,Mérobert,1.8
91399,Mespuits,2.0
91405,Milly-la-Forêt,2.1
91408,Moigny-sur-École,1.9
91411,Les Molières,2.7
91412,Mondeville,1.9
91414,Monnerville,3.8
91421,Montgeron,2.7
91425,Montlhéry,3.3
91432,Morangis,2.6
91433,Morigny-Champigny,2.3
91434,Morsang-sur-Orge,2.2
91435,Morsang-sur-Seine,1.5
91441,Nainville-les-Roches,2.1
91457,La Norville,1.6
91458,Nozay,2.6
91461,Ollainville,2.1
91463,Oncy-sur-École,1.6
91468,Ormoy,3.6
91469,Ormoy-la-Rivière,3.1
91471,Orsay,2.6
91473,Orveau,2.4
91477,Palaiseau,2.3
91479,Paray-Vieille-Poste,2.1
91482,Pecqueuse,2.5
91494,Le Plessis-Pâté,2.7
91495,Plessis-Saint-Benoist,1.7
91507,Prunay-sur-Essonne,2.3
91508,Puiselet-le-Marais,2.5
91511,Pussay,2.5
91514,Quincy-sous-Sénart,3.6
91519,Richarville,1.9
91521,Ris-Orangis,1.8
91525,Roinville,2.2
91526,Roinvilliers,2.5
91533,Saclas,2.7
91534,Saclay,3.5
91538,Saint-Aubin,3.6
91540,Saint-Chéron,2.4
91544,Saint-Cyr-la-Rivière,2.6
91546,Saint-Cyr-sous-Dourdan,3.0
91547,Saint-Escobille,1.4
91549,Sainte-Geneviève-des-Bois,2.5
91552,Saint-Germain-lès-Arpajon,2.3
91553,Saint-Germain-lès-Corbeil,4.1
91556,Saint-Hilaire,1.7
91560,Saint-Jean-de-Beauregard,4.7
91568,Saint-Maurice-Montcouronne,2.3
91570,Saint-Michel-sur-Orge,3.1
91573,Saint-Pierre-du-Perray,2.1
91577,Saintry-sur-Seine,1.4
91578,Saint-Sulpice-de-Favières,2.1
91579,Saint-Vrain,1.8
91581,Saint-Yon,2.2
91587,Saulx-les-Chartreux,3.0
91589,Savigny-sur-Orge,1.7
91593,Sermaise,2.2
91599,Soisy-sur-École,2.3
91600,Soisy-sur-Seine,2.9
91602,Souzy-la-Briche,2.2
91613,Congerville-Thionville,2.0
91617,Tigery,4.2
91619,Torfou,2.2
91629,Valpuiseaux,1.9
91630,Le Val-Saint-Germain,2.6
91631,Varennes-Jarcy,2.2
91634,Vaugrigneuse,2.2
91635,Vauhallan,2.5
91639,Vayres-sur-Essonne,2.9
91645,Verrières-le-Buisson,2.8
91648,Vert-le-Grand,2.2
91649,Vert-le-Petit,1.8
91654,Videlles,2.3
91657,Vigneux-sur-Seine,1.7
91659,Villabé,3.6
91661,Villebon-sur-Yvette,3.2
91662,Villeconin,2.4
91665,La Ville-du-Bois,2.7
91666,Villejust,3.6
91667,Villemoisson-sur-Orge,2.4
91671,Villeneuve-sur-Auvers,2.6
91679,Villiers-le-Bâcle,3.3
91685,Villiers-sur-Orge,2.5
91687,Viry-Châtillon,3.3
91689,Wissous,3.4
91691,Yerres,2.6
91692,Les Ulis,2.7
92002,Antony,2.5
92004,Asnières-sur-Seine,3.6
92007,Bagneux,3.9
92009,Bois-Colombes,3.8
92012,Boulogne-Billancourt,3.0
92014,Bourg-la-Reine,2.9
92019,Châtenay-Malabry,2.0
92020,Châtillon,3.9
92022,Chaville,3.5
92023,Clamart,2.4
92024,Clichy,4.1
92025,Colombes,2.6
92026,Courbevoie,3.8
92032,Fontenay-aux-Roses,3.1
92033,Garches,2.6
92035,La Garenne-Colombes,3.9
92036,Gennevilliers,3.8
92040,Issy-les-Moulineaux,3.0
92044,Levallois-Perret,4.4
92046,Malakoff,3.5
92047,Marnes-la-Coquette,3.1
92048,Meudon,2.4
92049,Montrouge,3.6
92050,Nanterre,2.8
92051,Neuilly-sur-Seine,3.7
92060,Le Plessis-Robinson,2.5
92062,Puteaux,3.1
92063,Rueil-Malmaison,2.7
92064,Saint-Cloud,2.2
92071,Sceaux,2.5
92072,Sèvres,1.8
92073,Suresnes,2.6
92075,Vanves,3.2
92076,Vaucresson,2.9
92077,Ville-d'Avray,3.1
92078,Villeneuve-la-Garenne,2.6
93001,Aubervilliers,4.1
93005,Aulnay-sous-Bois,2.7
93006,Bagnolet,3.2
93007,Le Blanc-Mesnil,2.5
93008,Bobigny,2.4
93010,Bondy,3.1
93013,Le Bourget,2.2
93014,Clichy-sous-Bois,3.0
93015,Coubron,2.3
93027,La Courneuve,3.1
93029,Drancy,2.9
93030,Dugny,3.0
93031,Épinay-sur-Seine,3.7
93032,Gagny,3.2
93033,Gournay-sur-Marne,2.8
93039,L'Île-Saint-Denis,3.6
93045,Les Lilas,3.5
93046,Livry-Gargan,3.2
93047,Montfermeil,3.0
93048,Montreuil,3.7
93049,Neuilly-Plaisance,3.9
93050,Neuilly-sur-Marne,3.1
93051,Noisy-le-Grand,3.1
93053,Noisy-le-Sec,3.5
93055,Pantin,3.9
93057,Les Pavillons-sous-Bois,3.2
93059,Pierrefitte-sur-Seine,4.1
93061,Le Pré-Saint-Gervais,4.1
93062,Le Raincy,3.1
93063,Romainville,3.7
93064,Rosny-sous-Bois,2.6
93066,Saint-Denis,3.8
93070,Saint-Ouen-sur-Seine,4.7
93071,Sevran,2.4
93072,Stains,3.5
93073,Tremblay-en-France,2.1
93074,Vaujours,2.4
93077,Villemomble,3.6
93078,Villepinte,2.1
93079,Villetaneuse,4.0
94001,Ablon-sur-Seine,3.9
94002,Alfortville,4.9
94003,Arcueil,3.1
94004,Boissy-Saint-Léger,3.7
94011,Bonneuil-sur-Marne,5.1
94015,Bry-sur-Marne,4.5
94016,Cachan,2.0
94017,Champigny-sur-Marne,4.9
94018,Charenton-le-Pont,3.5
94019,Chennevières-sur-Marne,5.4
94021,Chevilly-Larue,2.3
94022,Choisy-le-Roi,4.1
94028,Créteil,5.1
94033,Fontenay-sous-Bois,3.5
94034,Fresnes,3.4
94037,Gentilly,3.4
94038,L'Haÿ-les-Roses,1.9
94041,Ivry-sur-Seine,4.5
94042,Joinville-le-Pont,4.9
94043,Le Kremlin-Bicêtre,3.1
94044,Limeil-Brévannes,4.0
94046,Maisons-Alfort,4.5
94047,Mandres-les-Roses,3.3
94048,Marolles-en-Brie,2.2
94052,Nogent-sur-Marne,3.9
94053,Noiseau,3.9
94054,Orly,2.0
94055,Ormesson-sur-Marne,4.8
94056,Périgny,3.3
94058,Le Perreux-sur-Marne,4.1
94059,Le Plessis-Trévise,3.0
94060,La Queue-en-Brie,2.7
94065,Rungis,2.6
94067,Saint-Mandé,3.5
94068,Saint-Maur-des-Fossés,6.2
94069,Saint-Maurice,4.3
94070,Santeny,2.2
94071,Sucy-en-Brie,5.2
94073,Thiais,3.1
94074,Valenton,3.4
94075,Villecresnes,3.2
94076,Villejuif,2.1
94077,Villeneuve-le-Roi,3.2
94078,Villeneuve-Saint-Georges,3.5
94079,Villiers-sur-Marne,3.9
94080,Vincennes,3.6
94081,Vitry-sur-Seine,2.9
95002,Ableiges,2.9
95008,Aincourt,1.8
95011,Ambleville,1.9
95012,Amenucourt,2.2
95014,Andilly,2.6
95018,Argenteuil,1.7
95019,Arnouville,1.9
95023,Arronville,1.3
95024,Arthies,1.6
95026,Asnières-sur-Oise,2.5
95028,Attainville,4.2
95039,Auvers-sur-Oise,2.0
95040,Avernes,1.8
95042,Baillet-en-France,3.7
95046,Banthelu,1.3
95051,Beauchamp,3.3
95052,Beaumont-sur-Oise,2.3
95054,Le Bellay-en-Vexin,1.6
95055,Bellefontaine,2.3
95056,Belloy-en-France,3.1
95058,Bernes-sur-Oise,2.4
95059,Berville,1.1
95060,Bessancourt,3.6
95061,Béthemont-la-Forêt,3.7
95063,Bezons,2.1
95074,Boisemont,2.2
95078,Boissy-l'Aillerie,2.2
95088,Bonneuil-en-France,2.7
95091,Bouffémont,3.0
95094,Bouqueval,2.8
95101,Bray-et-Lû,1.8
95102,Bréançon,1.1
95110,Brignancourt,1.4
95116,Bruyères-sur-Oise,2.5
95119,Buhy,2.1
95120,Butry-sur-Oise,2.1
95127,Cergy,3.1
95134,Champagne-sur-Oise,2.3
95139,La Chapelle-en-Vexin,1.9
95141,Charmont,1.7
95142,Chars,1.3
95144,Châtenay-en-France,2.4
95149,Chaumontel,2.7
95150,Chaussy,1.5
95151,Chauvry,3.6
95154,Chennevières-lès-Louvres,2.3
95157,Chérence,1.6
95166,Cléry-en-Vexin,2.1
95169,Commeny,2.0
95170,Condécourt,2.4
95176,Cormeilles-en-Parisis,2.7
95177,Cormeilles-en-Vexin,1.4
95181,Courcelles-sur-Viosne,2.7
95183,Courdimanche,2.1
95197,Deuil-la-Barre,2.2
95199,Domont,1.9
95203,Eaubonne,2.3
95205,Écouen,1.8
95210,Enghien-les-Bains,1.9
95211,Ennery,2.0
95212,Épiais-lès-Louvres,2.8
95213,Épiais-Rhus,1.3
95214,Épinay-Champlâtreux,4.1
95218,Éragny,3.4
95219,Ermont,2.8
95229,Ézanville,1.5
95241,Fontenay-en-Parisis,3.7
95250,Fosses,1.9
95252,Franconville,2.5
95253,Frémainville,2.5
95254,Frémécourt,1.6
95256,Frépillon,4.2
95257,La Frette-sur-Seine,2.6
95258,Frouville,1.3
95268,Garges-lès-Gonesse,2.1
95270,Genainville,1.5
95271,Génicourt,2.0
95277,Gonesse,3.0
95280,Goussainville,1.7
95287,Grisy-les-Plâtres,1.4
95288,Groslay,2.7
95295,Guiry-en-Vexin,1.4
95298,Haravilliers,1.1
95301,Haute-Isle,1.1
95303,Le Heaulme,1.0
95304,Hédouville,1.5
95306,Herblay-sur-Seine,2.3
95308,Hérouville-en-Vexin,2.0
95309,Hodent,1.8
95313,L'Isle-Adam,2.4
95316,Jagny-sous-Bois,2.4
95323,Jouy-le-Moutier,2.2
95328,Labbeville,1.7
95331,Lassy,2.8
95341,Livilliers,2.1
95348,Longuesse,2.3
95351,Louvres,2.1
95352,Luzarches,2.8
95353,Maffliers,2.4
95355,Magny-en-Vexin,1.8
95365,Mareil-en-France,3.1
95369,Margency,2.7
95370,Marines,1.1
95371,Marly-la-Ville,2.3
95379,Maudétour-en-Vexin,1.2
95387,Menouville,1.2
95388,Menucourt,2.6
95392,Mériel,2.7
95394,Méry-sur-Oise,3.5
95395,Le Mesnil-Aubry,3.7
95409,Moisselles,3.9
95422,Montgeroult,2.7
95424,Montigny-lès-Cormeilles,4.3
95426,Montlignon,2.3
95427,Montmagny,2.3
95428,Montmorency,2.4
95429,Montreuil-sur-Epte,1.6
95430,Montsoult,2.4
95436,Mours,2.9
95438,Moussy,1.8
95445,Nerville-la-Forêt,2.9
95446,Nesles-la-Vallée,2.0
95447,Neuilly-en-Vexin,1.0
95450,Neuville-sur-Oise,3.0
95452,Nointel,2.1
95456,Noisy-sur-Oise,2.5
95459,Nucourt,2.2
95462,Omerville,1.6
95476,Osny,2.9
95480,Parmain,2.3
95483,Le Perchay,2.4
95487,Persan,2.6
95488,Pierrelaye,4.2
95489,Piscop,3.0
95491,Le Plessis-Bouchard,2.8
95492,Le Plessis-Gassot,3.4
95493,Le Plessis-Luzarches,2.8
95500,Pontoise,1.7
95504,Presles,2.4
95509,Puiseux-en-France,1.9
95510,Puiseux-Pontoise,3.2
95523,La Roche-Guyon,1.9
95527,Roissy-en-France,3.0
95529,Ronquerolles,2.2
95535,Sagy,2.8
95539,Saint-Brice-sous-Forêt,2.7
95541,Saint-Clair-sur-Epte,2.3
95543,Saint-Cyr-en-Arthies,1.7
95554,Saint-Gervais,1.9
95555,Saint-Gratien,2.5
95563,Saint-Leu-la-Forêt,2.2
95566,Saint-Martin-du-Tertre,1.5
95572,Saint-Ouen-l'Aumône,3.4
95574,Saint-Prix,3.2
95580,Saint-Witz,1.9
95582,Sannois,2.4
95584,Santeuil,1.9
95585,Sarcelles,2.3
95592,Seraincourt,2.5
95594,Seugy,2.4
95598,Soisy-sous-Montmorency,2.5
95604,Survilliers,2.4
95607,Taverny,2.3
95610,Théméricourt,2.4
95611,Theuville,1.1
95612,Le Thillay,2.7
95625,Us,2.0
95627,Vallangoujard,1.6
95628,Valmondois,1.5
95633,Vaudherland,3.2
95637,Vauréal,1.7
95641,Vémars,2.4
95651,Vétheuil,1.7
95652,Viarmes,2.7
95656,Vienne-en-Arthies,1.2
95658,Vigny,2.0
95660,Villaines-sous-Bois,3.8
95675,Villeron,1.9
95676,Villers-en-Arthies,1.5
95678,Villiers-Adam,3.8
95680,Villiers-le-Bel,2.0
95682,Villiers-le-Sec,4.6
95690,Wy-dit-Joli-Village,1.4
97101,Les Abymes,4.1
97102,Anse-Bertrand,1.5
97103,Baie-Mahault,4.8
97104,Baillif,3.9
97105,Basse-Terre,3.7
97106,Bouillante,2.2
97107,Capesterre-Belle-Eau,2.0
97108,Capesterre-de-Marie-Galante,2.6
97109,Gourbeyre,3.6
97110,La Désirade,0.0
97111,Deshaies,2.9
97112,Grand-Bourg,3.6
97113,Le Gosier,3.4
97114,Goyave,2.3
97115,Lamentin,3.7
97116,Morne-à-l'Eau,4.3
97117,Le Moule,3.5
97118,Petit-Bourg,2.7
97119,Petit-Canal,2.6
97120,Pointe-à-Pitre,4.9
97121,Pointe-Noire,2.8
97122,Port-Louis,1.8
97124,Saint-Claude,3.4
97125,Saint-François,3.7
97126,Saint-Louis,3.1
97128,Sainte-Anne,3.4
97129,Sainte-Rose,2.4
97130,Terre-de-Bas,1.0
97131,Terre-de-Haut,6.5
97132,Trois-Rivières,3.1
97133,Vieux-Fort,3.4
97134,Vieux-Habitants,3.2
97201,L'Ajoupa-Bouillon,2.5
97202,Les Anses-d'Arlet,2.5
97203,Basse-Pointe,1.6
97204,Le Carbet,3.2
97205,Case-Pilote,2.5
97206,Le Diamant,2.8
97207,Ducos,3.9
97208,Fonds-Saint-Denis,2.0
97209,Fort-de-France,4.7
97210,Le François,2.6
97211,Grand'Rivière,0.3
97212,Gros-Morne,2.8
97213,Le Lamentin,4.9
97214,Le Lorrain,2.5
97215,Macouba,1.0
97216,Le Marigot,3.0
97217,Le Marin,3.6
97218,Le Morne-Rouge,2.8
97219,Le Prêcheur,1.2
97220,Rivière-Pilote,3.7
97221,Rivière-Salée,4.1
97222,Le Robert,3.8
97223,Saint-Esprit,3.6
97224,Saint-Joseph,2.6
97225,Saint-Pierre,3.1
97226,Sainte-Anne,1.9
97227,Sainte-Luce,2.8
97228,Sainte-Marie,3.5
97229,Schœlcher,3.3
97230,La Trinité,3.3
97231,Les Trois-Îlets,2.8
97232,Le Vauclin,2.4
97233,Le Morne-Vert,1.8
97234,Bellefontaine,1.8
97301,Régina,0.0
97302,Cayenne,2.8
97303,Iracoubo,0.0
97304,Kourou,2.3
97305,Macouria,2.1
97306,Mana,1.5
97307,Matoury,2.2
97308,Saint-Georges,1.6
97309,Remire-Montjoly,2.8
97310,Roura,0.4
97311,Saint-Laurent-du-Maroni,1.6
97312,Sinnamary,2.4
97313,Montsinéry-Tonnegrande,0.7
97314,Ouanary,0.0
97352,Saül,0.0
97353,Maripasoula,0.0
97356,Camopi,0.0
97357,Grand-Santi,0.0
97358,Saint-Élie,0.0
97360,Apatou,0.5
97361,Awala-Yalimapo,1.0
97362,Papaichton,0.0
97401,Les Avirons,3.8
97402,Bras-Panon,4.7
97403,Entre-Deux,2.6
97404,L'Étang-Salé,3.6
97405,Petite-Île,4.2
97406,La Plaine-des-Palmistes,2.8
97407,Le Port,5.9
97408,La Possession,5.5
97409,Saint-André,4.6
97410,Saint-Benoît,3.7
97411,Saint-Denis,4.9
97412,Saint-Joseph,5.1
97413,Saint-Leu,5.3
97414,Saint-Louis,8.7
97415,Saint-Paul,6.9
97416,Saint-Pierre,6.4
97417,Saint-Philippe,6.6
97418,Sainte-Marie,4.8
97419,Sainte-Rose,3.7
97420,Sainte-Suzanne,3.8
97421,Salazie,3.4
97422,Le Tampon,5.5
97423,Les Trois-Bassins,5.0
97424,Cilaos,3.9
